2026-06-19T00:09:03.820-06:00  INFO 7799 --- [SpringApplicationShutdownHook] o.s.b.w.e.tomcat.GracefulShutdown        : Commencing graceful shutdown. Waiting for active requests to complete
2026-06-19T00:09:03.826-06:00  INFO 7799 --- [tomcat-shutdown] o.s.b.w.e.tomcat.GracefulShutdown        : Graceful shutdown complete
2026-06-19T00:09:03.827-06:00  INFO 7799 --- [SpringApplicationShutdownHook] o.s.m.s.b.SimpleBrokerMessageHandler     : Stopping...
2026-06-19T00:09:03.827-06:00  INFO 7799 --- [SpringApplicationShutdownHook] o.s.m.s.b.SimpleBrokerMessageHandler     : BrokerAvailabilityEvent[available=false, SimpleBrokerMessageHandler [org.springframework.messaging.simp.broker.DefaultSubscriptionRegistry@5a64c3dd]]
2026-06-19T00:09:03.827-06:00  INFO 7799 --- [SpringApplicationShutdownHook] o.s.m.s.b.SimpleBrokerMessageHandler     : Stopped.
2026-06-19T00:09:03.832-06:00  INFO 7799 --- [SpringApplicationShutdownHook] j.LocalContainerEntityManagerFactoryBean : Closing JPA EntityManagerFactory for persistence unit 'default'
2026-06-19T00:09:03.855-06:00  INFO 7799 --- [SpringApplicationShutdownHook] com.zaxxer.hikari.HikariDataSource       : HikariPool-3 - Shutdown initiated...
2026-06-19T00:09:04.017-06:00  INFO 7799 --- [SpringApplicationShutdownHook] com.zaxxer.hikari.HikariDataSource       : HikariPool-3 - Shutdown completed.
2026-06-19T00:09:11.655-06:00  INFO 8723 --- [main] c.a.w.WebAppAsistenciaApplicationTests   : Starting WebAppAsistenciaApplicationTests using Java 21.0.5 with PID 8723 (started by rcastro in /Users/rcastro/Documents/ProyectosSpring/WebAppAsistencia)
2026-06-19T00:09:11.656-06:00  INFO 8723 --- [main] c.a.w.WebAppAsistenciaApplicationTests   : No active profile set, falling back to 1 default profile: "default"
2026-06-19T00:09:12.238-06:00  INFO 8723 --- [main] .s.d.r.c.RepositoryConfigurationDelegate : Bootstrapping Spring Data JPA repositories in DEFAULT mode.
2026-06-19T00:09:12.364-06:00  INFO 8723 --- [main] .s.d.r.c.RepositoryConfigurationDelegate : Finished Spring Data repository scanning in 120 ms. Found 72 JPA repository interfaces.
2026-06-19T00:09:12.797-06:00  INFO 8723 --- [main] o.hibernate.jpa.internal.util.LogHelper  : HHH000204: Processing PersistenceUnitInfo [name: default]
2026-06-19T00:09:12.835-06:00  INFO 8723 --- [main] org.hibernate.Version                    : HHH000412: Hibernate ORM core version 6.6.22.Final
2026-06-19T00:09:12.855-06:00  INFO 8723 --- [main] o.h.c.internal.RegionFactoryInitiator    : HHH000026: Second-level cache disabled
2026-06-19T00:09:13.027-06:00  INFO 8723 --- [main] o.s.o.j.p.SpringPersistenceUnitInfo      : No LoadTimeWeaver setup: ignoring JPA class transformer
2026-06-19T00:09:13.046-06:00  INFO 8723 --- [main] com.zaxxer.hikari.HikariDataSource       : HikariPool-1 - Starting...
2026-06-19T00:09:14.220-06:00  INFO 8723 --- [main] com.zaxxer.hikari.pool.HikariPool        : HikariPool-1 - Added connection com.mysql.cj.jdbc.ConnectionImpl@3cacc87
2026-06-19T00:09:14.225-06:00  INFO 8723 --- [main] com.zaxxer.hikari.HikariDataSource       : HikariPool-1 - Start completed.
2026-06-19T00:09:14.366-06:00  WARN 8723 --- [main] org.hibernate.orm.deprecation            : HHH90000025: MySQL8Dialect does not need to be specified explicitly using 'hibernate.dialect' (remove the property setting and it will be selected by default)
2026-06-19T00:09:14.366-06:00  WARN 8723 --- [main] org.hibernate.orm.deprecation            : HHH90000026: MySQL8Dialect has been deprecated; use org.hibernate.dialect.MySQLDialect instead
2026-06-19T00:09:14.375-06:00  INFO 8723 --- [main] org.hibernate.orm.connections.pooling    : HHH10001005: Database info:
	Database JDBC URL [Connecting through datasource 'HikariDataSource (HikariPool-1)']
	Database driver: undefined/unknown
	Database version: 8.0
	Autocommit mode: undefined/unknown
	Isolation level: undefined/unknown
	Minimum pool size: undefined/unknown
	Maximum pool size: undefined/unknown
2026-06-19T00:09:14.892-06:00  WARN 8723 --- [main] org.hibernate.mapping.RootClass          : HHH000038: Composite-id class does not override equals(): com.asistencia_el_salvador.web_app_asistencia.model.UsuarioComercioPK
2026-06-19T00:09:14.895-06:00  WARN 8723 --- [main] org.hibernate.mapping.RootClass          : HHH000039: Composite-id class does not override hashCode(): com.asistencia_el_salvador.web_app_asistencia.model.UsuarioComercioPK
2026-06-19T00:09:16.362-06:00  INFO 8723 --- [main] o.h.e.t.j.p.i.JtaPlatformInitiator       : HHH000489: No JTA platform available (set 'hibernate.transaction.jta.platform' to enable JTA platform integration)
2026-06-19T00:09:16.365-06:00  INFO 8723 --- [main] j.LocalContainerEntityManagerFactoryBean : Initialized JPA EntityManagerFactory for persistence unit 'default'
2026-06-19T00:09:16.617-06:00  INFO 8723 --- [main] o.s.d.j.r.query.QueryEnhancerFactory     : Hibernate is in classpath; If applicable, HQL parser will be used.
2026-06-19T00:09:19.343-06:00  WARN 8723 --- [main] JpaBaseConfiguration$JpaWebConfiguration : spring.jpa.open-in-view is enabled by default. Therefore, database queries may be performed during view rendering. Explicitly configure spring.jpa.open-in-view to disable this warning
2026-06-19T00:09:19.460-06:00 DEBUG 8723 --- [main] s.w.s.m.m.a.RequestMappingHandlerMapping : 331 mappings in 'requestMappingHandlerMapping'
2026-06-19T00:09:19.509-06:00  WARN 8723 --- [main] .s.s.UserDetailsServiceAutoConfiguration : 

Using generated security password: 16158e24-a61d-4c62-b1c8-a87a46d5c9af

This generated password is for development use only. Your security configuration must be updated before running your application in production.

2026-06-19T00:09:19.513-06:00  INFO 8723 --- [main] r$InitializeUserDetailsManagerConfigurer : Global AuthenticationManager configured with UserDetailsService bean with name inMemoryUserDetailsManager
2026-06-19T00:09:19.656-06:00 DEBUG 8723 --- [main] s.w.s.m.m.a.RequestMappingHandlerAdapter : ControllerAdvice beans: 0 @ModelAttribute, 0 @InitBinder, 1 RequestBodyAdvice, 1 ResponseBodyAdvice
2026-06-19T00:09:19.678-06:00 DEBUG 8723 --- [main] .m.m.a.ExceptionHandlerExceptionResolver : ControllerAdvice beans: 0 @ExceptionHandler, 1 ResponseBodyAdvice
2026-06-19T00:09:19.777-06:00  INFO 8723 --- [main] .w.s.a.s.AnnotationActionEndpointMapping : Supporting [WS-Addressing August 2004, WS-Addressing 1.0]
2026-06-19T00:09:19.796-06:00  INFO 8723 --- [main] o.s.m.s.b.SimpleBrokerMessageHandler     : Starting...
2026-06-19T00:09:19.797-06:00  INFO 8723 --- [main] o.s.m.s.b.SimpleBrokerMessageHandler     : BrokerAvailabilityEvent[available=true, SimpleBrokerMessageHandler [org.springframework.messaging.simp.broker.DefaultSubscriptionRegistry@8843a10]]
2026-06-19T00:09:19.797-06:00  INFO 8723 --- [main] o.s.m.s.b.SimpleBrokerMessageHandler     : Started.
2026-06-19T00:09:19.802-06:00  INFO 8723 --- [main] c.a.w.WebAppAsistenciaApplicationTests   : Started WebAppAsistenciaApplicationTests in 8.347 seconds (process running for 8.859)
2026-06-19T00:09:20.139-06:00  INFO 8723 --- [SpringApplicationShutdownHook] o.s.m.s.b.SimpleBrokerMessageHandler     : Stopping...
2026-06-19T00:09:20.139-06:00  INFO 8723 --- [SpringApplicationShutdownHook] o.s.m.s.b.SimpleBrokerMessageHandler     : BrokerAvailabilityEvent[available=false, SimpleBrokerMessageHandler [org.springframework.messaging.simp.broker.DefaultSubscriptionRegistry@8843a10]]
2026-06-19T00:09:20.139-06:00  INFO 8723 --- [SpringApplicationShutdownHook] o.s.m.s.b.SimpleBrokerMessageHandler     : Stopped.
2026-06-19T00:09:20.148-06:00  INFO 8723 --- [SpringApplicationShutdownHook] j.LocalContainerEntityManagerFactoryBean : Closing JPA EntityManagerFactory for persistence unit 'default'
2026-06-19T00:09:20.149-06:00  INFO 8723 --- [SpringApplicationShutdownHook] com.zaxxer.hikari.HikariDataSource       : HikariPool-1 - Shutdown initiated...
2026-06-19T00:09:20.271-06:00  INFO 8723 --- [SpringApplicationShutdownHook] com.zaxxer.hikari.HikariDataSource       : HikariPool-1 - Shutdown completed.
2026-06-19T00:09:24.994-06:00  INFO 8861 --- [restartedMain] c.a.w.WebAppAsistenciaApplication        : Starting WebAppAsistenciaApplication using Java 21.0.5 with PID 8861 (/Users/rcastro/Documents/ProyectosSpring/WebAppAsistencia/target/classes started by rcastro in /Users/rcastro/Documents/ProyectosSpring/WebAppAsistencia)
2026-06-19T00:09:24.995-06:00  INFO 8861 --- [restartedMain] c.a.w.WebAppAsistenciaApplication        : No active profile set, falling back to 1 default profile: "default"
2026-06-19T00:09:25.015-06:00  INFO 8861 --- [restartedMain] .e.DevToolsPropertyDefaultsPostProcessor : Devtools property defaults active! Set 'spring.devtools.add-properties' to 'false' to disable
2026-06-19T00:09:25.015-06:00  INFO 8861 --- [restartedMain] .e.DevToolsPropertyDefaultsPostProcessor : For additional web related logging consider setting the 'logging.level.web' property to 'DEBUG'
2026-06-19T00:09:25.492-06:00  INFO 8861 --- [restartedMain] .s.d.r.c.RepositoryConfigurationDelegate : Bootstrapping Spring Data JPA repositories in DEFAULT mode.
2026-06-19T00:09:25.600-06:00  INFO 8861 --- [restartedMain] .s.d.r.c.RepositoryConfigurationDelegate : Finished Spring Data repository scanning in 103 ms. Found 72 JPA repository interfaces.
2026-06-19T00:09:26.073-06:00  INFO 8861 --- [restartedMain] o.s.b.w.embedded.tomcat.TomcatWebServer  : Tomcat initialized with port 8080 (http)
2026-06-19T00:09:26.083-06:00  INFO 8861 --- [restartedMain] o.apache.catalina.core.StandardService   : Starting service [Tomcat]
2026-06-19T00:09:26.083-06:00  INFO 8861 --- [restartedMain] o.apache.catalina.core.StandardEngine    : Starting Servlet engine: [Apache Tomcat/10.1.43]
2026-06-19T00:09:26.107-06:00  INFO 8861 --- [restartedMain] o.a.c.c.C.[Tomcat].[localhost].[/]       : Initializing Spring embedded WebApplicationContext
2026-06-19T00:09:26.107-06:00  INFO 8861 --- [restartedMain] w.s.c.ServletWebServerApplicationContext : Root WebApplicationContext: initialization completed in 1092 ms
2026-06-19T00:09:26.209-06:00  INFO 8861 --- [restartedMain] o.hibernate.jpa.internal.util.LogHelper  : HHH000204: Processing PersistenceUnitInfo [name: default]
2026-06-19T00:09:26.229-06:00  INFO 8861 --- [restartedMain] org.hibernate.Version                    : HHH000412: Hibernate ORM core version 6.6.22.Final
2026-06-19T00:09:26.242-06:00  INFO 8861 --- [restartedMain] o.h.c.internal.RegionFactoryInitiator    : HHH000026: Second-level cache disabled
2026-06-19T00:09:26.356-06:00  INFO 8861 --- [restartedMain] o.s.o.j.p.SpringPersistenceUnitInfo      : No LoadTimeWeaver setup: ignoring JPA class transformer
2026-06-19T00:09:26.370-06:00  INFO 8861 --- [restartedMain] com.zaxxer.hikari.HikariDataSource       : HikariPool-1 - Starting...
2026-06-19T00:09:27.612-06:00  INFO 8861 --- [restartedMain] com.zaxxer.hikari.pool.HikariPool        : HikariPool-1 - Added connection com.mysql.cj.jdbc.ConnectionImpl@686b0a32
2026-06-19T00:09:27.619-06:00  INFO 8861 --- [restartedMain] com.zaxxer.hikari.HikariDataSource       : HikariPool-1 - Start completed.
2026-06-19T00:09:27.742-06:00  WARN 8861 --- [restartedMain] org.hibernate.orm.deprecation            : HHH90000025: MySQL8Dialect does not need to be specified explicitly using 'hibernate.dialect' (remove the property setting and it will be selected by default)
2026-06-19T00:09:27.742-06:00  WARN 8861 --- [restartedMain] org.hibernate.orm.deprecation            : HHH90000026: MySQL8Dialect has been deprecated; use org.hibernate.dialect.MySQLDialect instead
2026-06-19T00:09:27.754-06:00  INFO 8861 --- [restartedMain] org.hibernate.orm.connections.pooling    : HHH10001005: Database info:
	Database JDBC URL [Connecting through datasource 'HikariDataSource (HikariPool-1)']
	Database driver: undefined/unknown
	Database version: 8.0
	Autocommit mode: undefined/unknown
	Isolation level: undefined/unknown
	Minimum pool size: undefined/unknown
	Maximum pool size: undefined/unknown
2026-06-19T00:09:28.083-06:00  WARN 8861 --- [restartedMain] org.hibernate.mapping.RootClass          : HHH000038: Composite-id class does not override equals(): com.asistencia_el_salvador.web_app_asistencia.model.UsuarioComercioPK
2026-06-19T00:09:28.083-06:00  WARN 8861 --- [restartedMain] org.hibernate.mapping.RootClass          : HHH000039: Composite-id class does not override hashCode(): com.asistencia_el_salvador.web_app_asistencia.model.UsuarioComercioPK
2026-06-19T00:09:28.662-06:00  INFO 8861 --- [restartedMain] o.h.e.t.j.p.i.JtaPlatformInitiator       : HHH000489: No JTA platform available (set 'hibernate.transaction.jta.platform' to enable JTA platform integration)
2026-06-19T00:09:28.664-06:00  INFO 8861 --- [restartedMain] j.LocalContainerEntityManagerFactoryBean : Initialized JPA EntityManagerFactory for persistence unit 'default'
2026-06-19T00:09:28.845-06:00  INFO 8861 --- [restartedMain] o.s.d.j.r.query.QueryEnhancerFactory     : Hibernate is in classpath; If applicable, HQL parser will be used.
2026-06-19T00:09:31.099-06:00  WARN 8861 --- [restartedMain] JpaBaseConfiguration$JpaWebConfiguration : spring.jpa.open-in-view is enabled by default. Therefore, database queries may be performed during view rendering. Explicitly configure spring.jpa.open-in-view to disable this warning
2026-06-19T00:09:31.249-06:00 DEBUG 8861 --- [restartedMain] s.w.s.m.m.a.RequestMappingHandlerMapping : 331 mappings in 'requestMappingHandlerMapping'
2026-06-19T00:09:31.285-06:00  WARN 8861 --- [restartedMain] .s.s.UserDetailsServiceAutoConfiguration : 

Using generated security password: 57639ae0-4cff-417b-8912-28cf70bd3713

This generated password is for development use only. Your security configuration must be updated before running your application in production.

2026-06-19T00:09:31.291-06:00  INFO 8861 --- [restartedMain] r$InitializeUserDetailsManagerConfigurer : Global AuthenticationManager configured with UserDetailsService bean with name inMemoryUserDetailsManager
2026-06-19T00:09:31.410-06:00 DEBUG 8861 --- [restartedMain] s.w.s.m.m.a.RequestMappingHandlerAdapter : ControllerAdvice beans: 0 @ModelAttribute, 0 @InitBinder, 1 RequestBodyAdvice, 1 ResponseBodyAdvice
2026-06-19T00:09:31.436-06:00 DEBUG 8861 --- [restartedMain] .m.m.a.ExceptionHandlerExceptionResolver : ControllerAdvice beans: 0 @ExceptionHandler, 1 ResponseBodyAdvice
2026-06-19T00:09:31.581-06:00  INFO 8861 --- [restartedMain] .w.s.a.s.AnnotationActionEndpointMapping : Supporting [WS-Addressing August 2004, WS-Addressing 1.0]
2026-06-19T00:09:31.603-06:00  INFO 8861 --- [restartedMain] o.s.b.d.a.OptionalLiveReloadServer       : LiveReload server is running on port 35729
2026-06-19T00:09:31.617-06:00  INFO 8861 --- [restartedMain] o.s.m.s.b.SimpleBrokerMessageHandler     : Starting...
2026-06-19T00:09:31.617-06:00  INFO 8861 --- [restartedMain] o.s.m.s.b.SimpleBrokerMessageHandler     : BrokerAvailabilityEvent[available=true, SimpleBrokerMessageHandler [org.springframework.messaging.simp.broker.DefaultSubscriptionRegistry@2342ccb9]]
2026-06-19T00:09:31.618-06:00  INFO 8861 --- [restartedMain] o.s.m.s.b.SimpleBrokerMessageHandler     : Started.
2026-06-19T00:09:31.628-06:00  INFO 8861 --- [restartedMain] o.s.b.w.embedded.tomcat.TomcatWebServer  : Tomcat started on port 8080 (http) with context path '/'
2026-06-19T00:09:31.634-06:00  INFO 8861 --- [restartedMain] c.a.w.WebAppAsistenciaApplication        : Started WebAppAsistenciaApplication in 6.859 seconds (process running for 7.107)
2026-06-19T00:09:37.037-06:00  INFO 8861 --- [http-nio-0.0.0.0-8080-exec-1] o.a.c.c.C.[Tomcat].[localhost].[/]       : Initializing Spring DispatcherServlet 'dispatcherServlet'
2026-06-19T00:09:37.038-06:00  INFO 8861 --- [http-nio-0.0.0.0-8080-exec-1] o.s.web.servlet.DispatcherServlet        : Initializing Servlet 'dispatcherServlet'
2026-06-19T00:09:37.042-06:00  INFO 8861 --- [http-nio-0.0.0.0-8080-exec-1] o.s.web.servlet.DispatcherServlet        : Completed initialization in 4 ms
2026-06-19T00:09:37.059-06:00 DEBUG 8861 --- [http-nio-0.0.0.0-8080-exec-1] s.w.s.m.m.a.RequestMappingHandlerMapping : Mapped to com.asistencia_el_salvador.web_app_asistencia.controller.UsuarioController#mostrarLogin(Model, HttpSession, String)
2026-06-19T00:09:41.292-06:00 DEBUG 8861 --- [http-nio-0.0.0.0-8080-exec-3] s.w.s.m.m.a.RequestMappingHandlerMapping : Mapped to com.asistencia_el_salvador.web_app_asistencia.controller.UsuarioController#login(String, String, HttpSession, String, HttpServletRequest, Model)
2026-06-19T00:09:42.859-06:00 DEBUG 8861 --- [http-nio-0.0.0.0-8080-exec-4] s.w.s.m.m.a.RequestMappingHandlerMapping : Mapped to com.asistencia_el_salvador.web_app_asistencia.controller.DashboardController#mostrarDashboard(HttpSession, Model)
2026-06-19T00:09:45.155-06:00 DEBUG 8861 --- [http-nio-0.0.0.0-8080-exec-7] s.w.s.m.m.a.RequestMappingHandlerMapping : Mapped to com.asistencia_el_salvador.web_app_asistencia.controller.ComercioAfiliadoController#mostrarComercios(HttpSession, Model)
2026-06-19T00:09:48.264-06:00 DEBUG 8861 --- [http-nio-0.0.0.0-8080-exec-10] s.w.s.m.m.a.RequestMappingHandlerMapping : Mapped to com.asistencia_el_salvador.web_app_asistencia.controller.EmpresaAfiliadaController#listarPromocionesCliente(String, Model, HttpSession)
2026-06-19T00:10:31.649-06:00  INFO 8861 --- [MessageBroker-1] o.s.w.s.c.WebSocketMessageBrokerStats    : WebSocketSession[0 current WS(0)-HttpStream(0)-HttpPoll(0), 0 total, 0 closed abnormally (0 connect failure, 0 send limit, 0 transport error)], stompSubProtocol[processed CONNECT(0)-CONNECTED(0)-DISCONNECT(0)], stompBrokerRelay[null], inboundChannel[pool size = 0, active threads = 0, queued tasks = 0, completed tasks = 0], outboundChannel[pool size = 0, active threads = 0, queued tasks = 0, completed tasks = 0], sockJsScheduler[pool size = 1, active threads = 1, queued tasks = 0, completed tasks = 0]
2026-06-19T00:12:17.856-06:00  INFO 8861 --- [SpringApplicationShutdownHook] o.s.b.w.e.tomcat.GracefulShutdown        : Commencing graceful shutdown. Waiting for active requests to complete
2026-06-19T00:12:17.863-06:00  INFO 8861 --- [tomcat-shutdown] o.s.b.w.e.tomcat.GracefulShutdown        : Graceful shutdown complete
2026-06-19T00:12:17.864-06:00  INFO 8861 --- [SpringApplicationShutdownHook] o.s.m.s.b.SimpleBrokerMessageHandler     : Stopping...
2026-06-19T00:12:17.865-06:00  INFO 8861 --- [SpringApplicationShutdownHook] o.s.m.s.b.SimpleBrokerMessageHandler     : BrokerAvailabilityEvent[available=false, SimpleBrokerMessageHandler [org.springframework.messaging.simp.broker.DefaultSubscriptionRegistry@2342ccb9]]
2026-06-19T00:12:17.865-06:00  INFO 8861 --- [SpringApplicationShutdownHook] o.s.m.s.b.SimpleBrokerMessageHandler     : Stopped.
2026-06-19T00:12:17.875-06:00  INFO 8861 --- [SpringApplicationShutdownHook] j.LocalContainerEntityManagerFactoryBean : Closing JPA EntityManagerFactory for persistence unit 'default'
2026-06-19T00:12:17.882-06:00  INFO 8861 --- [SpringApplicationShutdownHook] com.zaxxer.hikari.HikariDataSource       : HikariPool-1 - Shutdown initiated...
2026-06-19T00:12:17.995-06:00  INFO 8861 --- [SpringApplicationShutdownHook] com.zaxxer.hikari.HikariDataSource       : HikariPool-1 - Shutdown completed.
2026-06-19T00:12:23.559-06:00  INFO 9047 --- [main] c.a.w.WebAppAsistenciaApplicationTests   : Starting WebAppAsistenciaApplicationTests using Java 21.0.5 with PID 9047 (started by rcastro in /Users/rcastro/Documents/ProyectosSpring/WebAppAsistencia)
2026-06-19T00:12:23.560-06:00  INFO 9047 --- [main] c.a.w.WebAppAsistenciaApplicationTests   : No active profile set, falling back to 1 default profile: "default"
2026-06-19T00:12:23.962-06:00  INFO 9047 --- [main] .s.d.r.c.RepositoryConfigurationDelegate : Bootstrapping Spring Data JPA repositories in DEFAULT mode.
2026-06-19T00:12:24.042-06:00  INFO 9047 --- [main] .s.d.r.c.RepositoryConfigurationDelegate : Finished Spring Data repository scanning in 76 ms. Found 72 JPA repository interfaces.
2026-06-19T00:12:24.371-06:00  INFO 9047 --- [main] o.hibernate.jpa.internal.util.LogHelper  : HHH000204: Processing PersistenceUnitInfo [name: default]
2026-06-19T00:12:24.391-06:00  INFO 9047 --- [main] org.hibernate.Version                    : HHH000412: Hibernate ORM core version 6.6.22.Final
2026-06-19T00:12:24.405-06:00  INFO 9047 --- [main] o.h.c.internal.RegionFactoryInitiator    : HHH000026: Second-level cache disabled
2026-06-19T00:12:24.517-06:00  INFO 9047 --- [main] o.s.o.j.p.SpringPersistenceUnitInfo      : No LoadTimeWeaver setup: ignoring JPA class transformer
2026-06-19T00:12:24.529-06:00  INFO 9047 --- [main] com.zaxxer.hikari.HikariDataSource       : HikariPool-1 - Starting...
2026-06-19T00:12:25.716-06:00  INFO 9047 --- [main] com.zaxxer.hikari.pool.HikariPool        : HikariPool-1 - Added connection com.mysql.cj.jdbc.ConnectionImpl@29a1ec65
2026-06-19T00:12:25.719-06:00  INFO 9047 --- [main] com.zaxxer.hikari.HikariDataSource       : HikariPool-1 - Start completed.
2026-06-19T00:12:25.875-06:00  WARN 9047 --- [main] org.hibernate.orm.deprecation            : HHH90000025: MySQL8Dialect does not need to be specified explicitly using 'hibernate.dialect' (remove the property setting and it will be selected by default)
2026-06-19T00:12:25.876-06:00  WARN 9047 --- [main] org.hibernate.orm.deprecation            : HHH90000026: MySQL8Dialect has been deprecated; use org.hibernate.dialect.MySQLDialect instead
2026-06-19T00:12:25.884-06:00  INFO 9047 --- [main] org.hibernate.orm.connections.pooling    : HHH10001005: Database info:
	Database JDBC URL [Connecting through datasource 'HikariDataSource (HikariPool-1)']
	Database driver: undefined/unknown
	Database version: 8.0
	Autocommit mode: undefined/unknown
	Isolation level: undefined/unknown
	Minimum pool size: undefined/unknown
	Maximum pool size: undefined/unknown
2026-06-19T00:12:26.148-06:00  WARN 9047 --- [main] org.hibernate.mapping.RootClass          : HHH000038: Composite-id class does not override equals(): com.asistencia_el_salvador.web_app_asistencia.model.UsuarioComercioPK
2026-06-19T00:12:26.148-06:00  WARN 9047 --- [main] org.hibernate.mapping.RootClass          : HHH000039: Composite-id class does not override hashCode(): com.asistencia_el_salvador.web_app_asistencia.model.UsuarioComercioPK
2026-06-19T00:12:26.707-06:00  INFO 9047 --- [main] o.h.e.t.j.p.i.JtaPlatformInitiator       : HHH000489: No JTA platform available (set 'hibernate.transaction.jta.platform' to enable JTA platform integration)
2026-06-19T00:12:26.708-06:00  INFO 9047 --- [main] j.LocalContainerEntityManagerFactoryBean : Initialized JPA EntityManagerFactory for persistence unit 'default'
2026-06-19T00:12:26.833-06:00  INFO 9047 --- [main] o.s.d.j.r.query.QueryEnhancerFactory     : Hibernate is in classpath; If applicable, HQL parser will be used.
2026-06-19T00:12:27.669-06:00  WARN 9047 --- [main] o.s.w.c.s.GenericWebApplicationContext   : Exception encountered during context initialization - cancelling refresh attempt: org.springframework.beans.factory.UnsatisfiedDependencyException: Error creating bean with name 'asistenciaApiController' defined in file [/Users/rcastro/Documents/ProyectosSpring/WebAppAsistencia/target/classes/com/asistencia_el_salvador/web_app_asistencia/api/AsistenciaApiController.class]: Unsatisfied dependency expressed through constructor parameter 26: Error creating bean with name 'promocionService' defined in file [/Users/rcastro/Documents/ProyectosSpring/WebAppAsistencia/target/classes/com/asistencia_el_salvador/web_app_asistencia/service/PromocionService.class]: Unsatisfied dependency expressed through constructor parameter 0: Error creating bean with name 'promocionRepository' defined in com.asistencia_el_salvador.web_app_asistencia.repository.PromocionRepository defined in @EnableJpaRepositories declared on JpaRepositoriesRegistrar.EnableJpaRepositoriesConfiguration: Could not create query for public abstract java.util.List com.asistencia_el_salvador.web_app_asistencia.repository.PromocionRepository.findDTOByNitEmpresa(java.lang.String); Reason: Validation failed for query for method public abstract java.util.List com.asistencia_el_salvador.web_app_asistencia.repository.PromocionRepository.findDTOByNitEmpresa(java.lang.String)
2026-06-19T00:12:27.670-06:00  INFO 9047 --- [main] j.LocalContainerEntityManagerFactoryBean : Closing JPA EntityManagerFactory for persistence unit 'default'
2026-06-19T00:12:27.671-06:00  INFO 9047 --- [main] com.zaxxer.hikari.HikariDataSource       : HikariPool-1 - Shutdown initiated...
2026-06-19T00:12:28.526-06:00  INFO 9047 --- [main] com.zaxxer.hikari.HikariDataSource       : HikariPool-1 - Shutdown completed.
2026-06-19T00:12:28.554-06:00  INFO 9047 --- [main] .s.b.a.l.ConditionEvaluationReportLogger : 

Error starting ApplicationContext. To display the condition evaluation report re-run your application with 'debug' enabled.
2026-06-19T00:12:28.564-06:00 ERROR 9047 --- [main] o.s.boot.SpringApplication               : Application run failed

org.springframework.beans.factory.UnsatisfiedDependencyException: Error creating bean with name 'asistenciaApiController' defined in file [/Users/rcastro/Documents/ProyectosSpring/WebAppAsistencia/target/classes/com/asistencia_el_salvador/web_app_asistencia/api/AsistenciaApiController.class]: Unsatisfied dependency expressed through constructor parameter 26: Error creating bean with name 'promocionService' defined in file [/Users/rcastro/Documents/ProyectosSpring/WebAppAsistencia/target/classes/com/asistencia_el_salvador/web_app_asistencia/service/PromocionService.class]: Unsatisfied dependency expressed through constructor parameter 0: Error creating bean with name 'promocionRepository' defined in com.asistencia_el_salvador.web_app_asistencia.repository.PromocionRepository defined in @EnableJpaRepositories declared on JpaRepositoriesRegistrar.EnableJpaRepositoriesConfiguration: Could not create query for public abstract java.util.List com.asistencia_el_salvador.web_app_asistencia.repository.PromocionRepository.findDTOByNitEmpresa(java.lang.String); Reason: Validation failed for query for method public abstract java.util.List com.asistencia_el_salvador.web_app_asistencia.repository.PromocionRepository.findDTOByNitEmpresa(java.lang.String)
	at org.springframework.beans.factory.support.ConstructorResolver.createArgumentArray(ConstructorResolver.java:804) ~[spring-beans-6.2.9.jar:6.2.9]
	at org.springframework.beans.factory.support.ConstructorResolver.autowireConstructor(ConstructorResolver.java:240) ~[spring-beans-6.2.9.jar:6.2.9]
	at org.springframework.beans.factory.support.AbstractAutowireCapableBeanFactory.autowireConstructor(AbstractAutowireCapableBeanFactory.java:1395) ~[spring-beans-6.2.9.jar:6.2.9]
	at org.springframework.beans.factory.support.AbstractAutowireCapableBeanFactory.createBeanInstance(AbstractAutowireCapableBeanFactory.java:1232) ~[spring-beans-6.2.9.jar:6.2.9]
	at org.springframework.beans.factory.support.AbstractAutowireCapableBeanFactory.doCreateBean(AbstractAutowireCapableBeanFactory.java:569) ~[spring-beans-6.2.9.jar:6.2.9]
	at org.springframework.beans.factory.support.AbstractAutowireCapableBeanFactory.createBean(AbstractAutowireCapableBeanFactory.java:529) ~[spring-beans-6.2.9.jar:6.2.9]
	at org.springframework.beans.factory.support.AbstractBeanFactory.lambda$doGetBean$0(AbstractBeanFactory.java:339) ~[spring-beans-6.2.9.jar:6.2.9]
	at org.springframework.beans.factory.support.DefaultSingletonBeanRegistry.getSingleton(DefaultSingletonBeanRegistry.java:373) ~[spring-beans-6.2.9.jar:6.2.9]
	at org.springframework.beans.factory.support.AbstractBeanFactory.doGetBean(AbstractBeanFactory.java:337) ~[spring-beans-6.2.9.jar:6.2.9]
	at org.springframework.beans.factory.support.AbstractBeanFactory.getBean(AbstractBeanFactory.java:202) ~[spring-beans-6.2.9.jar:6.2.9]
	at org.springframework.beans.factory.support.DefaultListableBeanFactory.instantiateSingleton(DefaultListableBeanFactory.java:1222) ~[spring-beans-6.2.9.jar:6.2.9]
	at org.springframework.beans.factory.support.DefaultListableBeanFactory.preInstantiateSingleton(DefaultListableBeanFactory.java:1188) ~[spring-beans-6.2.9.jar:6.2.9]
	at org.springframework.beans.factory.support.DefaultListableBeanFactory.preInstantiateSingletons(DefaultListableBeanFactory.java:1123) ~[spring-beans-6.2.9.jar:6.2.9]
	at org.springframework.context.support.AbstractApplicationContext.finishBeanFactoryInitialization(AbstractApplicationContext.java:987) ~[spring-context-6.2.9.jar:6.2.9]
	at org.springframework.context.support.AbstractApplicationContext.refresh(AbstractApplicationContext.java:627) ~[spring-context-6.2.9.jar:6.2.9]
	at org.springframework.boot.SpringApplication.refresh(SpringApplication.java:752) ~[spring-boot-3.5.4.jar:3.5.4]
	at org.springframework.boot.SpringApplication.refreshContext(SpringApplication.java:439) ~[spring-boot-3.5.4.jar:3.5.4]
	at org.springframework.boot.SpringApplication.run(SpringApplication.java:318) ~[spring-boot-3.5.4.jar:3.5.4]
	at org.springframework.boot.test.context.SpringBootContextLoader.lambda$loadContext$3(SpringBootContextLoader.java:144) ~[spring-boot-test-3.5.4.jar:3.5.4]
	at org.springframework.util.function.ThrowingSupplier.get(ThrowingSupplier.java:58) ~[spring-core-6.2.9.jar:6.2.9]
	at org.springframework.util.function.ThrowingSupplier.get(ThrowingSupplier.java:46) ~[spring-core-6.2.9.jar:6.2.9]
	at org.springframework.boot.SpringApplication.withHook(SpringApplication.java:1461) ~[spring-boot-3.5.4.jar:3.5.4]
	at org.springframework.boot.test.context.SpringBootContextLoader$ContextLoaderHook.run(SpringBootContextLoader.java:563) ~[spring-boot-test-3.5.4.jar:3.5.4]
	at org.springframework.boot.test.context.SpringBootContextLoader.loadContext(SpringBootContextLoader.java:144) ~[spring-boot-test-3.5.4.jar:3.5.4]
	at org.springframework.boot.test.context.SpringBootContextLoader.loadContext(SpringBootContextLoader.java:110) ~[spring-boot-test-3.5.4.jar:3.5.4]
	at org.springframework.test.context.cache.DefaultCacheAwareContextLoaderDelegate.loadContextInternal(DefaultCacheAwareContextLoaderDelegate.java:225) ~[spring-test-6.2.9.jar:6.2.9]
	at org.springframework.test.context.cache.DefaultCacheAwareContextLoaderDelegate.loadContext(DefaultCacheAwareContextLoaderDelegate.java:152) ~[spring-test-6.2.9.jar:6.2.9]
	at org.springframework.test.context.support.DefaultTestContext.getApplicationContext(DefaultTestContext.java:130) ~[spring-test-6.2.9.jar:6.2.9]
	at org.springframework.test.context.web.ServletTestExecutionListener.setUpRequestContextIfNecessary(ServletTestExecutionListener.java:200) ~[spring-test-6.2.9.jar:6.2.9]
	at org.springframework.test.context.web.ServletTestExecutionListener.prepareTestInstance(ServletTestExecutionListener.java:139) ~[spring-test-6.2.9.jar:6.2.9]
	at org.springframework.test.context.TestContextManager.prepareTestInstance(TestContextManager.java:260) ~[spring-test-6.2.9.jar:6.2.9]
	at org.springframework.test.context.junit.jupiter.SpringExtension.postProcessTestInstance(SpringExtension.java:159) ~[spring-test-6.2.9.jar:6.2.9]
	at org.junit.jupiter.engine.descriptor.ClassBasedTestDescriptor.lambda$invokeTestInstancePostProcessors$10(ClassBasedTestDescriptor.java:383) ~[junit-jupiter-engine-5.12.2.jar:5.12.2]
	at org.junit.jupiter.engine.descriptor.ClassBasedTestDescriptor.executeAndMaskThrowable(ClassBasedTestDescriptor.java:388) ~[junit-jupiter-engine-5.12.2.jar:5.12.2]
	at org.junit.jupiter.engine.descriptor.ClassBasedTestDescriptor.lambda$invokeTestInstancePostProcessors$11(ClassBasedTestDescriptor.java:382) ~[junit-jupiter-engine-5.12.2.jar:5.12.2]
	at java.base/java.util.stream.ForEachOps$ForEachOp$OfRef.accept(ForEachOps.java:184) ~[na:na]
	at java.base/java.util.stream.ReferencePipeline$3$1.accept(ReferencePipeline.java:197) ~[na:na]
	at java.base/java.util.stream.ReferencePipeline$2$1.accept(ReferencePipeline.java:179) ~[na:na]
	at java.base/java.util.stream.ReferencePipeline$3$1.accept(ReferencePipeline.java:197) ~[na:na]
	at java.base/java.util.ArrayList$ArrayListSpliterator.forEachRemaining(ArrayList.java:1708) ~[na:na]
	at java.base/java.util.stream.AbstractPipeline.copyInto(AbstractPipeline.java:509) ~[na:na]
	at java.base/java.util.stream.AbstractPipeline.wrapAndCopyInto(AbstractPipeline.java:499) ~[na:na]
	at java.base/java.util.stream.ForEachOps$ForEachOp.evaluateSequential(ForEachOps.java:151) ~[na:na]
	at java.base/java.util.stream.ForEachOps$ForEachOp$OfRef.evaluateSequential(ForEachOps.java:174) ~[na:na]
	at java.base/java.util.stream.AbstractPipeline.evaluate(AbstractPipeline.java:234) ~[na:na]
	at java.base/java.util.stream.ReferencePipeline.forEach(ReferencePipeline.java:596) ~[na:na]
	at org.junit.jupiter.engine.descriptor.ClassBasedTestDescriptor.invokeTestInstancePostProcessors(ClassBasedTestDescriptor.java:382) ~[junit-jupiter-engine-5.12.2.jar:5.12.2]
	at org.junit.jupiter.engine.descriptor.ClassBasedTestDescriptor.lambda$instantiateAndPostProcessTestInstance$6(ClassBasedTestDescriptor.java:293) ~[junit-jupiter-engine-5.12.2.jar:5.12.2]
	at org.junit.platform.engine.support.hierarchical.ThrowableCollector.execute(ThrowableCollector.java:73) ~[junit-platform-engine-1.12.2.jar:1.12.2]
	at org.junit.jupiter.engine.descriptor.ClassBasedTestDescriptor.instantiateAndPostProcessTestInstance(ClassBasedTestDescriptor.java:292) ~[junit-jupiter-engine-5.12.2.jar:5.12.2]
	at org.junit.jupiter.engine.descriptor.ClassBasedTestDescriptor.lambda$testInstancesProvider$4(ClassBasedTestDescriptor.java:281) ~[junit-jupiter-engine-5.12.2.jar:5.12.2]
	at java.base/java.util.Optional.orElseGet(Optional.java:364) ~[na:na]
	at org.junit.jupiter.engine.descriptor.ClassBasedTestDescriptor.lambda$testInstancesProvider$5(ClassBasedTestDescriptor.java:280) ~[junit-jupiter-engine-5.12.2.jar:5.12.2]
	at org.junit.jupiter.engine.execution.TestInstancesProvider.getTestInstances(TestInstancesProvider.java:27) ~[junit-jupiter-engine-5.12.2.jar:5.12.2]
	at org.junit.jupiter.engine.descriptor.TestMethodTestDescriptor.lambda$prepare$0(TestMethodTestDescriptor.java:112) ~[junit-jupiter-engine-5.12.2.jar:5.12.2]
	at org.junit.platform.engine.support.hierarchical.ThrowableCollector.execute(ThrowableCollector.java:73) ~[junit-platform-engine-1.12.2.jar:1.12.2]
	at org.junit.jupiter.engine.descriptor.TestMethodTestDescriptor.prepare(TestMethodTestDescriptor.java:111) ~[junit-jupiter-engine-5.12.2.jar:5.12.2]
	at org.junit.jupiter.engine.descriptor.TestMethodTestDescriptor.prepare(TestMethodTestDescriptor.java:69) ~[junit-jupiter-engine-5.12.2.jar:5.12.2]
	at org.junit.platform.engine.support.hierarchical.NodeTestTask.lambda$prepare$2(NodeTestTask.java:128) ~[junit-platform-engine-1.12.2.jar:1.12.2]
	at org.junit.platform.engine.support.hierarchical.ThrowableCollector.execute(ThrowableCollector.java:73) ~[junit-platform-engine-1.12.2.jar:1.12.2]
	at org.junit.platform.engine.support.hierarchical.NodeTestTask.prepare(NodeTestTask.java:128) ~[junit-platform-engine-1.12.2.jar:1.12.2]
	at org.junit.platform.engine.support.hierarchical.NodeTestTask.execute(NodeTestTask.java:95) ~[junit-platform-engine-1.12.2.jar:1.12.2]
	at java.base/java.util.ArrayList.forEach(ArrayList.java:1596) ~[na:na]
	at org.junit.platform.engine.support.hierarchical.SameThreadHierarchicalTestExecutorService.invokeAll(SameThreadHierarchicalTestExecutorService.java:41) ~[junit-platform-engine-1.12.2.jar:1.12.2]
	at org.junit.platform.engine.support.hierarchical.NodeTestTask.lambda$executeRecursively$6(NodeTestTask.java:160) ~[junit-platform-engine-1.12.2.jar:1.12.2]
	at org.junit.platform.engine.support.hierarchical.ThrowableCollector.execute(ThrowableCollector.java:73) ~[junit-platform-engine-1.12.2.jar:1.12.2]
	at org.junit.platform.engine.support.hierarchical.NodeTestTask.lambda$executeRecursively$8(NodeTestTask.java:146) ~[junit-platform-engine-1.12.2.jar:1.12.2]
	at org.junit.platform.engine.support.hierarchical.Node.around(Node.java:137) ~[junit-platform-engine-1.12.2.jar:1.12.2]
	at org.junit.platform.engine.support.hierarchical.NodeTestTask.lambda$executeRecursively$9(NodeTestTask.java:144) ~[junit-platform-engine-1.12.2.jar:1.12.2]
	at org.junit.platform.engine.support.hierarchical.ThrowableCollector.execute(ThrowableCollector.java:73) ~[junit-platform-engine-1.12.2.jar:1.12.2]
	at org.junit.platform.engine.support.hierarchical.NodeTestTask.executeRecursively(NodeTestTask.java:143) ~[junit-platform-engine-1.12.2.jar:1.12.2]
	at org.junit.platform.engine.support.hierarchical.NodeTestTask.execute(NodeTestTask.java:100) ~[junit-platform-engine-1.12.2.jar:1.12.2]
	at java.base/java.util.ArrayList.forEach(ArrayList.java:1596) ~[na:na]
	at org.junit.platform.engine.support.hierarchical.SameThreadHierarchicalTestExecutorService.invokeAll(SameThreadHierarchicalTestExecutorService.java:41) ~[junit-platform-engine-1.12.2.jar:1.12.2]
	at org.junit.platform.engine.support.hierarchical.NodeTestTask.lambda$executeRecursively$6(NodeTestTask.java:160) ~[junit-platform-engine-1.12.2.jar:1.12.2]
	at org.junit.platform.engine.support.hierarchical.ThrowableCollector.execute(ThrowableCollector.java:73) ~[junit-platform-engine-1.12.2.jar:1.12.2]
	at org.junit.platform.engine.support.hierarchical.NodeTestTask.lambda$executeRecursively$8(NodeTestTask.java:146) ~[junit-platform-engine-1.12.2.jar:1.12.2]
	at org.junit.platform.engine.support.hierarchical.Node.around(Node.java:137) ~[junit-platform-engine-1.12.2.jar:1.12.2]
	at org.junit.platform.engine.support.hierarchical.NodeTestTask.lambda$executeRecursively$9(NodeTestTask.java:144) ~[junit-platform-engine-1.12.2.jar:1.12.2]
	at org.junit.platform.engine.support.hierarchical.ThrowableCollector.execute(ThrowableCollector.java:73) ~[junit-platform-engine-1.12.2.jar:1.12.2]
	at org.junit.platform.engine.support.hierarchical.NodeTestTask.executeRecursively(NodeTestTask.java:143) ~[junit-platform-engine-1.12.2.jar:1.12.2]
	at org.junit.platform.engine.support.hierarchical.NodeTestTask.execute(NodeTestTask.java:100) ~[junit-platform-engine-1.12.2.jar:1.12.2]
	at org.junit.platform.engine.support.hierarchical.SameThreadHierarchicalTestExecutorService.submit(SameThreadHierarchicalTestExecutorService.java:35) ~[junit-platform-engine-1.12.2.jar:1.12.2]
	at org.junit.platform.engine.support.hierarchical.HierarchicalTestExecutor.execute(HierarchicalTestExecutor.java:57) ~[junit-platform-engine-1.12.2.jar:1.12.2]
	at org.junit.platform.engine.support.hierarchical.HierarchicalTestEngine.execute(HierarchicalTestEngine.java:54) ~[junit-platform-engine-1.12.2.jar:1.12.2]
	at org.junit.platform.launcher.core.EngineExecutionOrchestrator.execute(EngineExecutionOrchestrator.java:201) ~[junit-platform-launcher-1.12.2.jar:1.12.2]
	at org.junit.platform.launcher.core.EngineExecutionOrchestrator.execute(EngineExecutionOrchestrator.java:170) ~[junit-platform-launcher-1.12.2.jar:1.12.2]
	at org.junit.platform.launcher.core.EngineExecutionOrchestrator.execute(EngineExecutionOrchestrator.java:94) ~[junit-platform-launcher-1.12.2.jar:1.12.2]
	at org.junit.platform.launcher.core.EngineExecutionOrchestrator.lambda$execute$0(EngineExecutionOrchestrator.java:59) ~[junit-platform-launcher-1.12.2.jar:1.12.2]
	at org.junit.platform.launcher.core.EngineExecutionOrchestrator.withInterceptedStreams(EngineExecutionOrchestrator.java:142) ~[junit-platform-launcher-1.12.2.jar:1.12.2]
	at org.junit.platform.launcher.core.EngineExecutionOrchestrator.execute(EngineExecutionOrchestrator.java:58) ~[junit-platform-launcher-1.12.2.jar:1.12.2]
	at org.junit.platform.launcher.core.DefaultLauncher.execute(DefaultLauncher.java:103) ~[junit-platform-launcher-1.12.2.jar:1.12.2]
	at org.junit.platform.launcher.core.DefaultLauncher.execute(DefaultLauncher.java:85) ~[junit-platform-launcher-1.12.2.jar:1.12.2]
	at org.junit.platform.launcher.core.DelegatingLauncher.execute(DelegatingLauncher.java:47) ~[junit-platform-launcher-1.12.2.jar:1.12.2]
	at org.junit.platform.launcher.core.InterceptingLauncher.lambda$execute$1(InterceptingLauncher.java:39) ~[junit-platform-launcher-1.12.2.jar:1.12.2]
	at org.junit.platform.launcher.core.ClasspathAlignmentCheckingLauncherInterceptor.intercept(ClasspathAlignmentCheckingLauncherInterceptor.java:25) ~[junit-platform-launcher-1.12.2.jar:1.12.2]
	at org.junit.platform.launcher.core.InterceptingLauncher.execute(InterceptingLauncher.java:38) ~[junit-platform-launcher-1.12.2.jar:1.12.2]
	at org.junit.platform.launcher.core.DelegatingLauncher.execute(DelegatingLauncher.java:47) ~[junit-platform-launcher-1.12.2.jar:1.12.2]
	at org.apache.maven.surefire.junitplatform.LazyLauncher.execute(LazyLauncher.java:56) ~[surefire-junit-platform-3.5.3.jar:3.5.3]
	at org.apache.maven.surefire.junitplatform.JUnitPlatformProvider.execute(JUnitPlatformProvider.java:194) ~[surefire-junit-platform-3.5.3.jar:3.5.3]
	at org.apache.maven.surefire.junitplatform.JUnitPlatformProvider.invokeAllTests(JUnitPlatformProvider.java:150) ~[surefire-junit-platform-3.5.3.jar:3.5.3]
	at org.apache.maven.surefire.junitplatform.JUnitPlatformProvider.invoke(JUnitPlatformProvider.java:124) ~[surefire-junit-platform-3.5.3.jar:3.5.3]
	at org.apache.maven.surefire.booter.ForkedBooter.runSuitesInProcess(ForkedBooter.java:385) ~[surefire-booter-3.5.3.jar:3.5.3]
	at org.apache.maven.surefire.booter.ForkedBooter.execute(ForkedBooter.java:162) ~[surefire-booter-3.5.3.jar:3.5.3]
	at org.apache.maven.surefire.booter.ForkedBooter.run(ForkedBooter.java:507) ~[surefire-booter-3.5.3.jar:3.5.3]
	at org.apache.maven.surefire.booter.ForkedBooter.main(ForkedBooter.java:495) ~[surefire-booter-3.5.3.jar:3.5.3]
Caused by: org.springframework.beans.factory.UnsatisfiedDependencyException: Error creating bean with name 'promocionService' defined in file [/Users/rcastro/Documents/ProyectosSpring/WebAppAsistencia/target/classes/com/asistencia_el_salvador/web_app_asistencia/service/PromocionService.class]: Unsatisfied dependency expressed through constructor parameter 0: Error creating bean with name 'promocionRepository' defined in com.asistencia_el_salvador.web_app_asistencia.repository.PromocionRepository defined in @EnableJpaRepositories declared on JpaRepositoriesRegistrar.EnableJpaRepositoriesConfiguration: Could not create query for public abstract java.util.List com.asistencia_el_salvador.web_app_asistencia.repository.PromocionRepository.findDTOByNitEmpresa(java.lang.String); Reason: Validation failed for query for method public abstract java.util.List com.asistencia_el_salvador.web_app_asistencia.repository.PromocionRepository.findDTOByNitEmpresa(java.lang.String)
	at org.springframework.beans.factory.support.ConstructorResolver.createArgumentArray(ConstructorResolver.java:804) ~[spring-beans-6.2.9.jar:6.2.9]
	at org.springframework.beans.factory.support.ConstructorResolver.autowireConstructor(ConstructorResolver.java:240) ~[spring-beans-6.2.9.jar:6.2.9]
	at org.springframework.beans.factory.support.AbstractAutowireCapableBeanFactory.autowireConstructor(AbstractAutowireCapableBeanFactory.java:1395) ~[spring-beans-6.2.9.jar:6.2.9]
	at org.springframework.beans.factory.support.AbstractAutowireCapableBeanFactory.createBeanInstance(AbstractAutowireCapableBeanFactory.java:1232) ~[spring-beans-6.2.9.jar:6.2.9]
	at org.springframework.beans.factory.support.AbstractAutowireCapableBeanFactory.doCreateBean(AbstractAutowireCapableBeanFactory.java:569) ~[spring-beans-6.2.9.jar:6.2.9]
	at org.springframework.beans.factory.support.AbstractAutowireCapableBeanFactory.createBean(AbstractAutowireCapableBeanFactory.java:529) ~[spring-beans-6.2.9.jar:6.2.9]
	at org.springframework.beans.factory.support.AbstractBeanFactory.lambda$doGetBean$0(AbstractBeanFactory.java:339) ~[spring-beans-6.2.9.jar:6.2.9]
	at org.springframework.beans.factory.support.DefaultSingletonBeanRegistry.getSingleton(DefaultSingletonBeanRegistry.java:373) ~[spring-beans-6.2.9.jar:6.2.9]
	at org.springframework.beans.factory.support.AbstractBeanFactory.doGetBean(AbstractBeanFactory.java:337) ~[spring-beans-6.2.9.jar:6.2.9]
	at org.springframework.beans.factory.support.AbstractBeanFactory.getBean(AbstractBeanFactory.java:202) ~[spring-beans-6.2.9.jar:6.2.9]
	at org.springframework.beans.factory.support.DefaultListableBeanFactory.doResolveDependency(DefaultListableBeanFactory.java:1683) ~[spring-beans-6.2.9.jar:6.2.9]
	at org.springframework.beans.factory.support.DefaultListableBeanFactory.resolveDependency(DefaultListableBeanFactory.java:1628) ~[spring-beans-6.2.9.jar:6.2.9]
	at org.springframework.beans.factory.support.ConstructorResolver.resolveAutowiredArgument(ConstructorResolver.java:913) ~[spring-beans-6.2.9.jar:6.2.9]
	at org.springframework.beans.factory.support.ConstructorResolver.createArgumentArray(ConstructorResolver.java:791) ~[spring-beans-6.2.9.jar:6.2.9]
	... 105 common frames omitted
Caused by: org.springframework.beans.factory.BeanCreationException: Error creating bean with name 'promocionRepository' defined in com.asistencia_el_salvador.web_app_asistencia.repository.PromocionRepository defined in @EnableJpaRepositories declared on JpaRepositoriesRegistrar.EnableJpaRepositoriesConfiguration: Could not create query for public abstract java.util.List com.asistencia_el_salvador.web_app_asistencia.repository.PromocionRepository.findDTOByNitEmpresa(java.lang.String); Reason: Validation failed for query for method public abstract java.util.List com.asistencia_el_salvador.web_app_asistencia.repository.PromocionRepository.findDTOByNitEmpresa(java.lang.String)
	at org.springframework.beans.factory.support.AbstractAutowireCapableBeanFactory.initializeBean(AbstractAutowireCapableBeanFactory.java:1826) ~[spring-beans-6.2.9.jar:6.2.9]
	at org.springframework.beans.factory.support.AbstractAutowireCapableBeanFactory.doCreateBean(AbstractAutowireCapableBeanFactory.java:607) ~[spring-beans-6.2.9.jar:6.2.9]
	at org.springframework.beans.factory.support.AbstractAutowireCapableBeanFactory.createBean(AbstractAutowireCapableBeanFactory.java:529) ~[spring-beans-6.2.9.jar:6.2.9]
	at org.springframework.beans.factory.support.AbstractBeanFactory.lambda$doGetBean$0(AbstractBeanFactory.java:339) ~[spring-beans-6.2.9.jar:6.2.9]
	at org.springframework.beans.factory.support.DefaultSingletonBeanRegistry.getSingleton(DefaultSingletonBeanRegistry.java:373) ~[spring-beans-6.2.9.jar:6.2.9]
	at org.springframework.beans.factory.support.AbstractBeanFactory.doGetBean(AbstractBeanFactory.java:337) ~[spring-beans-6.2.9.jar:6.2.9]
	at org.springframework.beans.factory.support.AbstractBeanFactory.getBean(AbstractBeanFactory.java:202) ~[spring-beans-6.2.9.jar:6.2.9]
	at org.springframework.beans.factory.support.DefaultListableBeanFactory.doResolveDependency(DefaultListableBeanFactory.java:1683) ~[spring-beans-6.2.9.jar:6.2.9]
	at org.springframework.beans.factory.support.DefaultListableBeanFactory.resolveDependency(DefaultListableBeanFactory.java:1628) ~[spring-beans-6.2.9.jar:6.2.9]
	at org.springframework.beans.factory.support.ConstructorResolver.resolveAutowiredArgument(ConstructorResolver.java:913) ~[spring-beans-6.2.9.jar:6.2.9]
	at org.springframework.beans.factory.support.ConstructorResolver.createArgumentArray(ConstructorResolver.java:791) ~[spring-beans-6.2.9.jar:6.2.9]
	... 118 common frames omitted
Caused by: org.springframework.data.repository.query.QueryCreationException: Could not create query for public abstract java.util.List com.asistencia_el_salvador.web_app_asistencia.repository.PromocionRepository.findDTOByNitEmpresa(java.lang.String); Reason: Validation failed for query for method public abstract java.util.List com.asistencia_el_salvador.web_app_asistencia.repository.PromocionRepository.findDTOByNitEmpresa(java.lang.String)
	at org.springframework.data.repository.query.QueryCreationException.create(QueryCreationException.java:101) ~[spring-data-commons-3.5.2.jar:3.5.2]
	at org.springframework.data.repository.core.support.QueryExecutorMethodInterceptor.lookupQuery(QueryExecutorMethodInterceptor.java:120) ~[spring-data-commons-3.5.2.jar:3.5.2]
	at org.springframework.data.repository.core.support.QueryExecutorMethodInterceptor.mapMethodsToQuery(QueryExecutorMethodInterceptor.java:104) ~[spring-data-commons-3.5.2.jar:3.5.2]
	at org.springframework.data.repository.core.support.QueryExecutorMethodInterceptor.lambda$new$0(QueryExecutorMethodInterceptor.java:92) ~[spring-data-commons-3.5.2.jar:3.5.2]
	at java.base/java.util.Optional.map(Optional.java:260) ~[na:na]
	at org.springframework.data.repository.core.support.QueryExecutorMethodInterceptor.<init>(QueryExecutorMethodInterceptor.java:92) ~[spring-data-commons-3.5.2.jar:3.5.2]
	at org.springframework.data.repository.core.support.RepositoryFactorySupport.getRepository(RepositoryFactorySupport.java:434) ~[spring-data-commons-3.5.2.jar:3.5.2]
	at org.springframework.data.repository.core.support.RepositoryFactoryBeanSupport.lambda$afterPropertiesSet$4(RepositoryFactoryBeanSupport.java:350) ~[spring-data-commons-3.5.2.jar:3.5.2]
	at org.springframework.data.util.Lazy.getNullable(Lazy.java:135) ~[spring-data-commons-3.5.2.jar:3.5.2]
	at org.springframework.data.util.Lazy.get(Lazy.java:113) ~[spring-data-commons-3.5.2.jar:3.5.2]
	at org.springframework.data.repository.core.support.RepositoryFactoryBeanSupport.afterPropertiesSet(RepositoryFactoryBeanSupport.java:356) ~[spring-data-commons-3.5.2.jar:3.5.2]
	at org.springframework.data.jpa.repository.support.JpaRepositoryFactoryBean.afterPropertiesSet(JpaRepositoryFactoryBean.java:132) ~[spring-data-jpa-3.5.2.jar:3.5.2]
	at org.springframework.beans.factory.support.AbstractAutowireCapableBeanFactory.invokeInitMethods(AbstractAutowireCapableBeanFactory.java:1873) ~[spring-beans-6.2.9.jar:6.2.9]
	at org.springframework.beans.factory.support.AbstractAutowireCapableBeanFactory.initializeBean(AbstractAutowireCapableBeanFactory.java:1822) ~[spring-beans-6.2.9.jar:6.2.9]
	... 128 common frames omitted
Caused by: java.lang.IllegalArgumentException: Validation failed for query for method public abstract java.util.List com.asistencia_el_salvador.web_app_asistencia.repository.PromocionRepository.findDTOByNitEmpresa(java.lang.String)
	at org.springframework.data.jpa.repository.query.SimpleJpaQuery.validateQuery(SimpleJpaQuery.java:97) ~[spring-data-jpa-3.5.2.jar:3.5.2]
	at org.springframework.data.jpa.repository.query.SimpleJpaQuery.<init>(SimpleJpaQuery.java:67) ~[spring-data-jpa-3.5.2.jar:3.5.2]
	at org.springframework.data.jpa.repository.query.JpaQueryFactory.fromMethodWithQueryString(JpaQueryFactory.java:49) ~[spring-data-jpa-3.5.2.jar:3.5.2]
	at org.springframework.data.jpa.repository.query.JpaQueryLookupStrategy$DeclaredQueryLookupStrategy.resolveQuery(JpaQueryLookupStrategy.java:174) ~[spring-data-jpa-3.5.2.jar:3.5.2]
	at org.springframework.data.jpa.repository.query.JpaQueryLookupStrategy$CreateIfNotFoundQueryLookupStrategy.resolveQuery(JpaQueryLookupStrategy.java:254) ~[spring-data-jpa-3.5.2.jar:3.5.2]
	at org.springframework.data.jpa.repository.query.JpaQueryLookupStrategy$AbstractQueryLookupStrategy.resolveQuery(JpaQueryLookupStrategy.java:99) ~[spring-data-jpa-3.5.2.jar:3.5.2]
	at org.springframework.data.repository.core.support.QueryExecutorMethodInterceptor.lookupQuery(QueryExecutorMethodInterceptor.java:116) ~[spring-data-commons-3.5.2.jar:3.5.2]
	... 140 common frames omitted
Caused by: java.lang.IllegalArgumentException: org.hibernate.query.SemanticException: Missing constructor for type 'PromocionDTO' [SELECT new com.asistencia_el_salvador.web_app_asistencia.dto.PromocionDTO(p.id, p.nitEmpresa, p.idPlan, pl.nombrePlan, p.nombreDescuento, p.tipoDescuento, p.valorDescuento, p.activo, p.fechaInicio, p.fechaFin, p.qrCode, p.canjesPorUsuario, p.maxCanjes) FROM Promocion p LEFT JOIN Plan pl ON pl.idPlan = p.idPlan WHERE p.nitEmpresa = :nit]
	at org.hibernate.internal.ExceptionConverterImpl.convert(ExceptionConverterImpl.java:143) ~[hibernate-core-6.6.22.Final.jar:6.6.22.Final]
	at org.hibernate.internal.ExceptionConverterImpl.convert(ExceptionConverterImpl.java:167) ~[hibernate-core-6.6.22.Final.jar:6.6.22.Final]
	at org.hibernate.internal.ExceptionConverterImpl.convert(ExceptionConverterImpl.java:173) ~[hibernate-core-6.6.22.Final.jar:6.6.22.Final]
	at org.hibernate.internal.AbstractSharedSessionContract.createQuery(AbstractSharedSessionContract.java:886) ~[hibernate-core-6.6.22.Final.jar:6.6.22.Final]
	at org.hibernate.internal.AbstractSharedSessionContract.createQuery(AbstractSharedSessionContract.java:796) ~[hibernate-core-6.6.22.Final.jar:6.6.22.Final]
	at org.hibernate.internal.AbstractSharedSessionContract.createQuery(AbstractSharedSessionContract.java:143) ~[hibernate-core-6.6.22.Final.jar:6.6.22.Final]
	at java.base/jdk.internal.reflect.DirectMethodHandleAccessor.invoke(DirectMethodHandleAccessor.java:103) ~[na:na]
	at java.base/java.lang.reflect.Method.invoke(Method.java:580) ~[na:na]
	at org.springframework.orm.jpa.ExtendedEntityManagerCreator$ExtendedEntityManagerInvocationHandler.invoke(ExtendedEntityManagerCreator.java:364) ~[spring-orm-6.2.9.jar:6.2.9]
	at jdk.proxy2/jdk.proxy2.$Proxy142.createQuery(Unknown Source) ~[na:na]
	at org.springframework.data.jpa.repository.query.SimpleJpaQuery.validateQuery(SimpleJpaQuery.java:91) ~[spring-data-jpa-3.5.2.jar:3.5.2]
	... 146 common frames omitted
Caused by: org.hibernate.query.SemanticException: Missing constructor for type 'PromocionDTO' [SELECT new com.asistencia_el_salvador.web_app_asistencia.dto.PromocionDTO(p.id, p.nitEmpresa, p.idPlan, pl.nombrePlan, p.nombreDescuento, p.tipoDescuento, p.valorDescuento, p.activo, p.fechaInicio, p.fechaFin, p.qrCode, p.canjesPorUsuario, p.maxCanjes) FROM Promocion p LEFT JOIN Plan pl ON pl.idPlan = p.idPlan WHERE p.nitEmpresa = :nit]
	at org.hibernate.query.hql.internal.SemanticQueryBuilder.visitInstantiation(SemanticQueryBuilder.java:1511) ~[hibernate-core-6.6.22.Final.jar:6.6.22.Final]
	at org.hibernate.query.hql.internal.SemanticQueryBuilder.visitInstantiation(SemanticQueryBuilder.java:277) ~[hibernate-core-6.6.22.Final.jar:6.6.22.Final]
	at org.hibernate.grammars.hql.HqlParser$InstantiationContext.accept(HqlParser.java:4034) ~[hibernate-core-6.6.22.Final.jar:6.6.22.Final]
	at org.hibernate.query.hql.internal.SemanticQueryBuilder.visitSelectableNode(SemanticQueryBuilder.java:1458) ~[hibernate-core-6.6.22.Final.jar:6.6.22.Final]
	at org.hibernate.query.hql.internal.SemanticQueryBuilder.visitSelection(SemanticQueryBuilder.java:1412) ~[hibernate-core-6.6.22.Final.jar:6.6.22.Final]
	at org.hibernate.query.hql.internal.SemanticQueryBuilder.visitSelectClause(SemanticQueryBuilder.java:1405) ~[hibernate-core-6.6.22.Final.jar:6.6.22.Final]
	at org.hibernate.query.hql.internal.SemanticQueryBuilder.visitQuery(SemanticQueryBuilder.java:1254) ~[hibernate-core-6.6.22.Final.jar:6.6.22.Final]
	at org.hibernate.query.hql.internal.SemanticQueryBuilder.visitQuerySpecExpression(SemanticQueryBuilder.java:1040) ~[hibernate-core-6.6.22.Final.jar:6.6.22.Final]
	at org.hibernate.query.hql.internal.SemanticQueryBuilder.visitQuerySpecExpression(SemanticQueryBuilder.java:277) ~[hibernate-core-6.6.22.Final.jar:6.6.22.Final]
	at org.hibernate.grammars.hql.HqlParser$QuerySpecExpressionContext.accept(HqlParser.java:2134) ~[hibernate-core-6.6.22.Final.jar:6.6.22.Final]
	at org.hibernate.query.hql.internal.SemanticQueryBuilder.visitSimpleQueryGroup(SemanticQueryBuilder.java:1025) ~[hibernate-core-6.6.22.Final.jar:6.6.22.Final]
	at org.hibernate.query.hql.internal.SemanticQueryBuilder.visitSimpleQueryGroup(SemanticQueryBuilder.java:277) ~[hibernate-core-6.6.22.Final.jar:6.6.22.Final]
	at org.hibernate.grammars.hql.HqlParser$SimpleQueryGroupContext.accept(HqlParser.java:2005) ~[hibernate-core-6.6.22.Final.jar:6.6.22.Final]
	at org.hibernate.query.hql.internal.SemanticQueryBuilder.visitSelectStatement(SemanticQueryBuilder.java:492) ~[hibernate-core-6.6.22.Final.jar:6.6.22.Final]
	at org.hibernate.query.hql.internal.SemanticQueryBuilder.visitStatement(SemanticQueryBuilder.java:451) ~[hibernate-core-6.6.22.Final.jar:6.6.22.Final]
	at org.hibernate.query.hql.internal.SemanticQueryBuilder.buildSemanticModel(SemanticQueryBuilder.java:324) ~[hibernate-core-6.6.22.Final.jar:6.6.22.Final]
	at org.hibernate.query.hql.internal.StandardHqlTranslator.translate(StandardHqlTranslator.java:71) ~[hibernate-core-6.6.22.Final.jar:6.6.22.Final]
	at org.hibernate.query.internal.QueryInterpretationCacheStandardImpl.createHqlInterpretation(QueryInterpretationCacheStandardImpl.java:145) ~[hibernate-core-6.6.22.Final.jar:6.6.22.Final]
	at org.hibernate.query.internal.QueryInterpretationCacheStandardImpl.resolveHqlInterpretation(QueryInterpretationCacheStandardImpl.java:132) ~[hibernate-core-6.6.22.Final.jar:6.6.22.Final]
	at org.hibernate.query.spi.QueryEngine.interpretHql(QueryEngine.java:54) ~[hibernate-core-6.6.22.Final.jar:6.6.22.Final]
	at org.hibernate.internal.AbstractSharedSessionContract.interpretHql(AbstractSharedSessionContract.java:832) ~[hibernate-core-6.6.22.Final.jar:6.6.22.Final]
	at org.hibernate.internal.AbstractSharedSessionContract.createQuery(AbstractSharedSessionContract.java:878) ~[hibernate-core-6.6.22.Final.jar:6.6.22.Final]
	... 153 common frames omitted

2026-06-19T00:12:28.570-06:00  WARN 9047 --- [main] o.s.test.context.TestContextManager      : Caught exception while allowing TestExecutionListener [org.springframework.test.context.web.ServletTestExecutionListener] to prepare test instance [com.asistencia_el_salvador.web_app_asistencia.WebAppAsistenciaApplicationTests@29c26959]

java.lang.IllegalStateException: Failed to load ApplicationContext for [WebMergedContextConfiguration@421e2baf testClass = com.asistencia_el_salvador.web_app_asistencia.WebAppAsistenciaApplicationTests, locations = [], classes = [com.asistencia_el_salvador.web_app_asistencia.WebAppAsistenciaApplication], contextInitializerClasses = [], activeProfiles = [], propertySourceDescriptors = [], propertySourceProperties = ["org.springframework.boot.test.context.SpringBootTestContextBootstrapper=true"], contextCustomizers = [org.springframework.boot.test.context.filter.ExcludeFilterContextCustomizer@51a9ad5e, org.springframework.boot.test.json.DuplicateJsonObjectContextCustomizerFactory$DuplicateJsonObjectContextCustomizer@609bcfb6, org.springframework.boot.test.mock.mockito.MockitoContextCustomizer@0, org.springframework.boot.test.web.client.TestRestTemplateContextCustomizer@3e44f2a5, org.springframework.boot.test.web.reactor.netty.DisableReactorResourceFactoryGlobalResourcesContextCustomizerFactory$DisableReactorResourceFactoryGlobalResourcesContextCustomizerCustomizer@14a50707, org.springframework.boot.test.autoconfigure.OnFailureConditionReportContextCustomizerFactory$OnFailureConditionReportContextCustomizer@e3c0e40, org.springframework.boot.test.autoconfigure.actuate.observability.ObservabilityContextCustomizerFactory$DisableObservabilityContextCustomizer@1f, org.springframework.boot.test.autoconfigure.properties.PropertyMappingContextCustomizer@0, org.springframework.boot.test.autoconfigure.web.servlet.WebDriverContextCustomizer@79c97cb, org.springframework.test.context.support.DynamicPropertiesContextCustomizer@0, org.springframework.boot.test.context.SpringBootTestAnnotation@6d4c6f5d], resourceBasePath = "src/main/webapp", contextLoader = org.springframework.boot.test.context.SpringBootContextLoader, parent = null]
	at org.springframework.test.context.cache.DefaultCacheAwareContextLoaderDelegate.loadContext(DefaultCacheAwareContextLoaderDelegate.java:180) ~[spring-test-6.2.9.jar:6.2.9]
	at org.springframework.test.context.support.DefaultTestContext.getApplicationContext(DefaultTestContext.java:130) ~[spring-test-6.2.9.jar:6.2.9]
	at org.springframework.test.context.web.ServletTestExecutionListener.setUpRequestContextIfNecessary(ServletTestExecutionListener.java:200) ~[spring-test-6.2.9.jar:6.2.9]
	at org.springframework.test.context.web.ServletTestExecutionListener.prepareTestInstance(ServletTestExecutionListener.java:139) ~[spring-test-6.2.9.jar:6.2.9]
	at org.springframework.test.context.TestContextManager.prepareTestInstance(TestContextManager.java:260) ~[spring-test-6.2.9.jar:6.2.9]
	at org.springframework.test.context.junit.jupiter.SpringExtension.postProcessTestInstance(SpringExtension.java:159) ~[spring-test-6.2.9.jar:6.2.9]
	at org.junit.jupiter.engine.descriptor.ClassBasedTestDescriptor.lambda$invokeTestInstancePostProcessors$10(ClassBasedTestDescriptor.java:383) ~[junit-jupiter-engine-5.12.2.jar:5.12.2]
	at org.junit.jupiter.engine.descriptor.ClassBasedTestDescriptor.executeAndMaskThrowable(ClassBasedTestDescriptor.java:388) ~[junit-jupiter-engine-5.12.2.jar:5.12.2]
	at org.junit.jupiter.engine.descriptor.ClassBasedTestDescriptor.lambda$invokeTestInstancePostProcessors$11(ClassBasedTestDescriptor.java:382) ~[junit-jupiter-engine-5.12.2.jar:5.12.2]
	at java.base/java.util.stream.ForEachOps$ForEachOp$OfRef.accept(ForEachOps.java:184) ~[na:na]
	at java.base/java.util.stream.ReferencePipeline$3$1.accept(ReferencePipeline.java:197) ~[na:na]
	at java.base/java.util.stream.ReferencePipeline$2$1.accept(ReferencePipeline.java:179) ~[na:na]
	at java.base/java.util.stream.ReferencePipeline$3$1.accept(ReferencePipeline.java:197) ~[na:na]
	at java.base/java.util.ArrayList$ArrayListSpliterator.forEachRemaining(ArrayList.java:1708) ~[na:na]
	at java.base/java.util.stream.AbstractPipeline.copyInto(AbstractPipeline.java:509) ~[na:na]
	at java.base/java.util.stream.AbstractPipeline.wrapAndCopyInto(AbstractPipeline.java:499) ~[na:na]
	at java.base/java.util.stream.ForEachOps$ForEachOp.evaluateSequential(ForEachOps.java:151) ~[na:na]
	at java.base/java.util.stream.ForEachOps$ForEachOp$OfRef.evaluateSequential(ForEachOps.java:174) ~[na:na]
	at java.base/java.util.stream.AbstractPipeline.evaluate(AbstractPipeline.java:234) ~[na:na]
	at java.base/java.util.stream.ReferencePipeline.forEach(ReferencePipeline.java:596) ~[na:na]
	at org.junit.jupiter.engine.descriptor.ClassBasedTestDescriptor.invokeTestInstancePostProcessors(ClassBasedTestDescriptor.java:382) ~[junit-jupiter-engine-5.12.2.jar:5.12.2]
	at org.junit.jupiter.engine.descriptor.ClassBasedTestDescriptor.lambda$instantiateAndPostProcessTestInstance$6(ClassBasedTestDescriptor.java:293) ~[junit-jupiter-engine-5.12.2.jar:5.12.2]
	at org.junit.platform.engine.support.hierarchical.ThrowableCollector.execute(ThrowableCollector.java:73) ~[junit-platform-engine-1.12.2.jar:1.12.2]
	at org.junit.jupiter.engine.descriptor.ClassBasedTestDescriptor.instantiateAndPostProcessTestInstance(ClassBasedTestDescriptor.java:292) ~[junit-jupiter-engine-5.12.2.jar:5.12.2]
	at org.junit.jupiter.engine.descriptor.ClassBasedTestDescriptor.lambda$testInstancesProvider$4(ClassBasedTestDescriptor.java:281) ~[junit-jupiter-engine-5.12.2.jar:5.12.2]
	at java.base/java.util.Optional.orElseGet(Optional.java:364) ~[na:na]
	at org.junit.jupiter.engine.descriptor.ClassBasedTestDescriptor.lambda$testInstancesProvider$5(ClassBasedTestDescriptor.java:280) ~[junit-jupiter-engine-5.12.2.jar:5.12.2]
	at org.junit.jupiter.engine.execution.TestInstancesProvider.getTestInstances(TestInstancesProvider.java:27) ~[junit-jupiter-engine-5.12.2.jar:5.12.2]
	at org.junit.jupiter.engine.descriptor.TestMethodTestDescriptor.lambda$prepare$0(TestMethodTestDescriptor.java:112) ~[junit-jupiter-engine-5.12.2.jar:5.12.2]
	at org.junit.platform.engine.support.hierarchical.ThrowableCollector.execute(ThrowableCollector.java:73) ~[junit-platform-engine-1.12.2.jar:1.12.2]
	at org.junit.jupiter.engine.descriptor.TestMethodTestDescriptor.prepare(TestMethodTestDescriptor.java:111) ~[junit-jupiter-engine-5.12.2.jar:5.12.2]
	at org.junit.jupiter.engine.descriptor.TestMethodTestDescriptor.prepare(TestMethodTestDescriptor.java:69) ~[junit-jupiter-engine-5.12.2.jar:5.12.2]
	at org.junit.platform.engine.support.hierarchical.NodeTestTask.lambda$prepare$2(NodeTestTask.java:128) ~[junit-platform-engine-1.12.2.jar:1.12.2]
	at org.junit.platform.engine.support.hierarchical.ThrowableCollector.execute(ThrowableCollector.java:73) ~[junit-platform-engine-1.12.2.jar:1.12.2]
	at org.junit.platform.engine.support.hierarchical.NodeTestTask.prepare(NodeTestTask.java:128) ~[junit-platform-engine-1.12.2.jar:1.12.2]
	at org.junit.platform.engine.support.hierarchical.NodeTestTask.execute(NodeTestTask.java:95) ~[junit-platform-engine-1.12.2.jar:1.12.2]
	at java.base/java.util.ArrayList.forEach(ArrayList.java:1596) ~[na:na]
	at org.junit.platform.engine.support.hierarchical.SameThreadHierarchicalTestExecutorService.invokeAll(SameThreadHierarchicalTestExecutorService.java:41) ~[junit-platform-engine-1.12.2.jar:1.12.2]
	at org.junit.platform.engine.support.hierarchical.NodeTestTask.lambda$executeRecursively$6(NodeTestTask.java:160) ~[junit-platform-engine-1.12.2.jar:1.12.2]
	at org.junit.platform.engine.support.hierarchical.ThrowableCollector.execute(ThrowableCollector.java:73) ~[junit-platform-engine-1.12.2.jar:1.12.2]
	at org.junit.platform.engine.support.hierarchical.NodeTestTask.lambda$executeRecursively$8(NodeTestTask.java:146) ~[junit-platform-engine-1.12.2.jar:1.12.2]
	at org.junit.platform.engine.support.hierarchical.Node.around(Node.java:137) ~[junit-platform-engine-1.12.2.jar:1.12.2]
	at org.junit.platform.engine.support.hierarchical.NodeTestTask.lambda$executeRecursively$9(NodeTestTask.java:144) ~[junit-platform-engine-1.12.2.jar:1.12.2]
	at org.junit.platform.engine.support.hierarchical.ThrowableCollector.execute(ThrowableCollector.java:73) ~[junit-platform-engine-1.12.2.jar:1.12.2]
	at org.junit.platform.engine.support.hierarchical.NodeTestTask.executeRecursively(NodeTestTask.java:143) ~[junit-platform-engine-1.12.2.jar:1.12.2]
	at org.junit.platform.engine.support.hierarchical.NodeTestTask.execute(NodeTestTask.java:100) ~[junit-platform-engine-1.12.2.jar:1.12.2]
	at java.base/java.util.ArrayList.forEach(ArrayList.java:1596) ~[na:na]
	at org.junit.platform.engine.support.hierarchical.SameThreadHierarchicalTestExecutorService.invokeAll(SameThreadHierarchicalTestExecutorService.java:41) ~[junit-platform-engine-1.12.2.jar:1.12.2]
	at org.junit.platform.engine.support.hierarchical.NodeTestTask.lambda$executeRecursively$6(NodeTestTask.java:160) ~[junit-platform-engine-1.12.2.jar:1.12.2]
	at org.junit.platform.engine.support.hierarchical.ThrowableCollector.execute(ThrowableCollector.java:73) ~[junit-platform-engine-1.12.2.jar:1.12.2]
	at org.junit.platform.engine.support.hierarchical.NodeTestTask.lambda$executeRecursively$8(NodeTestTask.java:146) ~[junit-platform-engine-1.12.2.jar:1.12.2]
	at org.junit.platform.engine.support.hierarchical.Node.around(Node.java:137) ~[junit-platform-engine-1.12.2.jar:1.12.2]
	at org.junit.platform.engine.support.hierarchical.NodeTestTask.lambda$executeRecursively$9(NodeTestTask.java:144) ~[junit-platform-engine-1.12.2.jar:1.12.2]
	at org.junit.platform.engine.support.hierarchical.ThrowableCollector.execute(ThrowableCollector.java:73) ~[junit-platform-engine-1.12.2.jar:1.12.2]
	at org.junit.platform.engine.support.hierarchical.NodeTestTask.executeRecursively(NodeTestTask.java:143) ~[junit-platform-engine-1.12.2.jar:1.12.2]
	at org.junit.platform.engine.support.hierarchical.NodeTestTask.execute(NodeTestTask.java:100) ~[junit-platform-engine-1.12.2.jar:1.12.2]
	at org.junit.platform.engine.support.hierarchical.SameThreadHierarchicalTestExecutorService.submit(SameThreadHierarchicalTestExecutorService.java:35) ~[junit-platform-engine-1.12.2.jar:1.12.2]
	at org.junit.platform.engine.support.hierarchical.HierarchicalTestExecutor.execute(HierarchicalTestExecutor.java:57) ~[junit-platform-engine-1.12.2.jar:1.12.2]
	at org.junit.platform.engine.support.hierarchical.HierarchicalTestEngine.execute(HierarchicalTestEngine.java:54) ~[junit-platform-engine-1.12.2.jar:1.12.2]
	at org.junit.platform.launcher.core.EngineExecutionOrchestrator.execute(EngineExecutionOrchestrator.java:201) ~[junit-platform-launcher-1.12.2.jar:1.12.2]
	at org.junit.platform.launcher.core.EngineExecutionOrchestrator.execute(EngineExecutionOrchestrator.java:170) ~[junit-platform-launcher-1.12.2.jar:1.12.2]
	at org.junit.platform.launcher.core.EngineExecutionOrchestrator.execute(EngineExecutionOrchestrator.java:94) ~[junit-platform-launcher-1.12.2.jar:1.12.2]
	at org.junit.platform.launcher.core.EngineExecutionOrchestrator.lambda$execute$0(EngineExecutionOrchestrator.java:59) ~[junit-platform-launcher-1.12.2.jar:1.12.2]
	at org.junit.platform.launcher.core.EngineExecutionOrchestrator.withInterceptedStreams(EngineExecutionOrchestrator.java:142) ~[junit-platform-launcher-1.12.2.jar:1.12.2]
	at org.junit.platform.launcher.core.EngineExecutionOrchestrator.execute(EngineExecutionOrchestrator.java:58) ~[junit-platform-launcher-1.12.2.jar:1.12.2]
	at org.junit.platform.launcher.core.DefaultLauncher.execute(DefaultLauncher.java:103) ~[junit-platform-launcher-1.12.2.jar:1.12.2]
	at org.junit.platform.launcher.core.DefaultLauncher.execute(DefaultLauncher.java:85) ~[junit-platform-launcher-1.12.2.jar:1.12.2]
	at org.junit.platform.launcher.core.DelegatingLauncher.execute(DelegatingLauncher.java:47) ~[junit-platform-launcher-1.12.2.jar:1.12.2]
	at org.junit.platform.launcher.core.InterceptingLauncher.lambda$execute$1(InterceptingLauncher.java:39) ~[junit-platform-launcher-1.12.2.jar:1.12.2]
	at org.junit.platform.launcher.core.ClasspathAlignmentCheckingLauncherInterceptor.intercept(ClasspathAlignmentCheckingLauncherInterceptor.java:25) ~[junit-platform-launcher-1.12.2.jar:1.12.2]
	at org.junit.platform.launcher.core.InterceptingLauncher.execute(InterceptingLauncher.java:38) ~[junit-platform-launcher-1.12.2.jar:1.12.2]
	at org.junit.platform.launcher.core.DelegatingLauncher.execute(DelegatingLauncher.java:47) ~[junit-platform-launcher-1.12.2.jar:1.12.2]
	at org.apache.maven.surefire.junitplatform.LazyLauncher.execute(LazyLauncher.java:56) ~[surefire-junit-platform-3.5.3.jar:3.5.3]
	at org.apache.maven.surefire.junitplatform.JUnitPlatformProvider.execute(JUnitPlatformProvider.java:194) ~[surefire-junit-platform-3.5.3.jar:3.5.3]
	at org.apache.maven.surefire.junitplatform.JUnitPlatformProvider.invokeAllTests(JUnitPlatformProvider.java:150) ~[surefire-junit-platform-3.5.3.jar:3.5.3]
	at org.apache.maven.surefire.junitplatform.JUnitPlatformProvider.invoke(JUnitPlatformProvider.java:124) ~[surefire-junit-platform-3.5.3.jar:3.5.3]
	at org.apache.maven.surefire.booter.ForkedBooter.runSuitesInProcess(ForkedBooter.java:385) ~[surefire-booter-3.5.3.jar:3.5.3]
	at org.apache.maven.surefire.booter.ForkedBooter.execute(ForkedBooter.java:162) ~[surefire-booter-3.5.3.jar:3.5.3]
	at org.apache.maven.surefire.booter.ForkedBooter.run(ForkedBooter.java:507) ~[surefire-booter-3.5.3.jar:3.5.3]
	at org.apache.maven.surefire.booter.ForkedBooter.main(ForkedBooter.java:495) ~[surefire-booter-3.5.3.jar:3.5.3]
Caused by: org.springframework.beans.factory.UnsatisfiedDependencyException: Error creating bean with name 'asistenciaApiController' defined in file [/Users/rcastro/Documents/ProyectosSpring/WebAppAsistencia/target/classes/com/asistencia_el_salvador/web_app_asistencia/api/AsistenciaApiController.class]: Unsatisfied dependency expressed through constructor parameter 26: Error creating bean with name 'promocionService' defined in file [/Users/rcastro/Documents/ProyectosSpring/WebAppAsistencia/target/classes/com/asistencia_el_salvador/web_app_asistencia/service/PromocionService.class]: Unsatisfied dependency expressed through constructor parameter 0: Error creating bean with name 'promocionRepository' defined in com.asistencia_el_salvador.web_app_asistencia.repository.PromocionRepository defined in @EnableJpaRepositories declared on JpaRepositoriesRegistrar.EnableJpaRepositoriesConfiguration: Could not create query for public abstract java.util.List com.asistencia_el_salvador.web_app_asistencia.repository.PromocionRepository.findDTOByNitEmpresa(java.lang.String); Reason: Validation failed for query for method public abstract java.util.List com.asistencia_el_salvador.web_app_asistencia.repository.PromocionRepository.findDTOByNitEmpresa(java.lang.String)
	at org.springframework.beans.factory.support.ConstructorResolver.createArgumentArray(ConstructorResolver.java:804) ~[spring-beans-6.2.9.jar:6.2.9]
	at org.springframework.beans.factory.support.ConstructorResolver.autowireConstructor(ConstructorResolver.java:240) ~[spring-beans-6.2.9.jar:6.2.9]
	at org.springframework.beans.factory.support.AbstractAutowireCapableBeanFactory.autowireConstructor(AbstractAutowireCapableBeanFactory.java:1395) ~[spring-beans-6.2.9.jar:6.2.9]
	at org.springframework.beans.factory.support.AbstractAutowireCapableBeanFactory.createBeanInstance(AbstractAutowireCapableBeanFactory.java:1232) ~[spring-beans-6.2.9.jar:6.2.9]
	at org.springframework.beans.factory.support.AbstractAutowireCapableBeanFactory.doCreateBean(AbstractAutowireCapableBeanFactory.java:569) ~[spring-beans-6.2.9.jar:6.2.9]
	at org.springframework.beans.factory.support.AbstractAutowireCapableBeanFactory.createBean(AbstractAutowireCapableBeanFactory.java:529) ~[spring-beans-6.2.9.jar:6.2.9]
	at org.springframework.beans.factory.support.AbstractBeanFactory.lambda$doGetBean$0(AbstractBeanFactory.java:339) ~[spring-beans-6.2.9.jar:6.2.9]
	at org.springframework.beans.factory.support.DefaultSingletonBeanRegistry.getSingleton(DefaultSingletonBeanRegistry.java:373) ~[spring-beans-6.2.9.jar:6.2.9]
	at org.springframework.beans.factory.support.AbstractBeanFactory.doGetBean(AbstractBeanFactory.java:337) ~[spring-beans-6.2.9.jar:6.2.9]
	at org.springframework.beans.factory.support.AbstractBeanFactory.getBean(AbstractBeanFactory.java:202) ~[spring-beans-6.2.9.jar:6.2.9]
	at org.springframework.beans.factory.support.DefaultListableBeanFactory.instantiateSingleton(DefaultListableBeanFactory.java:1222) ~[spring-beans-6.2.9.jar:6.2.9]
	at org.springframework.beans.factory.support.DefaultListableBeanFactory.preInstantiateSingleton(DefaultListableBeanFactory.java:1188) ~[spring-beans-6.2.9.jar:6.2.9]
	at org.springframework.beans.factory.support.DefaultListableBeanFactory.preInstantiateSingletons(DefaultListableBeanFactory.java:1123) ~[spring-beans-6.2.9.jar:6.2.9]
	at org.springframework.context.support.AbstractApplicationContext.finishBeanFactoryInitialization(AbstractApplicationContext.java:987) ~[spring-context-6.2.9.jar:6.2.9]
	at org.springframework.context.support.AbstractApplicationContext.refresh(AbstractApplicationContext.java:627) ~[spring-context-6.2.9.jar:6.2.9]
	at org.springframework.boot.SpringApplication.refresh(SpringApplication.java:752) ~[spring-boot-3.5.4.jar:3.5.4]
	at org.springframework.boot.SpringApplication.refreshContext(SpringApplication.java:439) ~[spring-boot-3.5.4.jar:3.5.4]
	at org.springframework.boot.SpringApplication.run(SpringApplication.java:318) ~[spring-boot-3.5.4.jar:3.5.4]
	at org.springframework.boot.test.context.SpringBootContextLoader.lambda$loadContext$3(SpringBootContextLoader.java:144) ~[spring-boot-test-3.5.4.jar:3.5.4]
	at org.springframework.util.function.ThrowingSupplier.get(ThrowingSupplier.java:58) ~[spring-core-6.2.9.jar:6.2.9]
	at org.springframework.util.function.ThrowingSupplier.get(ThrowingSupplier.java:46) ~[spring-core-6.2.9.jar:6.2.9]
	at org.springframework.boot.SpringApplication.withHook(SpringApplication.java:1461) ~[spring-boot-3.5.4.jar:3.5.4]
	at org.springframework.boot.test.context.SpringBootContextLoader$ContextLoaderHook.run(SpringBootContextLoader.java:563) ~[spring-boot-test-3.5.4.jar:3.5.4]
	at org.springframework.boot.test.context.SpringBootContextLoader.loadContext(SpringBootContextLoader.java:144) ~[spring-boot-test-3.5.4.jar:3.5.4]
	at org.springframework.boot.test.context.SpringBootContextLoader.loadContext(SpringBootContextLoader.java:110) ~[spring-boot-test-3.5.4.jar:3.5.4]
	at org.springframework.test.context.cache.DefaultCacheAwareContextLoaderDelegate.loadContextInternal(DefaultCacheAwareContextLoaderDelegate.java:225) ~[spring-test-6.2.9.jar:6.2.9]
	at org.springframework.test.context.cache.DefaultCacheAwareContextLoaderDelegate.loadContext(DefaultCacheAwareContextLoaderDelegate.java:152) ~[spring-test-6.2.9.jar:6.2.9]
	... 79 common frames omitted
Caused by: org.springframework.beans.factory.UnsatisfiedDependencyException: Error creating bean with name 'promocionService' defined in file [/Users/rcastro/Documents/ProyectosSpring/WebAppAsistencia/target/classes/com/asistencia_el_salvador/web_app_asistencia/service/PromocionService.class]: Unsatisfied dependency expressed through constructor parameter 0: Error creating bean with name 'promocionRepository' defined in com.asistencia_el_salvador.web_app_asistencia.repository.PromocionRepository defined in @EnableJpaRepositories declared on JpaRepositoriesRegistrar.EnableJpaRepositoriesConfiguration: Could not create query for public abstract java.util.List com.asistencia_el_salvador.web_app_asistencia.repository.PromocionRepository.findDTOByNitEmpresa(java.lang.String); Reason: Validation failed for query for method public abstract java.util.List com.asistencia_el_salvador.web_app_asistencia.repository.PromocionRepository.findDTOByNitEmpresa(java.lang.String)
	at org.springframework.beans.factory.support.ConstructorResolver.createArgumentArray(ConstructorResolver.java:804) ~[spring-beans-6.2.9.jar:6.2.9]
	at org.springframework.beans.factory.support.ConstructorResolver.autowireConstructor(ConstructorResolver.java:240) ~[spring-beans-6.2.9.jar:6.2.9]
	at org.springframework.beans.factory.support.AbstractAutowireCapableBeanFactory.autowireConstructor(AbstractAutowireCapableBeanFactory.java:1395) ~[spring-beans-6.2.9.jar:6.2.9]
	at org.springframework.beans.factory.support.AbstractAutowireCapableBeanFactory.createBeanInstance(AbstractAutowireCapableBeanFactory.java:1232) ~[spring-beans-6.2.9.jar:6.2.9]
	at org.springframework.beans.factory.support.AbstractAutowireCapableBeanFactory.doCreateBean(AbstractAutowireCapableBeanFactory.java:569) ~[spring-beans-6.2.9.jar:6.2.9]
	at org.springframework.beans.factory.support.AbstractAutowireCapableBeanFactory.createBean(AbstractAutowireCapableBeanFactory.java:529) ~[spring-beans-6.2.9.jar:6.2.9]
	at org.springframework.beans.factory.support.AbstractBeanFactory.lambda$doGetBean$0(AbstractBeanFactory.java:339) ~[spring-beans-6.2.9.jar:6.2.9]
	at org.springframework.beans.factory.support.DefaultSingletonBeanRegistry.getSingleton(DefaultSingletonBeanRegistry.java:373) ~[spring-beans-6.2.9.jar:6.2.9]
	at org.springframework.beans.factory.support.AbstractBeanFactory.doGetBean(AbstractBeanFactory.java:337) ~[spring-beans-6.2.9.jar:6.2.9]
	at org.springframework.beans.factory.support.AbstractBeanFactory.getBean(AbstractBeanFactory.java:202) ~[spring-beans-6.2.9.jar:6.2.9]
	at org.springframework.beans.factory.support.DefaultListableBeanFactory.doResolveDependency(DefaultListableBeanFactory.java:1683) ~[spring-beans-6.2.9.jar:6.2.9]
	at org.springframework.beans.factory.support.DefaultListableBeanFactory.resolveDependency(DefaultListableBeanFactory.java:1628) ~[spring-beans-6.2.9.jar:6.2.9]
	at org.springframework.beans.factory.support.ConstructorResolver.resolveAutowiredArgument(ConstructorResolver.java:913) ~[spring-beans-6.2.9.jar:6.2.9]
	at org.springframework.beans.factory.support.ConstructorResolver.createArgumentArray(ConstructorResolver.java:791) ~[spring-beans-6.2.9.jar:6.2.9]
	... 105 common frames omitted
Caused by: org.springframework.beans.factory.BeanCreationException: Error creating bean with name 'promocionRepository' defined in com.asistencia_el_salvador.web_app_asistencia.repository.PromocionRepository defined in @EnableJpaRepositories declared on JpaRepositoriesRegistrar.EnableJpaRepositoriesConfiguration: Could not create query for public abstract java.util.List com.asistencia_el_salvador.web_app_asistencia.repository.PromocionRepository.findDTOByNitEmpresa(java.lang.String); Reason: Validation failed for query for method public abstract java.util.List com.asistencia_el_salvador.web_app_asistencia.repository.PromocionRepository.findDTOByNitEmpresa(java.lang.String)
	at org.springframework.beans.factory.support.AbstractAutowireCapableBeanFactory.initializeBean(AbstractAutowireCapableBeanFactory.java:1826) ~[spring-beans-6.2.9.jar:6.2.9]
	at org.springframework.beans.factory.support.AbstractAutowireCapableBeanFactory.doCreateBean(AbstractAutowireCapableBeanFactory.java:607) ~[spring-beans-6.2.9.jar:6.2.9]
	at org.springframework.beans.factory.support.AbstractAutowireCapableBeanFactory.createBean(AbstractAutowireCapableBeanFactory.java:529) ~[spring-beans-6.2.9.jar:6.2.9]
	at org.springframework.beans.factory.support.AbstractBeanFactory.lambda$doGetBean$0(AbstractBeanFactory.java:339) ~[spring-beans-6.2.9.jar:6.2.9]
	at org.springframework.beans.factory.support.DefaultSingletonBeanRegistry.getSingleton(DefaultSingletonBeanRegistry.java:373) ~[spring-beans-6.2.9.jar:6.2.9]
	at org.springframework.beans.factory.support.AbstractBeanFactory.doGetBean(AbstractBeanFactory.java:337) ~[spring-beans-6.2.9.jar:6.2.9]
	at org.springframework.beans.factory.support.AbstractBeanFactory.getBean(AbstractBeanFactory.java:202) ~[spring-beans-6.2.9.jar:6.2.9]
	at org.springframework.beans.factory.support.DefaultListableBeanFactory.doResolveDependency(DefaultListableBeanFactory.java:1683) ~[spring-beans-6.2.9.jar:6.2.9]
	at org.springframework.beans.factory.support.DefaultListableBeanFactory.resolveDependency(DefaultListableBeanFactory.java:1628) ~[spring-beans-6.2.9.jar:6.2.9]
	at org.springframework.beans.factory.support.ConstructorResolver.resolveAutowiredArgument(ConstructorResolver.java:913) ~[spring-beans-6.2.9.jar:6.2.9]
	at org.springframework.beans.factory.support.ConstructorResolver.createArgumentArray(ConstructorResolver.java:791) ~[spring-beans-6.2.9.jar:6.2.9]
	... 118 common frames omitted
Caused by: org.springframework.data.repository.query.QueryCreationException: Could not create query for public abstract java.util.List com.asistencia_el_salvador.web_app_asistencia.repository.PromocionRepository.findDTOByNitEmpresa(java.lang.String); Reason: Validation failed for query for method public abstract java.util.List com.asistencia_el_salvador.web_app_asistencia.repository.PromocionRepository.findDTOByNitEmpresa(java.lang.String)
	at org.springframework.data.repository.query.QueryCreationException.create(QueryCreationException.java:101) ~[spring-data-commons-3.5.2.jar:3.5.2]
	at org.springframework.data.repository.core.support.QueryExecutorMethodInterceptor.lookupQuery(QueryExecutorMethodInterceptor.java:120) ~[spring-data-commons-3.5.2.jar:3.5.2]
	at org.springframework.data.repository.core.support.QueryExecutorMethodInterceptor.mapMethodsToQuery(QueryExecutorMethodInterceptor.java:104) ~[spring-data-commons-3.5.2.jar:3.5.2]
	at org.springframework.data.repository.core.support.QueryExecutorMethodInterceptor.lambda$new$0(QueryExecutorMethodInterceptor.java:92) ~[spring-data-commons-3.5.2.jar:3.5.2]
	at java.base/java.util.Optional.map(Optional.java:260) ~[na:na]
	at org.springframework.data.repository.core.support.QueryExecutorMethodInterceptor.<init>(QueryExecutorMethodInterceptor.java:92) ~[spring-data-commons-3.5.2.jar:3.5.2]
	at org.springframework.data.repository.core.support.RepositoryFactorySupport.getRepository(RepositoryFactorySupport.java:434) ~[spring-data-commons-3.5.2.jar:3.5.2]
	at org.springframework.data.repository.core.support.RepositoryFactoryBeanSupport.lambda$afterPropertiesSet$4(RepositoryFactoryBeanSupport.java:350) ~[spring-data-commons-3.5.2.jar:3.5.2]
	at org.springframework.data.util.Lazy.getNullable(Lazy.java:135) ~[spring-data-commons-3.5.2.jar:3.5.2]
	at org.springframework.data.util.Lazy.get(Lazy.java:113) ~[spring-data-commons-3.5.2.jar:3.5.2]
	at org.springframework.data.repository.core.support.RepositoryFactoryBeanSupport.afterPropertiesSet(RepositoryFactoryBeanSupport.java:356) ~[spring-data-commons-3.5.2.jar:3.5.2]
	at org.springframework.data.jpa.repository.support.JpaRepositoryFactoryBean.afterPropertiesSet(JpaRepositoryFactoryBean.java:132) ~[spring-data-jpa-3.5.2.jar:3.5.2]
	at org.springframework.beans.factory.support.AbstractAutowireCapableBeanFactory.invokeInitMethods(AbstractAutowireCapableBeanFactory.java:1873) ~[spring-beans-6.2.9.jar:6.2.9]
	at org.springframework.beans.factory.support.AbstractAutowireCapableBeanFactory.initializeBean(AbstractAutowireCapableBeanFactory.java:1822) ~[spring-beans-6.2.9.jar:6.2.9]
	... 128 common frames omitted
Caused by: java.lang.IllegalArgumentException: Validation failed for query for method public abstract java.util.List com.asistencia_el_salvador.web_app_asistencia.repository.PromocionRepository.findDTOByNitEmpresa(java.lang.String)
	at org.springframework.data.jpa.repository.query.SimpleJpaQuery.validateQuery(SimpleJpaQuery.java:97) ~[spring-data-jpa-3.5.2.jar:3.5.2]
	at org.springframework.data.jpa.repository.query.SimpleJpaQuery.<init>(SimpleJpaQuery.java:67) ~[spring-data-jpa-3.5.2.jar:3.5.2]
	at org.springframework.data.jpa.repository.query.JpaQueryFactory.fromMethodWithQueryString(JpaQueryFactory.java:49) ~[spring-data-jpa-3.5.2.jar:3.5.2]
	at org.springframework.data.jpa.repository.query.JpaQueryLookupStrategy$DeclaredQueryLookupStrategy.resolveQuery(JpaQueryLookupStrategy.java:174) ~[spring-data-jpa-3.5.2.jar:3.5.2]
	at org.springframework.data.jpa.repository.query.JpaQueryLookupStrategy$CreateIfNotFoundQueryLookupStrategy.resolveQuery(JpaQueryLookupStrategy.java:254) ~[spring-data-jpa-3.5.2.jar:3.5.2]
	at org.springframework.data.jpa.repository.query.JpaQueryLookupStrategy$AbstractQueryLookupStrategy.resolveQuery(JpaQueryLookupStrategy.java:99) ~[spring-data-jpa-3.5.2.jar:3.5.2]
	at org.springframework.data.repository.core.support.QueryExecutorMethodInterceptor.lookupQuery(QueryExecutorMethodInterceptor.java:116) ~[spring-data-commons-3.5.2.jar:3.5.2]
	... 140 common frames omitted
Caused by: java.lang.IllegalArgumentException: org.hibernate.query.SemanticException: Missing constructor for type 'PromocionDTO' [SELECT new com.asistencia_el_salvador.web_app_asistencia.dto.PromocionDTO(p.id, p.nitEmpresa, p.idPlan, pl.nombrePlan, p.nombreDescuento, p.tipoDescuento, p.valorDescuento, p.activo, p.fechaInicio, p.fechaFin, p.qrCode, p.canjesPorUsuario, p.maxCanjes) FROM Promocion p LEFT JOIN Plan pl ON pl.idPlan = p.idPlan WHERE p.nitEmpresa = :nit]
	at org.hibernate.internal.ExceptionConverterImpl.convert(ExceptionConverterImpl.java:143) ~[hibernate-core-6.6.22.Final.jar:6.6.22.Final]
	at org.hibernate.internal.ExceptionConverterImpl.convert(ExceptionConverterImpl.java:167) ~[hibernate-core-6.6.22.Final.jar:6.6.22.Final]
	at org.hibernate.internal.ExceptionConverterImpl.convert(ExceptionConverterImpl.java:173) ~[hibernate-core-6.6.22.Final.jar:6.6.22.Final]
	at org.hibernate.internal.AbstractSharedSessionContract.createQuery(AbstractSharedSessionContract.java:886) ~[hibernate-core-6.6.22.Final.jar:6.6.22.Final]
	at org.hibernate.internal.AbstractSharedSessionContract.createQuery(AbstractSharedSessionContract.java:796) ~[hibernate-core-6.6.22.Final.jar:6.6.22.Final]
	at org.hibernate.internal.AbstractSharedSessionContract.createQuery(AbstractSharedSessionContract.java:143) ~[hibernate-core-6.6.22.Final.jar:6.6.22.Final]
	at java.base/jdk.internal.reflect.DirectMethodHandleAccessor.invoke(DirectMethodHandleAccessor.java:103) ~[na:na]
	at java.base/java.lang.reflect.Method.invoke(Method.java:580) ~[na:na]
	at org.springframework.orm.jpa.ExtendedEntityManagerCreator$ExtendedEntityManagerInvocationHandler.invoke(ExtendedEntityManagerCreator.java:364) ~[spring-orm-6.2.9.jar:6.2.9]
	at jdk.proxy2/jdk.proxy2.$Proxy142.createQuery(Unknown Source) ~[na:na]
	at org.springframework.data.jpa.repository.query.SimpleJpaQuery.validateQuery(SimpleJpaQuery.java:91) ~[spring-data-jpa-3.5.2.jar:3.5.2]
	... 146 common frames omitted
Caused by: org.hibernate.query.SemanticException: Missing constructor for type 'PromocionDTO' [SELECT new com.asistencia_el_salvador.web_app_asistencia.dto.PromocionDTO(p.id, p.nitEmpresa, p.idPlan, pl.nombrePlan, p.nombreDescuento, p.tipoDescuento, p.valorDescuento, p.activo, p.fechaInicio, p.fechaFin, p.qrCode, p.canjesPorUsuario, p.maxCanjes) FROM Promocion p LEFT JOIN Plan pl ON pl.idPlan = p.idPlan WHERE p.nitEmpresa = :nit]
	at org.hibernate.query.hql.internal.SemanticQueryBuilder.visitInstantiation(SemanticQueryBuilder.java:1511) ~[hibernate-core-6.6.22.Final.jar:6.6.22.Final]
	at org.hibernate.query.hql.internal.SemanticQueryBuilder.visitInstantiation(SemanticQueryBuilder.java:277) ~[hibernate-core-6.6.22.Final.jar:6.6.22.Final]
	at org.hibernate.grammars.hql.HqlParser$InstantiationContext.accept(HqlParser.java:4034) ~[hibernate-core-6.6.22.Final.jar:6.6.22.Final]
	at org.hibernate.query.hql.internal.SemanticQueryBuilder.visitSelectableNode(SemanticQueryBuilder.java:1458) ~[hibernate-core-6.6.22.Final.jar:6.6.22.Final]
	at org.hibernate.query.hql.internal.SemanticQueryBuilder.visitSelection(SemanticQueryBuilder.java:1412) ~[hibernate-core-6.6.22.Final.jar:6.6.22.Final]
	at org.hibernate.query.hql.internal.SemanticQueryBuilder.visitSelectClause(SemanticQueryBuilder.java:1405) ~[hibernate-core-6.6.22.Final.jar:6.6.22.Final]
	at org.hibernate.query.hql.internal.SemanticQueryBuilder.visitQuery(SemanticQueryBuilder.java:1254) ~[hibernate-core-6.6.22.Final.jar:6.6.22.Final]
	at org.hibernate.query.hql.internal.SemanticQueryBuilder.visitQuerySpecExpression(SemanticQueryBuilder.java:1040) ~[hibernate-core-6.6.22.Final.jar:6.6.22.Final]
	at org.hibernate.query.hql.internal.SemanticQueryBuilder.visitQuerySpecExpression(SemanticQueryBuilder.java:277) ~[hibernate-core-6.6.22.Final.jar:6.6.22.Final]
	at org.hibernate.grammars.hql.HqlParser$QuerySpecExpressionContext.accept(HqlParser.java:2134) ~[hibernate-core-6.6.22.Final.jar:6.6.22.Final]
	at org.hibernate.query.hql.internal.SemanticQueryBuilder.visitSimpleQueryGroup(SemanticQueryBuilder.java:1025) ~[hibernate-core-6.6.22.Final.jar:6.6.22.Final]
	at org.hibernate.query.hql.internal.SemanticQueryBuilder.visitSimpleQueryGroup(SemanticQueryBuilder.java:277) ~[hibernate-core-6.6.22.Final.jar:6.6.22.Final]
	at org.hibernate.grammars.hql.HqlParser$SimpleQueryGroupContext.accept(HqlParser.java:2005) ~[hibernate-core-6.6.22.Final.jar:6.6.22.Final]
	at org.hibernate.query.hql.internal.SemanticQueryBuilder.visitSelectStatement(SemanticQueryBuilder.java:492) ~[hibernate-core-6.6.22.Final.jar:6.6.22.Final]
	at org.hibernate.query.hql.internal.SemanticQueryBuilder.visitStatement(SemanticQueryBuilder.java:451) ~[hibernate-core-6.6.22.Final.jar:6.6.22.Final]
	at org.hibernate.query.hql.internal.SemanticQueryBuilder.buildSemanticModel(SemanticQueryBuilder.java:324) ~[hibernate-core-6.6.22.Final.jar:6.6.22.Final]
	at org.hibernate.query.hql.internal.StandardHqlTranslator.translate(StandardHqlTranslator.java:71) ~[hibernate-core-6.6.22.Final.jar:6.6.22.Final]
	at org.hibernate.query.internal.QueryInterpretationCacheStandardImpl.createHqlInterpretation(QueryInterpretationCacheStandardImpl.java:145) ~[hibernate-core-6.6.22.Final.jar:6.6.22.Final]
	at org.hibernate.query.internal.QueryInterpretationCacheStandardImpl.resolveHqlInterpretation(QueryInterpretationCacheStandardImpl.java:132) ~[hibernate-core-6.6.22.Final.jar:6.6.22.Final]
	at org.hibernate.query.spi.QueryEngine.interpretHql(QueryEngine.java:54) ~[hibernate-core-6.6.22.Final.jar:6.6.22.Final]
	at org.hibernate.internal.AbstractSharedSessionContract.interpretHql(AbstractSharedSessionContract.java:832) ~[hibernate-core-6.6.22.Final.jar:6.6.22.Final]
	at org.hibernate.internal.AbstractSharedSessionContract.createQuery(AbstractSharedSessionContract.java:878) ~[hibernate-core-6.6.22.Final.jar:6.6.22.Final]
	... 153 common frames omitted

2026-06-19T00:14:31.562-06:00  INFO 9208 --- [main] c.a.w.WebAppAsistenciaApplicationTests   : Starting WebAppAsistenciaApplicationTests using Java 21.0.5 with PID 9208 (started by rcastro in /Users/rcastro/Documents/ProyectosSpring/WebAppAsistencia)
2026-06-19T00:14:31.563-06:00  INFO 9208 --- [main] c.a.w.WebAppAsistenciaApplicationTests   : No active profile set, falling back to 1 default profile: "default"
2026-06-19T00:14:32.031-06:00  INFO 9208 --- [main] .s.d.r.c.RepositoryConfigurationDelegate : Bootstrapping Spring Data JPA repositories in DEFAULT mode.
2026-06-19T00:14:32.114-06:00  INFO 9208 --- [main] .s.d.r.c.RepositoryConfigurationDelegate : Finished Spring Data repository scanning in 78 ms. Found 72 JPA repository interfaces.
2026-06-19T00:14:32.461-06:00  INFO 9208 --- [main] o.hibernate.jpa.internal.util.LogHelper  : HHH000204: Processing PersistenceUnitInfo [name: default]
2026-06-19T00:14:32.482-06:00  INFO 9208 --- [main] org.hibernate.Version                    : HHH000412: Hibernate ORM core version 6.6.22.Final
2026-06-19T00:14:32.497-06:00  INFO 9208 --- [main] o.h.c.internal.RegionFactoryInitiator    : HHH000026: Second-level cache disabled
2026-06-19T00:14:32.628-06:00  INFO 9208 --- [main] o.s.o.j.p.SpringPersistenceUnitInfo      : No LoadTimeWeaver setup: ignoring JPA class transformer
2026-06-19T00:14:32.641-06:00  INFO 9208 --- [main] com.zaxxer.hikari.HikariDataSource       : HikariPool-1 - Starting...
2026-06-19T00:14:35.239-06:00  INFO 9208 --- [main] com.zaxxer.hikari.pool.HikariPool        : HikariPool-1 - Added connection com.mysql.cj.jdbc.ConnectionImpl@3dcbbbc
2026-06-19T00:14:35.244-06:00  INFO 9208 --- [main] com.zaxxer.hikari.HikariDataSource       : HikariPool-1 - Start completed.
2026-06-19T00:14:35.376-06:00  WARN 9208 --- [main] org.hibernate.orm.deprecation            : HHH90000025: MySQL8Dialect does not need to be specified explicitly using 'hibernate.dialect' (remove the property setting and it will be selected by default)
2026-06-19T00:14:35.377-06:00  WARN 9208 --- [main] org.hibernate.orm.deprecation            : HHH90000026: MySQL8Dialect has been deprecated; use org.hibernate.dialect.MySQLDialect instead
2026-06-19T00:14:35.384-06:00  INFO 9208 --- [main] org.hibernate.orm.connections.pooling    : HHH10001005: Database info:
	Database JDBC URL [Connecting through datasource 'HikariDataSource (HikariPool-1)']
	Database driver: undefined/unknown
	Database version: 8.0
	Autocommit mode: undefined/unknown
	Isolation level: undefined/unknown
	Minimum pool size: undefined/unknown
	Maximum pool size: undefined/unknown
2026-06-19T00:14:35.678-06:00  WARN 9208 --- [main] org.hibernate.mapping.RootClass          : HHH000038: Composite-id class does not override equals(): com.asistencia_el_salvador.web_app_asistencia.model.UsuarioComercioPK
2026-06-19T00:14:35.678-06:00  WARN 9208 --- [main] org.hibernate.mapping.RootClass          : HHH000039: Composite-id class does not override hashCode(): com.asistencia_el_salvador.web_app_asistencia.model.UsuarioComercioPK
2026-06-19T00:14:36.266-06:00  INFO 9208 --- [main] o.h.e.t.j.p.i.JtaPlatformInitiator       : HHH000489: No JTA platform available (set 'hibernate.transaction.jta.platform' to enable JTA platform integration)
2026-06-19T00:14:36.267-06:00  INFO 9208 --- [main] j.LocalContainerEntityManagerFactoryBean : Initialized JPA EntityManagerFactory for persistence unit 'default'
2026-06-19T00:14:36.409-06:00  INFO 9208 --- [main] o.s.d.j.r.query.QueryEnhancerFactory     : Hibernate is in classpath; If applicable, HQL parser will be used.
2026-06-19T00:14:37.422-06:00  WARN 9208 --- [main] o.s.w.c.s.GenericWebApplicationContext   : Exception encountered during context initialization - cancelling refresh attempt: org.springframework.beans.factory.UnsatisfiedDependencyException: Error creating bean with name 'asistenciaApiController' defined in file [/Users/rcastro/Documents/ProyectosSpring/WebAppAsistencia/target/classes/com/asistencia_el_salvador/web_app_asistencia/api/AsistenciaApiController.class]: Unsatisfied dependency expressed through constructor parameter 26: Error creating bean with name 'promocionService' defined in file [/Users/rcastro/Documents/ProyectosSpring/WebAppAsistencia/target/classes/com/asistencia_el_salvador/web_app_asistencia/service/PromocionService.class]: Unsatisfied dependency expressed through constructor parameter 0: Error creating bean with name 'promocionRepository' defined in com.asistencia_el_salvador.web_app_asistencia.repository.PromocionRepository defined in @EnableJpaRepositories declared on JpaRepositoriesRegistrar.EnableJpaRepositoriesConfiguration: Could not create query for public abstract java.util.List com.asistencia_el_salvador.web_app_asistencia.repository.PromocionRepository.findDTOByNitEmpresa(java.lang.String); Reason: Validation failed for query for method public abstract java.util.List com.asistencia_el_salvador.web_app_asistencia.repository.PromocionRepository.findDTOByNitEmpresa(java.lang.String)
2026-06-19T00:14:37.424-06:00  INFO 9208 --- [main] j.LocalContainerEntityManagerFactoryBean : Closing JPA EntityManagerFactory for persistence unit 'default'
2026-06-19T00:14:37.426-06:00  INFO 9208 --- [main] com.zaxxer.hikari.HikariDataSource       : HikariPool-1 - Shutdown initiated...
2026-06-19T00:14:37.799-06:00  INFO 9208 --- [main] com.zaxxer.hikari.HikariDataSource       : HikariPool-1 - Shutdown completed.
2026-06-19T00:14:37.825-06:00  INFO 9208 --- [main] .s.b.a.l.ConditionEvaluationReportLogger : 

Error starting ApplicationContext. To display the condition evaluation report re-run your application with 'debug' enabled.
2026-06-19T00:14:37.841-06:00 ERROR 9208 --- [main] o.s.boot.SpringApplication               : Application run failed

org.springframework.beans.factory.UnsatisfiedDependencyException: Error creating bean with name 'asistenciaApiController' defined in file [/Users/rcastro/Documents/ProyectosSpring/WebAppAsistencia/target/classes/com/asistencia_el_salvador/web_app_asistencia/api/AsistenciaApiController.class]: Unsatisfied dependency expressed through constructor parameter 26: Error creating bean with name 'promocionService' defined in file [/Users/rcastro/Documents/ProyectosSpring/WebAppAsistencia/target/classes/com/asistencia_el_salvador/web_app_asistencia/service/PromocionService.class]: Unsatisfied dependency expressed through constructor parameter 0: Error creating bean with name 'promocionRepository' defined in com.asistencia_el_salvador.web_app_asistencia.repository.PromocionRepository defined in @EnableJpaRepositories declared on JpaRepositoriesRegistrar.EnableJpaRepositoriesConfiguration: Could not create query for public abstract java.util.List com.asistencia_el_salvador.web_app_asistencia.repository.PromocionRepository.findDTOByNitEmpresa(java.lang.String); Reason: Validation failed for query for method public abstract java.util.List com.asistencia_el_salvador.web_app_asistencia.repository.PromocionRepository.findDTOByNitEmpresa(java.lang.String)
	at org.springframework.beans.factory.support.ConstructorResolver.createArgumentArray(ConstructorResolver.java:804) ~[spring-beans-6.2.9.jar:6.2.9]
	at org.springframework.beans.factory.support.ConstructorResolver.autowireConstructor(ConstructorResolver.java:240) ~[spring-beans-6.2.9.jar:6.2.9]
	at org.springframework.beans.factory.support.AbstractAutowireCapableBeanFactory.autowireConstructor(AbstractAutowireCapableBeanFactory.java:1395) ~[spring-beans-6.2.9.jar:6.2.9]
	at org.springframework.beans.factory.support.AbstractAutowireCapableBeanFactory.createBeanInstance(AbstractAutowireCapableBeanFactory.java:1232) ~[spring-beans-6.2.9.jar:6.2.9]
	at org.springframework.beans.factory.support.AbstractAutowireCapableBeanFactory.doCreateBean(AbstractAutowireCapableBeanFactory.java:569) ~[spring-beans-6.2.9.jar:6.2.9]
	at org.springframework.beans.factory.support.AbstractAutowireCapableBeanFactory.createBean(AbstractAutowireCapableBeanFactory.java:529) ~[spring-beans-6.2.9.jar:6.2.9]
	at org.springframework.beans.factory.support.AbstractBeanFactory.lambda$doGetBean$0(AbstractBeanFactory.java:339) ~[spring-beans-6.2.9.jar:6.2.9]
	at org.springframework.beans.factory.support.DefaultSingletonBeanRegistry.getSingleton(DefaultSingletonBeanRegistry.java:373) ~[spring-beans-6.2.9.jar:6.2.9]
	at org.springframework.beans.factory.support.AbstractBeanFactory.doGetBean(AbstractBeanFactory.java:337) ~[spring-beans-6.2.9.jar:6.2.9]
	at org.springframework.beans.factory.support.AbstractBeanFactory.getBean(AbstractBeanFactory.java:202) ~[spring-beans-6.2.9.jar:6.2.9]
	at org.springframework.beans.factory.support.DefaultListableBeanFactory.instantiateSingleton(DefaultListableBeanFactory.java:1222) ~[spring-beans-6.2.9.jar:6.2.9]
	at org.springframework.beans.factory.support.DefaultListableBeanFactory.preInstantiateSingleton(DefaultListableBeanFactory.java:1188) ~[spring-beans-6.2.9.jar:6.2.9]
	at org.springframework.beans.factory.support.DefaultListableBeanFactory.preInstantiateSingletons(DefaultListableBeanFactory.java:1123) ~[spring-beans-6.2.9.jar:6.2.9]
	at org.springframework.context.support.AbstractApplicationContext.finishBeanFactoryInitialization(AbstractApplicationContext.java:987) ~[spring-context-6.2.9.jar:6.2.9]
	at org.springframework.context.support.AbstractApplicationContext.refresh(AbstractApplicationContext.java:627) ~[spring-context-6.2.9.jar:6.2.9]
	at org.springframework.boot.SpringApplication.refresh(SpringApplication.java:752) ~[spring-boot-3.5.4.jar:3.5.4]
	at org.springframework.boot.SpringApplication.refreshContext(SpringApplication.java:439) ~[spring-boot-3.5.4.jar:3.5.4]
	at org.springframework.boot.SpringApplication.run(SpringApplication.java:318) ~[spring-boot-3.5.4.jar:3.5.4]
	at org.springframework.boot.test.context.SpringBootContextLoader.lambda$loadContext$3(SpringBootContextLoader.java:144) ~[spring-boot-test-3.5.4.jar:3.5.4]
	at org.springframework.util.function.ThrowingSupplier.get(ThrowingSupplier.java:58) ~[spring-core-6.2.9.jar:6.2.9]
	at org.springframework.util.function.ThrowingSupplier.get(ThrowingSupplier.java:46) ~[spring-core-6.2.9.jar:6.2.9]
	at org.springframework.boot.SpringApplication.withHook(SpringApplication.java:1461) ~[spring-boot-3.5.4.jar:3.5.4]
	at org.springframework.boot.test.context.SpringBootContextLoader$ContextLoaderHook.run(SpringBootContextLoader.java:563) ~[spring-boot-test-3.5.4.jar:3.5.4]
	at org.springframework.boot.test.context.SpringBootContextLoader.loadContext(SpringBootContextLoader.java:144) ~[spring-boot-test-3.5.4.jar:3.5.4]
	at org.springframework.boot.test.context.SpringBootContextLoader.loadContext(SpringBootContextLoader.java:110) ~[spring-boot-test-3.5.4.jar:3.5.4]
	at org.springframework.test.context.cache.DefaultCacheAwareContextLoaderDelegate.loadContextInternal(DefaultCacheAwareContextLoaderDelegate.java:225) ~[spring-test-6.2.9.jar:6.2.9]
	at org.springframework.test.context.cache.DefaultCacheAwareContextLoaderDelegate.loadContext(DefaultCacheAwareContextLoaderDelegate.java:152) ~[spring-test-6.2.9.jar:6.2.9]
	at org.springframework.test.context.support.DefaultTestContext.getApplicationContext(DefaultTestContext.java:130) ~[spring-test-6.2.9.jar:6.2.9]
	at org.springframework.test.context.web.ServletTestExecutionListener.setUpRequestContextIfNecessary(ServletTestExecutionListener.java:200) ~[spring-test-6.2.9.jar:6.2.9]
	at org.springframework.test.context.web.ServletTestExecutionListener.prepareTestInstance(ServletTestExecutionListener.java:139) ~[spring-test-6.2.9.jar:6.2.9]
	at org.springframework.test.context.TestContextManager.prepareTestInstance(TestContextManager.java:260) ~[spring-test-6.2.9.jar:6.2.9]
	at org.springframework.test.context.junit.jupiter.SpringExtension.postProcessTestInstance(SpringExtension.java:159) ~[spring-test-6.2.9.jar:6.2.9]
	at org.junit.jupiter.engine.descriptor.ClassBasedTestDescriptor.lambda$invokeTestInstancePostProcessors$10(ClassBasedTestDescriptor.java:383) ~[junit-jupiter-engine-5.12.2.jar:5.12.2]
	at org.junit.jupiter.engine.descriptor.ClassBasedTestDescriptor.executeAndMaskThrowable(ClassBasedTestDescriptor.java:388) ~[junit-jupiter-engine-5.12.2.jar:5.12.2]
	at org.junit.jupiter.engine.descriptor.ClassBasedTestDescriptor.lambda$invokeTestInstancePostProcessors$11(ClassBasedTestDescriptor.java:382) ~[junit-jupiter-engine-5.12.2.jar:5.12.2]
	at java.base/java.util.stream.ForEachOps$ForEachOp$OfRef.accept(ForEachOps.java:184) ~[na:na]
	at java.base/java.util.stream.ReferencePipeline$3$1.accept(ReferencePipeline.java:197) ~[na:na]
	at java.base/java.util.stream.ReferencePipeline$2$1.accept(ReferencePipeline.java:179) ~[na:na]
	at java.base/java.util.stream.ReferencePipeline$3$1.accept(ReferencePipeline.java:197) ~[na:na]
	at java.base/java.util.ArrayList$ArrayListSpliterator.forEachRemaining(ArrayList.java:1708) ~[na:na]
	at java.base/java.util.stream.AbstractPipeline.copyInto(AbstractPipeline.java:509) ~[na:na]
	at java.base/java.util.stream.AbstractPipeline.wrapAndCopyInto(AbstractPipeline.java:499) ~[na:na]
	at java.base/java.util.stream.ForEachOps$ForEachOp.evaluateSequential(ForEachOps.java:151) ~[na:na]
	at java.base/java.util.stream.ForEachOps$ForEachOp$OfRef.evaluateSequential(ForEachOps.java:174) ~[na:na]
	at java.base/java.util.stream.AbstractPipeline.evaluate(AbstractPipeline.java:234) ~[na:na]
	at java.base/java.util.stream.ReferencePipeline.forEach(ReferencePipeline.java:596) ~[na:na]
	at org.junit.jupiter.engine.descriptor.ClassBasedTestDescriptor.invokeTestInstancePostProcessors(ClassBasedTestDescriptor.java:382) ~[junit-jupiter-engine-5.12.2.jar:5.12.2]
	at org.junit.jupiter.engine.descriptor.ClassBasedTestDescriptor.lambda$instantiateAndPostProcessTestInstance$6(ClassBasedTestDescriptor.java:293) ~[junit-jupiter-engine-5.12.2.jar:5.12.2]
	at org.junit.platform.engine.support.hierarchical.ThrowableCollector.execute(ThrowableCollector.java:73) ~[junit-platform-engine-1.12.2.jar:1.12.2]
	at org.junit.jupiter.engine.descriptor.ClassBasedTestDescriptor.instantiateAndPostProcessTestInstance(ClassBasedTestDescriptor.java:292) ~[junit-jupiter-engine-5.12.2.jar:5.12.2]
	at org.junit.jupiter.engine.descriptor.ClassBasedTestDescriptor.lambda$testInstancesProvider$4(ClassBasedTestDescriptor.java:281) ~[junit-jupiter-engine-5.12.2.jar:5.12.2]
	at java.base/java.util.Optional.orElseGet(Optional.java:364) ~[na:na]
	at org.junit.jupiter.engine.descriptor.ClassBasedTestDescriptor.lambda$testInstancesProvider$5(ClassBasedTestDescriptor.java:280) ~[junit-jupiter-engine-5.12.2.jar:5.12.2]
	at org.junit.jupiter.engine.execution.TestInstancesProvider.getTestInstances(TestInstancesProvider.java:27) ~[junit-jupiter-engine-5.12.2.jar:5.12.2]
	at org.junit.jupiter.engine.descriptor.TestMethodTestDescriptor.lambda$prepare$0(TestMethodTestDescriptor.java:112) ~[junit-jupiter-engine-5.12.2.jar:5.12.2]
	at org.junit.platform.engine.support.hierarchical.ThrowableCollector.execute(ThrowableCollector.java:73) ~[junit-platform-engine-1.12.2.jar:1.12.2]
	at org.junit.jupiter.engine.descriptor.TestMethodTestDescriptor.prepare(TestMethodTestDescriptor.java:111) ~[junit-jupiter-engine-5.12.2.jar:5.12.2]
	at org.junit.jupiter.engine.descriptor.TestMethodTestDescriptor.prepare(TestMethodTestDescriptor.java:69) ~[junit-jupiter-engine-5.12.2.jar:5.12.2]
	at org.junit.platform.engine.support.hierarchical.NodeTestTask.lambda$prepare$2(NodeTestTask.java:128) ~[junit-platform-engine-1.12.2.jar:1.12.2]
	at org.junit.platform.engine.support.hierarchical.ThrowableCollector.execute(ThrowableCollector.java:73) ~[junit-platform-engine-1.12.2.jar:1.12.2]
	at org.junit.platform.engine.support.hierarchical.NodeTestTask.prepare(NodeTestTask.java:128) ~[junit-platform-engine-1.12.2.jar:1.12.2]
	at org.junit.platform.engine.support.hierarchical.NodeTestTask.execute(NodeTestTask.java:95) ~[junit-platform-engine-1.12.2.jar:1.12.2]
	at java.base/java.util.ArrayList.forEach(ArrayList.java:1596) ~[na:na]
	at org.junit.platform.engine.support.hierarchical.SameThreadHierarchicalTestExecutorService.invokeAll(SameThreadHierarchicalTestExecutorService.java:41) ~[junit-platform-engine-1.12.2.jar:1.12.2]
	at org.junit.platform.engine.support.hierarchical.NodeTestTask.lambda$executeRecursively$6(NodeTestTask.java:160) ~[junit-platform-engine-1.12.2.jar:1.12.2]
	at org.junit.platform.engine.support.hierarchical.ThrowableCollector.execute(ThrowableCollector.java:73) ~[junit-platform-engine-1.12.2.jar:1.12.2]
	at org.junit.platform.engine.support.hierarchical.NodeTestTask.lambda$executeRecursively$8(NodeTestTask.java:146) ~[junit-platform-engine-1.12.2.jar:1.12.2]
	at org.junit.platform.engine.support.hierarchical.Node.around(Node.java:137) ~[junit-platform-engine-1.12.2.jar:1.12.2]
	at org.junit.platform.engine.support.hierarchical.NodeTestTask.lambda$executeRecursively$9(NodeTestTask.java:144) ~[junit-platform-engine-1.12.2.jar:1.12.2]
	at org.junit.platform.engine.support.hierarchical.ThrowableCollector.execute(ThrowableCollector.java:73) ~[junit-platform-engine-1.12.2.jar:1.12.2]
	at org.junit.platform.engine.support.hierarchical.NodeTestTask.executeRecursively(NodeTestTask.java:143) ~[junit-platform-engine-1.12.2.jar:1.12.2]
	at org.junit.platform.engine.support.hierarchical.NodeTestTask.execute(NodeTestTask.java:100) ~[junit-platform-engine-1.12.2.jar:1.12.2]
	at java.base/java.util.ArrayList.forEach(ArrayList.java:1596) ~[na:na]
	at org.junit.platform.engine.support.hierarchical.SameThreadHierarchicalTestExecutorService.invokeAll(SameThreadHierarchicalTestExecutorService.java:41) ~[junit-platform-engine-1.12.2.jar:1.12.2]
	at org.junit.platform.engine.support.hierarchical.NodeTestTask.lambda$executeRecursively$6(NodeTestTask.java:160) ~[junit-platform-engine-1.12.2.jar:1.12.2]
	at org.junit.platform.engine.support.hierarchical.ThrowableCollector.execute(ThrowableCollector.java:73) ~[junit-platform-engine-1.12.2.jar:1.12.2]
	at org.junit.platform.engine.support.hierarchical.NodeTestTask.lambda$executeRecursively$8(NodeTestTask.java:146) ~[junit-platform-engine-1.12.2.jar:1.12.2]
	at org.junit.platform.engine.support.hierarchical.Node.around(Node.java:137) ~[junit-platform-engine-1.12.2.jar:1.12.2]
	at org.junit.platform.engine.support.hierarchical.NodeTestTask.lambda$executeRecursively$9(NodeTestTask.java:144) ~[junit-platform-engine-1.12.2.jar:1.12.2]
	at org.junit.platform.engine.support.hierarchical.ThrowableCollector.execute(ThrowableCollector.java:73) ~[junit-platform-engine-1.12.2.jar:1.12.2]
	at org.junit.platform.engine.support.hierarchical.NodeTestTask.executeRecursively(NodeTestTask.java:143) ~[junit-platform-engine-1.12.2.jar:1.12.2]
	at org.junit.platform.engine.support.hierarchical.NodeTestTask.execute(NodeTestTask.java:100) ~[junit-platform-engine-1.12.2.jar:1.12.2]
	at org.junit.platform.engine.support.hierarchical.SameThreadHierarchicalTestExecutorService.submit(SameThreadHierarchicalTestExecutorService.java:35) ~[junit-platform-engine-1.12.2.jar:1.12.2]
	at org.junit.platform.engine.support.hierarchical.HierarchicalTestExecutor.execute(HierarchicalTestExecutor.java:57) ~[junit-platform-engine-1.12.2.jar:1.12.2]
	at org.junit.platform.engine.support.hierarchical.HierarchicalTestEngine.execute(HierarchicalTestEngine.java:54) ~[junit-platform-engine-1.12.2.jar:1.12.2]
	at org.junit.platform.launcher.core.EngineExecutionOrchestrator.execute(EngineExecutionOrchestrator.java:201) ~[junit-platform-launcher-1.12.2.jar:1.12.2]
	at org.junit.platform.launcher.core.EngineExecutionOrchestrator.execute(EngineExecutionOrchestrator.java:170) ~[junit-platform-launcher-1.12.2.jar:1.12.2]
	at org.junit.platform.launcher.core.EngineExecutionOrchestrator.execute(EngineExecutionOrchestrator.java:94) ~[junit-platform-launcher-1.12.2.jar:1.12.2]
	at org.junit.platform.launcher.core.EngineExecutionOrchestrator.lambda$execute$0(EngineExecutionOrchestrator.java:59) ~[junit-platform-launcher-1.12.2.jar:1.12.2]
	at org.junit.platform.launcher.core.EngineExecutionOrchestrator.withInterceptedStreams(EngineExecutionOrchestrator.java:142) ~[junit-platform-launcher-1.12.2.jar:1.12.2]
	at org.junit.platform.launcher.core.EngineExecutionOrchestrator.execute(EngineExecutionOrchestrator.java:58) ~[junit-platform-launcher-1.12.2.jar:1.12.2]
	at org.junit.platform.launcher.core.DefaultLauncher.execute(DefaultLauncher.java:103) ~[junit-platform-launcher-1.12.2.jar:1.12.2]
	at org.junit.platform.launcher.core.DefaultLauncher.execute(DefaultLauncher.java:85) ~[junit-platform-launcher-1.12.2.jar:1.12.2]
	at org.junit.platform.launcher.core.DelegatingLauncher.execute(DelegatingLauncher.java:47) ~[junit-platform-launcher-1.12.2.jar:1.12.2]
	at org.junit.platform.launcher.core.InterceptingLauncher.lambda$execute$1(InterceptingLauncher.java:39) ~[junit-platform-launcher-1.12.2.jar:1.12.2]
	at org.junit.platform.launcher.core.ClasspathAlignmentCheckingLauncherInterceptor.intercept(ClasspathAlignmentCheckingLauncherInterceptor.java:25) ~[junit-platform-launcher-1.12.2.jar:1.12.2]
	at org.junit.platform.launcher.core.InterceptingLauncher.execute(InterceptingLauncher.java:38) ~[junit-platform-launcher-1.12.2.jar:1.12.2]
	at org.junit.platform.launcher.core.DelegatingLauncher.execute(DelegatingLauncher.java:47) ~[junit-platform-launcher-1.12.2.jar:1.12.2]
	at org.apache.maven.surefire.junitplatform.LazyLauncher.execute(LazyLauncher.java:56) ~[surefire-junit-platform-3.5.3.jar:3.5.3]
	at org.apache.maven.surefire.junitplatform.JUnitPlatformProvider.execute(JUnitPlatformProvider.java:194) ~[surefire-junit-platform-3.5.3.jar:3.5.3]
	at org.apache.maven.surefire.junitplatform.JUnitPlatformProvider.invokeAllTests(JUnitPlatformProvider.java:150) ~[surefire-junit-platform-3.5.3.jar:3.5.3]
	at org.apache.maven.surefire.junitplatform.JUnitPlatformProvider.invoke(JUnitPlatformProvider.java:124) ~[surefire-junit-platform-3.5.3.jar:3.5.3]
	at org.apache.maven.surefire.booter.ForkedBooter.runSuitesInProcess(ForkedBooter.java:385) ~[surefire-booter-3.5.3.jar:3.5.3]
	at org.apache.maven.surefire.booter.ForkedBooter.execute(ForkedBooter.java:162) ~[surefire-booter-3.5.3.jar:3.5.3]
	at org.apache.maven.surefire.booter.ForkedBooter.run(ForkedBooter.java:507) ~[surefire-booter-3.5.3.jar:3.5.3]
	at org.apache.maven.surefire.booter.ForkedBooter.main(ForkedBooter.java:495) ~[surefire-booter-3.5.3.jar:3.5.3]
Caused by: org.springframework.beans.factory.UnsatisfiedDependencyException: Error creating bean with name 'promocionService' defined in file [/Users/rcastro/Documents/ProyectosSpring/WebAppAsistencia/target/classes/com/asistencia_el_salvador/web_app_asistencia/service/PromocionService.class]: Unsatisfied dependency expressed through constructor parameter 0: Error creating bean with name 'promocionRepository' defined in com.asistencia_el_salvador.web_app_asistencia.repository.PromocionRepository defined in @EnableJpaRepositories declared on JpaRepositoriesRegistrar.EnableJpaRepositoriesConfiguration: Could not create query for public abstract java.util.List com.asistencia_el_salvador.web_app_asistencia.repository.PromocionRepository.findDTOByNitEmpresa(java.lang.String); Reason: Validation failed for query for method public abstract java.util.List com.asistencia_el_salvador.web_app_asistencia.repository.PromocionRepository.findDTOByNitEmpresa(java.lang.String)
	at org.springframework.beans.factory.support.ConstructorResolver.createArgumentArray(ConstructorResolver.java:804) ~[spring-beans-6.2.9.jar:6.2.9]
	at org.springframework.beans.factory.support.ConstructorResolver.autowireConstructor(ConstructorResolver.java:240) ~[spring-beans-6.2.9.jar:6.2.9]
	at org.springframework.beans.factory.support.AbstractAutowireCapableBeanFactory.autowireConstructor(AbstractAutowireCapableBeanFactory.java:1395) ~[spring-beans-6.2.9.jar:6.2.9]
	at org.springframework.beans.factory.support.AbstractAutowireCapableBeanFactory.createBeanInstance(AbstractAutowireCapableBeanFactory.java:1232) ~[spring-beans-6.2.9.jar:6.2.9]
	at org.springframework.beans.factory.support.AbstractAutowireCapableBeanFactory.doCreateBean(AbstractAutowireCapableBeanFactory.java:569) ~[spring-beans-6.2.9.jar:6.2.9]
	at org.springframework.beans.factory.support.AbstractAutowireCapableBeanFactory.createBean(AbstractAutowireCapableBeanFactory.java:529) ~[spring-beans-6.2.9.jar:6.2.9]
	at org.springframework.beans.factory.support.AbstractBeanFactory.lambda$doGetBean$0(AbstractBeanFactory.java:339) ~[spring-beans-6.2.9.jar:6.2.9]
	at org.springframework.beans.factory.support.DefaultSingletonBeanRegistry.getSingleton(DefaultSingletonBeanRegistry.java:373) ~[spring-beans-6.2.9.jar:6.2.9]
	at org.springframework.beans.factory.support.AbstractBeanFactory.doGetBean(AbstractBeanFactory.java:337) ~[spring-beans-6.2.9.jar:6.2.9]
	at org.springframework.beans.factory.support.AbstractBeanFactory.getBean(AbstractBeanFactory.java:202) ~[spring-beans-6.2.9.jar:6.2.9]
	at org.springframework.beans.factory.support.DefaultListableBeanFactory.doResolveDependency(DefaultListableBeanFactory.java:1683) ~[spring-beans-6.2.9.jar:6.2.9]
	at org.springframework.beans.factory.support.DefaultListableBeanFactory.resolveDependency(DefaultListableBeanFactory.java:1628) ~[spring-beans-6.2.9.jar:6.2.9]
	at org.springframework.beans.factory.support.ConstructorResolver.resolveAutowiredArgument(ConstructorResolver.java:913) ~[spring-beans-6.2.9.jar:6.2.9]
	at org.springframework.beans.factory.support.ConstructorResolver.createArgumentArray(ConstructorResolver.java:791) ~[spring-beans-6.2.9.jar:6.2.9]
	... 105 common frames omitted
Caused by: org.springframework.beans.factory.BeanCreationException: Error creating bean with name 'promocionRepository' defined in com.asistencia_el_salvador.web_app_asistencia.repository.PromocionRepository defined in @EnableJpaRepositories declared on JpaRepositoriesRegistrar.EnableJpaRepositoriesConfiguration: Could not create query for public abstract java.util.List com.asistencia_el_salvador.web_app_asistencia.repository.PromocionRepository.findDTOByNitEmpresa(java.lang.String); Reason: Validation failed for query for method public abstract java.util.List com.asistencia_el_salvador.web_app_asistencia.repository.PromocionRepository.findDTOByNitEmpresa(java.lang.String)
	at org.springframework.beans.factory.support.AbstractAutowireCapableBeanFactory.initializeBean(AbstractAutowireCapableBeanFactory.java:1826) ~[spring-beans-6.2.9.jar:6.2.9]
	at org.springframework.beans.factory.support.AbstractAutowireCapableBeanFactory.doCreateBean(AbstractAutowireCapableBeanFactory.java:607) ~[spring-beans-6.2.9.jar:6.2.9]
	at org.springframework.beans.factory.support.AbstractAutowireCapableBeanFactory.createBean(AbstractAutowireCapableBeanFactory.java:529) ~[spring-beans-6.2.9.jar:6.2.9]
	at org.springframework.beans.factory.support.AbstractBeanFactory.lambda$doGetBean$0(AbstractBeanFactory.java:339) ~[spring-beans-6.2.9.jar:6.2.9]
	at org.springframework.beans.factory.support.DefaultSingletonBeanRegistry.getSingleton(DefaultSingletonBeanRegistry.java:373) ~[spring-beans-6.2.9.jar:6.2.9]
	at org.springframework.beans.factory.support.AbstractBeanFactory.doGetBean(AbstractBeanFactory.java:337) ~[spring-beans-6.2.9.jar:6.2.9]
	at org.springframework.beans.factory.support.AbstractBeanFactory.getBean(AbstractBeanFactory.java:202) ~[spring-beans-6.2.9.jar:6.2.9]
	at org.springframework.beans.factory.support.DefaultListableBeanFactory.doResolveDependency(DefaultListableBeanFactory.java:1683) ~[spring-beans-6.2.9.jar:6.2.9]
	at org.springframework.beans.factory.support.DefaultListableBeanFactory.resolveDependency(DefaultListableBeanFactory.java:1628) ~[spring-beans-6.2.9.jar:6.2.9]
	at org.springframework.beans.factory.support.ConstructorResolver.resolveAutowiredArgument(ConstructorResolver.java:913) ~[spring-beans-6.2.9.jar:6.2.9]
	at org.springframework.beans.factory.support.ConstructorResolver.createArgumentArray(ConstructorResolver.java:791) ~[spring-beans-6.2.9.jar:6.2.9]
	... 118 common frames omitted
Caused by: org.springframework.data.repository.query.QueryCreationException: Could not create query for public abstract java.util.List com.asistencia_el_salvador.web_app_asistencia.repository.PromocionRepository.findDTOByNitEmpresa(java.lang.String); Reason: Validation failed for query for method public abstract java.util.List com.asistencia_el_salvador.web_app_asistencia.repository.PromocionRepository.findDTOByNitEmpresa(java.lang.String)
	at org.springframework.data.repository.query.QueryCreationException.create(QueryCreationException.java:101) ~[spring-data-commons-3.5.2.jar:3.5.2]
	at org.springframework.data.repository.core.support.QueryExecutorMethodInterceptor.lookupQuery(QueryExecutorMethodInterceptor.java:120) ~[spring-data-commons-3.5.2.jar:3.5.2]
	at org.springframework.data.repository.core.support.QueryExecutorMethodInterceptor.mapMethodsToQuery(QueryExecutorMethodInterceptor.java:104) ~[spring-data-commons-3.5.2.jar:3.5.2]
	at org.springframework.data.repository.core.support.QueryExecutorMethodInterceptor.lambda$new$0(QueryExecutorMethodInterceptor.java:92) ~[spring-data-commons-3.5.2.jar:3.5.2]
	at java.base/java.util.Optional.map(Optional.java:260) ~[na:na]
	at org.springframework.data.repository.core.support.QueryExecutorMethodInterceptor.<init>(QueryExecutorMethodInterceptor.java:92) ~[spring-data-commons-3.5.2.jar:3.5.2]
	at org.springframework.data.repository.core.support.RepositoryFactorySupport.getRepository(RepositoryFactorySupport.java:434) ~[spring-data-commons-3.5.2.jar:3.5.2]
	at org.springframework.data.repository.core.support.RepositoryFactoryBeanSupport.lambda$afterPropertiesSet$4(RepositoryFactoryBeanSupport.java:350) ~[spring-data-commons-3.5.2.jar:3.5.2]
	at org.springframework.data.util.Lazy.getNullable(Lazy.java:135) ~[spring-data-commons-3.5.2.jar:3.5.2]
	at org.springframework.data.util.Lazy.get(Lazy.java:113) ~[spring-data-commons-3.5.2.jar:3.5.2]
	at org.springframework.data.repository.core.support.RepositoryFactoryBeanSupport.afterPropertiesSet(RepositoryFactoryBeanSupport.java:356) ~[spring-data-commons-3.5.2.jar:3.5.2]
	at org.springframework.data.jpa.repository.support.JpaRepositoryFactoryBean.afterPropertiesSet(JpaRepositoryFactoryBean.java:132) ~[spring-data-jpa-3.5.2.jar:3.5.2]
	at org.springframework.beans.factory.support.AbstractAutowireCapableBeanFactory.invokeInitMethods(AbstractAutowireCapableBeanFactory.java:1873) ~[spring-beans-6.2.9.jar:6.2.9]
	at org.springframework.beans.factory.support.AbstractAutowireCapableBeanFactory.initializeBean(AbstractAutowireCapableBeanFactory.java:1822) ~[spring-beans-6.2.9.jar:6.2.9]
	... 128 common frames omitted
Caused by: java.lang.IllegalArgumentException: Validation failed for query for method public abstract java.util.List com.asistencia_el_salvador.web_app_asistencia.repository.PromocionRepository.findDTOByNitEmpresa(java.lang.String)
	at org.springframework.data.jpa.repository.query.SimpleJpaQuery.validateQuery(SimpleJpaQuery.java:97) ~[spring-data-jpa-3.5.2.jar:3.5.2]
	at org.springframework.data.jpa.repository.query.SimpleJpaQuery.<init>(SimpleJpaQuery.java:67) ~[spring-data-jpa-3.5.2.jar:3.5.2]
	at org.springframework.data.jpa.repository.query.JpaQueryFactory.fromMethodWithQueryString(JpaQueryFactory.java:49) ~[spring-data-jpa-3.5.2.jar:3.5.2]
	at org.springframework.data.jpa.repository.query.JpaQueryLookupStrategy$DeclaredQueryLookupStrategy.resolveQuery(JpaQueryLookupStrategy.java:174) ~[spring-data-jpa-3.5.2.jar:3.5.2]
	at org.springframework.data.jpa.repository.query.JpaQueryLookupStrategy$CreateIfNotFoundQueryLookupStrategy.resolveQuery(JpaQueryLookupStrategy.java:254) ~[spring-data-jpa-3.5.2.jar:3.5.2]
	at org.springframework.data.jpa.repository.query.JpaQueryLookupStrategy$AbstractQueryLookupStrategy.resolveQuery(JpaQueryLookupStrategy.java:99) ~[spring-data-jpa-3.5.2.jar:3.5.2]
	at org.springframework.data.repository.core.support.QueryExecutorMethodInterceptor.lookupQuery(QueryExecutorMethodInterceptor.java:116) ~[spring-data-commons-3.5.2.jar:3.5.2]
	... 140 common frames omitted
Caused by: java.lang.IllegalArgumentException: org.hibernate.query.sqm.UnknownPathException: Could not resolve attribute 'qrJson' of 'com.asistencia_el_salvador.web_app_asistencia.model.Promocion' [SELECT new com.asistencia_el_salvador.web_app_asistencia.dto.PromocionDTO(p.id, p.nitEmpresa, p.idPlan, pl.nombrePlan, p.nombreDescuento, p.tipoDescuento, p.valorDescuento, p.activo, p.fechaInicio, p.fechaFin, p.qrCode, p.canjesPorUsuario, p.maxCanjes, p.qrJson) FROM Promocion p LEFT JOIN Plan pl ON pl.idPlan = p.idPlan WHERE p.nitEmpresa = :nit]
	at org.hibernate.internal.ExceptionConverterImpl.convert(ExceptionConverterImpl.java:143) ~[hibernate-core-6.6.22.Final.jar:6.6.22.Final]
	at org.hibernate.internal.ExceptionConverterImpl.convert(ExceptionConverterImpl.java:167) ~[hibernate-core-6.6.22.Final.jar:6.6.22.Final]
	at org.hibernate.internal.ExceptionConverterImpl.convert(ExceptionConverterImpl.java:173) ~[hibernate-core-6.6.22.Final.jar:6.6.22.Final]
	at org.hibernate.internal.AbstractSharedSessionContract.createQuery(AbstractSharedSessionContract.java:886) ~[hibernate-core-6.6.22.Final.jar:6.6.22.Final]
	at org.hibernate.internal.AbstractSharedSessionContract.createQuery(AbstractSharedSessionContract.java:796) ~[hibernate-core-6.6.22.Final.jar:6.6.22.Final]
	at org.hibernate.internal.AbstractSharedSessionContract.createQuery(AbstractSharedSessionContract.java:143) ~[hibernate-core-6.6.22.Final.jar:6.6.22.Final]
	at java.base/jdk.internal.reflect.DirectMethodHandleAccessor.invoke(DirectMethodHandleAccessor.java:103) ~[na:na]
	at java.base/java.lang.reflect.Method.invoke(Method.java:580) ~[na:na]
	at org.springframework.orm.jpa.ExtendedEntityManagerCreator$ExtendedEntityManagerInvocationHandler.invoke(ExtendedEntityManagerCreator.java:364) ~[spring-orm-6.2.9.jar:6.2.9]
	at jdk.proxy2/jdk.proxy2.$Proxy142.createQuery(Unknown Source) ~[na:na]
	at org.springframework.data.jpa.repository.query.SimpleJpaQuery.validateQuery(SimpleJpaQuery.java:91) ~[spring-data-jpa-3.5.2.jar:3.5.2]
	... 146 common frames omitted
Caused by: org.hibernate.query.sqm.UnknownPathException: Could not resolve attribute 'qrJson' of 'com.asistencia_el_salvador.web_app_asistencia.model.Promocion' [SELECT new com.asistencia_el_salvador.web_app_asistencia.dto.PromocionDTO(p.id, p.nitEmpresa, p.idPlan, pl.nombrePlan, p.nombreDescuento, p.tipoDescuento, p.valorDescuento, p.activo, p.fechaInicio, p.fechaFin, p.qrCode, p.canjesPorUsuario, p.maxCanjes, p.qrJson) FROM Promocion p LEFT JOIN Plan pl ON pl.idPlan = p.idPlan WHERE p.nitEmpresa = :nit]
	at org.hibernate.query.hql.internal.StandardHqlTranslator.translate(StandardHqlTranslator.java:88) ~[hibernate-core-6.6.22.Final.jar:6.6.22.Final]
	at org.hibernate.query.internal.QueryInterpretationCacheStandardImpl.createHqlInterpretation(QueryInterpretationCacheStandardImpl.java:145) ~[hibernate-core-6.6.22.Final.jar:6.6.22.Final]
	at org.hibernate.query.internal.QueryInterpretationCacheStandardImpl.resolveHqlInterpretation(QueryInterpretationCacheStandardImpl.java:132) ~[hibernate-core-6.6.22.Final.jar:6.6.22.Final]
	at org.hibernate.query.spi.QueryEngine.interpretHql(QueryEngine.java:54) ~[hibernate-core-6.6.22.Final.jar:6.6.22.Final]
	at org.hibernate.internal.AbstractSharedSessionContract.interpretHql(AbstractSharedSessionContract.java:832) ~[hibernate-core-6.6.22.Final.jar:6.6.22.Final]
	at org.hibernate.internal.AbstractSharedSessionContract.createQuery(AbstractSharedSessionContract.java:878) ~[hibernate-core-6.6.22.Final.jar:6.6.22.Final]
	... 153 common frames omitted
Caused by: org.hibernate.query.sqm.PathElementException: Could not resolve attribute 'qrJson' of 'com.asistencia_el_salvador.web_app_asistencia.model.Promocion'
	at org.hibernate.query.sqm.SqmPathSource.getSubPathSource(SqmPathSource.java:95) ~[hibernate-core-6.6.22.Final.jar:6.6.22.Final]
	at org.hibernate.query.sqm.tree.domain.AbstractSqmPath.get(AbstractSqmPath.java:198) ~[hibernate-core-6.6.22.Final.jar:6.6.22.Final]
	at org.hibernate.query.sqm.tree.domain.AbstractSqmFrom.resolvePathPart(AbstractSqmFrom.java:198) ~[hibernate-core-6.6.22.Final.jar:6.6.22.Final]
	at org.hibernate.query.hql.internal.DomainPathPart.resolvePathPart(DomainPathPart.java:42) ~[hibernate-core-6.6.22.Final.jar:6.6.22.Final]
	at org.hibernate.query.hql.internal.BasicDotIdentifierConsumer.consumeIdentifier(BasicDotIdentifierConsumer.java:92) ~[hibernate-core-6.6.22.Final.jar:6.6.22.Final]
	at org.hibernate.query.hql.internal.SemanticQueryBuilder.visitSimplePath(SemanticQueryBuilder.java:5465) ~[hibernate-core-6.6.22.Final.jar:6.6.22.Final]
	at org.hibernate.query.hql.internal.SemanticQueryBuilder.visitGeneralPathFragment(SemanticQueryBuilder.java:5298) ~[hibernate-core-6.6.22.Final.jar:6.6.22.Final]
	at org.hibernate.query.hql.internal.SemanticQueryBuilder.visitGeneralPathExpression(SemanticQueryBuilder.java:1891) ~[hibernate-core-6.6.22.Final.jar:6.6.22.Final]
	at org.hibernate.grammars.hql.HqlParser$GeneralPathExpressionContext.accept(HqlParser.java:8268) ~[hibernate-core-6.6.22.Final.jar:6.6.22.Final]
	at org.antlr.v4.runtime.tree.AbstractParseTreeVisitor.visitChildren(AbstractParseTreeVisitor.java:46) ~[antlr4-runtime-4.13.0.jar:4.13.0]
	at org.hibernate.grammars.hql.HqlParserBaseVisitor.visitBarePrimaryExpression(HqlParserBaseVisitor.java:812) ~[hibernate-core-6.6.22.Final.jar:6.6.22.Final]
	at org.hibernate.grammars.hql.HqlParser$BarePrimaryExpressionContext.accept(HqlParser.java:7726) ~[hibernate-core-6.6.22.Final.jar:6.6.22.Final]
	at org.antlr.v4.runtime.tree.AbstractParseTreeVisitor.visitChildren(AbstractParseTreeVisitor.java:46) ~[antlr4-runtime-4.13.0.jar:4.13.0]
	at org.hibernate.grammars.hql.HqlParserBaseVisitor.visitExpressionOrPredicate(HqlParserBaseVisitor.java:945) ~[hibernate-core-6.6.22.Final.jar:6.6.22.Final]
	at org.hibernate.grammars.hql.HqlParser$ExpressionOrPredicateContext.accept(HqlParser.java:8468) ~[hibernate-core-6.6.22.Final.jar:6.6.22.Final]
	at org.antlr.v4.runtime.tree.AbstractParseTreeVisitor.visitChildren(AbstractParseTreeVisitor.java:46) ~[antlr4-runtime-4.13.0.jar:4.13.0]
	at org.hibernate.grammars.hql.HqlParserBaseVisitor.visitInstantiationArgumentExpression(HqlParserBaseVisitor.java:392) ~[hibernate-core-6.6.22.Final.jar:6.6.22.Final]
	at org.hibernate.grammars.hql.HqlParser$InstantiationArgumentExpressionContext.accept(HqlParser.java:4285) ~[hibernate-core-6.6.22.Final.jar:6.6.22.Final]
	at org.hibernate.query.hql.internal.SemanticQueryBuilder.visitInstantiationArgument(SemanticQueryBuilder.java:1536) ~[hibernate-core-6.6.22.Final.jar:6.6.22.Final]
	at org.hibernate.query.hql.internal.SemanticQueryBuilder.visitInstantiation(SemanticQueryBuilder.java:1502) ~[hibernate-core-6.6.22.Final.jar:6.6.22.Final]
	at org.hibernate.query.hql.internal.SemanticQueryBuilder.visitInstantiation(SemanticQueryBuilder.java:277) ~[hibernate-core-6.6.22.Final.jar:6.6.22.Final]
	at org.hibernate.grammars.hql.HqlParser$InstantiationContext.accept(HqlParser.java:4034) ~[hibernate-core-6.6.22.Final.jar:6.6.22.Final]
	at org.hibernate.query.hql.internal.SemanticQueryBuilder.visitSelectableNode(SemanticQueryBuilder.java:1458) ~[hibernate-core-6.6.22.Final.jar:6.6.22.Final]
	at org.hibernate.query.hql.internal.SemanticQueryBuilder.visitSelection(SemanticQueryBuilder.java:1412) ~[hibernate-core-6.6.22.Final.jar:6.6.22.Final]
	at org.hibernate.query.hql.internal.SemanticQueryBuilder.visitSelectClause(SemanticQueryBuilder.java:1405) ~[hibernate-core-6.6.22.Final.jar:6.6.22.Final]
	at org.hibernate.query.hql.internal.SemanticQueryBuilder.visitQuery(SemanticQueryBuilder.java:1254) ~[hibernate-core-6.6.22.Final.jar:6.6.22.Final]
	at org.hibernate.query.hql.internal.SemanticQueryBuilder.visitQuerySpecExpression(SemanticQueryBuilder.java:1040) ~[hibernate-core-6.6.22.Final.jar:6.6.22.Final]
	at org.hibernate.query.hql.internal.SemanticQueryBuilder.visitQuerySpecExpression(SemanticQueryBuilder.java:277) ~[hibernate-core-6.6.22.Final.jar:6.6.22.Final]
	at org.hibernate.grammars.hql.HqlParser$QuerySpecExpressionContext.accept(HqlParser.java:2134) ~[hibernate-core-6.6.22.Final.jar:6.6.22.Final]
	at org.hibernate.query.hql.internal.SemanticQueryBuilder.visitSimpleQueryGroup(SemanticQueryBuilder.java:1025) ~[hibernate-core-6.6.22.Final.jar:6.6.22.Final]
	at org.hibernate.query.hql.internal.SemanticQueryBuilder.visitSimpleQueryGroup(SemanticQueryBuilder.java:277) ~[hibernate-core-6.6.22.Final.jar:6.6.22.Final]
	at org.hibernate.grammars.hql.HqlParser$SimpleQueryGroupContext.accept(HqlParser.java:2005) ~[hibernate-core-6.6.22.Final.jar:6.6.22.Final]
	at org.hibernate.query.hql.internal.SemanticQueryBuilder.visitSelectStatement(SemanticQueryBuilder.java:492) ~[hibernate-core-6.6.22.Final.jar:6.6.22.Final]
	at org.hibernate.query.hql.internal.SemanticQueryBuilder.visitStatement(SemanticQueryBuilder.java:451) ~[hibernate-core-6.6.22.Final.jar:6.6.22.Final]
	at org.hibernate.query.hql.internal.SemanticQueryBuilder.buildSemanticModel(SemanticQueryBuilder.java:324) ~[hibernate-core-6.6.22.Final.jar:6.6.22.Final]
	at org.hibernate.query.hql.internal.StandardHqlTranslator.translate(StandardHqlTranslator.java:71) ~[hibernate-core-6.6.22.Final.jar:6.6.22.Final]
	... 158 common frames omitted

2026-06-19T00:14:37.850-06:00  WARN 9208 --- [main] o.s.test.context.TestContextManager      : Caught exception while allowing TestExecutionListener [org.springframework.test.context.web.ServletTestExecutionListener] to prepare test instance [com.asistencia_el_salvador.web_app_asistencia.WebAppAsistenciaApplicationTests@40d8cb26]

java.lang.IllegalStateException: Failed to load ApplicationContext for [WebMergedContextConfiguration@3d6d5694 testClass = com.asistencia_el_salvador.web_app_asistencia.WebAppAsistenciaApplicationTests, locations = [], classes = [com.asistencia_el_salvador.web_app_asistencia.WebAppAsistenciaApplication], contextInitializerClasses = [], activeProfiles = [], propertySourceDescriptors = [], propertySourceProperties = ["org.springframework.boot.test.context.SpringBootTestContextBootstrapper=true"], contextCustomizers = [org.springframework.boot.test.context.filter.ExcludeFilterContextCustomizer@51a9ad5e, org.springframework.boot.test.json.DuplicateJsonObjectContextCustomizerFactory$DuplicateJsonObjectContextCustomizer@609bcfb6, org.springframework.boot.test.mock.mockito.MockitoContextCustomizer@0, org.springframework.boot.test.web.client.TestRestTemplateContextCustomizer@3e44f2a5, org.springframework.boot.test.web.reactor.netty.DisableReactorResourceFactoryGlobalResourcesContextCustomizerFactory$DisableReactorResourceFactoryGlobalResourcesContextCustomizerCustomizer@14a50707, org.springframework.boot.test.autoconfigure.OnFailureConditionReportContextCustomizerFactory$OnFailureConditionReportContextCustomizer@e3c0e40, org.springframework.boot.test.autoconfigure.actuate.observability.ObservabilityContextCustomizerFactory$DisableObservabilityContextCustomizer@1f, org.springframework.boot.test.autoconfigure.properties.PropertyMappingContextCustomizer@0, org.springframework.boot.test.autoconfigure.web.servlet.WebDriverContextCustomizer@79c97cb, org.springframework.test.context.support.DynamicPropertiesContextCustomizer@0, org.springframework.boot.test.context.SpringBootTestAnnotation@6d4c6f5d], resourceBasePath = "src/main/webapp", contextLoader = org.springframework.boot.test.context.SpringBootContextLoader, parent = null]
	at org.springframework.test.context.cache.DefaultCacheAwareContextLoaderDelegate.loadContext(DefaultCacheAwareContextLoaderDelegate.java:180) ~[spring-test-6.2.9.jar:6.2.9]
	at org.springframework.test.context.support.DefaultTestContext.getApplicationContext(DefaultTestContext.java:130) ~[spring-test-6.2.9.jar:6.2.9]
	at org.springframework.test.context.web.ServletTestExecutionListener.setUpRequestContextIfNecessary(ServletTestExecutionListener.java:200) ~[spring-test-6.2.9.jar:6.2.9]
	at org.springframework.test.context.web.ServletTestExecutionListener.prepareTestInstance(ServletTestExecutionListener.java:139) ~[spring-test-6.2.9.jar:6.2.9]
	at org.springframework.test.context.TestContextManager.prepareTestInstance(TestContextManager.java:260) ~[spring-test-6.2.9.jar:6.2.9]
	at org.springframework.test.context.junit.jupiter.SpringExtension.postProcessTestInstance(SpringExtension.java:159) ~[spring-test-6.2.9.jar:6.2.9]
	at org.junit.jupiter.engine.descriptor.ClassBasedTestDescriptor.lambda$invokeTestInstancePostProcessors$10(ClassBasedTestDescriptor.java:383) ~[junit-jupiter-engine-5.12.2.jar:5.12.2]
	at org.junit.jupiter.engine.descriptor.ClassBasedTestDescriptor.executeAndMaskThrowable(ClassBasedTestDescriptor.java:388) ~[junit-jupiter-engine-5.12.2.jar:5.12.2]
	at org.junit.jupiter.engine.descriptor.ClassBasedTestDescriptor.lambda$invokeTestInstancePostProcessors$11(ClassBasedTestDescriptor.java:382) ~[junit-jupiter-engine-5.12.2.jar:5.12.2]
	at java.base/java.util.stream.ForEachOps$ForEachOp$OfRef.accept(ForEachOps.java:184) ~[na:na]
	at java.base/java.util.stream.ReferencePipeline$3$1.accept(ReferencePipeline.java:197) ~[na:na]
	at java.base/java.util.stream.ReferencePipeline$2$1.accept(ReferencePipeline.java:179) ~[na:na]
	at java.base/java.util.stream.ReferencePipeline$3$1.accept(ReferencePipeline.java:197) ~[na:na]
	at java.base/java.util.ArrayList$ArrayListSpliterator.forEachRemaining(ArrayList.java:1708) ~[na:na]
	at java.base/java.util.stream.AbstractPipeline.copyInto(AbstractPipeline.java:509) ~[na:na]
	at java.base/java.util.stream.AbstractPipeline.wrapAndCopyInto(AbstractPipeline.java:499) ~[na:na]
	at java.base/java.util.stream.ForEachOps$ForEachOp.evaluateSequential(ForEachOps.java:151) ~[na:na]
	at java.base/java.util.stream.ForEachOps$ForEachOp$OfRef.evaluateSequential(ForEachOps.java:174) ~[na:na]
	at java.base/java.util.stream.AbstractPipeline.evaluate(AbstractPipeline.java:234) ~[na:na]
	at java.base/java.util.stream.ReferencePipeline.forEach(ReferencePipeline.java:596) ~[na:na]
	at org.junit.jupiter.engine.descriptor.ClassBasedTestDescriptor.invokeTestInstancePostProcessors(ClassBasedTestDescriptor.java:382) ~[junit-jupiter-engine-5.12.2.jar:5.12.2]
	at org.junit.jupiter.engine.descriptor.ClassBasedTestDescriptor.lambda$instantiateAndPostProcessTestInstance$6(ClassBasedTestDescriptor.java:293) ~[junit-jupiter-engine-5.12.2.jar:5.12.2]
	at org.junit.platform.engine.support.hierarchical.ThrowableCollector.execute(ThrowableCollector.java:73) ~[junit-platform-engine-1.12.2.jar:1.12.2]
	at org.junit.jupiter.engine.descriptor.ClassBasedTestDescriptor.instantiateAndPostProcessTestInstance(ClassBasedTestDescriptor.java:292) ~[junit-jupiter-engine-5.12.2.jar:5.12.2]
	at org.junit.jupiter.engine.descriptor.ClassBasedTestDescriptor.lambda$testInstancesProvider$4(ClassBasedTestDescriptor.java:281) ~[junit-jupiter-engine-5.12.2.jar:5.12.2]
	at java.base/java.util.Optional.orElseGet(Optional.java:364) ~[na:na]
	at org.junit.jupiter.engine.descriptor.ClassBasedTestDescriptor.lambda$testInstancesProvider$5(ClassBasedTestDescriptor.java:280) ~[junit-jupiter-engine-5.12.2.jar:5.12.2]
	at org.junit.jupiter.engine.execution.TestInstancesProvider.getTestInstances(TestInstancesProvider.java:27) ~[junit-jupiter-engine-5.12.2.jar:5.12.2]
	at org.junit.jupiter.engine.descriptor.TestMethodTestDescriptor.lambda$prepare$0(TestMethodTestDescriptor.java:112) ~[junit-jupiter-engine-5.12.2.jar:5.12.2]
	at org.junit.platform.engine.support.hierarchical.ThrowableCollector.execute(ThrowableCollector.java:73) ~[junit-platform-engine-1.12.2.jar:1.12.2]
	at org.junit.jupiter.engine.descriptor.TestMethodTestDescriptor.prepare(TestMethodTestDescriptor.java:111) ~[junit-jupiter-engine-5.12.2.jar:5.12.2]
	at org.junit.jupiter.engine.descriptor.TestMethodTestDescriptor.prepare(TestMethodTestDescriptor.java:69) ~[junit-jupiter-engine-5.12.2.jar:5.12.2]
	at org.junit.platform.engine.support.hierarchical.NodeTestTask.lambda$prepare$2(NodeTestTask.java:128) ~[junit-platform-engine-1.12.2.jar:1.12.2]
	at org.junit.platform.engine.support.hierarchical.ThrowableCollector.execute(ThrowableCollector.java:73) ~[junit-platform-engine-1.12.2.jar:1.12.2]
	at org.junit.platform.engine.support.hierarchical.NodeTestTask.prepare(NodeTestTask.java:128) ~[junit-platform-engine-1.12.2.jar:1.12.2]
	at org.junit.platform.engine.support.hierarchical.NodeTestTask.execute(NodeTestTask.java:95) ~[junit-platform-engine-1.12.2.jar:1.12.2]
	at java.base/java.util.ArrayList.forEach(ArrayList.java:1596) ~[na:na]
	at org.junit.platform.engine.support.hierarchical.SameThreadHierarchicalTestExecutorService.invokeAll(SameThreadHierarchicalTestExecutorService.java:41) ~[junit-platform-engine-1.12.2.jar:1.12.2]
	at org.junit.platform.engine.support.hierarchical.NodeTestTask.lambda$executeRecursively$6(NodeTestTask.java:160) ~[junit-platform-engine-1.12.2.jar:1.12.2]
	at org.junit.platform.engine.support.hierarchical.ThrowableCollector.execute(ThrowableCollector.java:73) ~[junit-platform-engine-1.12.2.jar:1.12.2]
	at org.junit.platform.engine.support.hierarchical.NodeTestTask.lambda$executeRecursively$8(NodeTestTask.java:146) ~[junit-platform-engine-1.12.2.jar:1.12.2]
	at org.junit.platform.engine.support.hierarchical.Node.around(Node.java:137) ~[junit-platform-engine-1.12.2.jar:1.12.2]
	at org.junit.platform.engine.support.hierarchical.NodeTestTask.lambda$executeRecursively$9(NodeTestTask.java:144) ~[junit-platform-engine-1.12.2.jar:1.12.2]
	at org.junit.platform.engine.support.hierarchical.ThrowableCollector.execute(ThrowableCollector.java:73) ~[junit-platform-engine-1.12.2.jar:1.12.2]
	at org.junit.platform.engine.support.hierarchical.NodeTestTask.executeRecursively(NodeTestTask.java:143) ~[junit-platform-engine-1.12.2.jar:1.12.2]
	at org.junit.platform.engine.support.hierarchical.NodeTestTask.execute(NodeTestTask.java:100) ~[junit-platform-engine-1.12.2.jar:1.12.2]
	at java.base/java.util.ArrayList.forEach(ArrayList.java:1596) ~[na:na]
	at org.junit.platform.engine.support.hierarchical.SameThreadHierarchicalTestExecutorService.invokeAll(SameThreadHierarchicalTestExecutorService.java:41) ~[junit-platform-engine-1.12.2.jar:1.12.2]
	at org.junit.platform.engine.support.hierarchical.NodeTestTask.lambda$executeRecursively$6(NodeTestTask.java:160) ~[junit-platform-engine-1.12.2.jar:1.12.2]
	at org.junit.platform.engine.support.hierarchical.ThrowableCollector.execute(ThrowableCollector.java:73) ~[junit-platform-engine-1.12.2.jar:1.12.2]
	at org.junit.platform.engine.support.hierarchical.NodeTestTask.lambda$executeRecursively$8(NodeTestTask.java:146) ~[junit-platform-engine-1.12.2.jar:1.12.2]
	at org.junit.platform.engine.support.hierarchical.Node.around(Node.java:137) ~[junit-platform-engine-1.12.2.jar:1.12.2]
	at org.junit.platform.engine.support.hierarchical.NodeTestTask.lambda$executeRecursively$9(NodeTestTask.java:144) ~[junit-platform-engine-1.12.2.jar:1.12.2]
	at org.junit.platform.engine.support.hierarchical.ThrowableCollector.execute(ThrowableCollector.java:73) ~[junit-platform-engine-1.12.2.jar:1.12.2]
	at org.junit.platform.engine.support.hierarchical.NodeTestTask.executeRecursively(NodeTestTask.java:143) ~[junit-platform-engine-1.12.2.jar:1.12.2]
	at org.junit.platform.engine.support.hierarchical.NodeTestTask.execute(NodeTestTask.java:100) ~[junit-platform-engine-1.12.2.jar:1.12.2]
	at org.junit.platform.engine.support.hierarchical.SameThreadHierarchicalTestExecutorService.submit(SameThreadHierarchicalTestExecutorService.java:35) ~[junit-platform-engine-1.12.2.jar:1.12.2]
	at org.junit.platform.engine.support.hierarchical.HierarchicalTestExecutor.execute(HierarchicalTestExecutor.java:57) ~[junit-platform-engine-1.12.2.jar:1.12.2]
	at org.junit.platform.engine.support.hierarchical.HierarchicalTestEngine.execute(HierarchicalTestEngine.java:54) ~[junit-platform-engine-1.12.2.jar:1.12.2]
	at org.junit.platform.launcher.core.EngineExecutionOrchestrator.execute(EngineExecutionOrchestrator.java:201) ~[junit-platform-launcher-1.12.2.jar:1.12.2]
	at org.junit.platform.launcher.core.EngineExecutionOrchestrator.execute(EngineExecutionOrchestrator.java:170) ~[junit-platform-launcher-1.12.2.jar:1.12.2]
	at org.junit.platform.launcher.core.EngineExecutionOrchestrator.execute(EngineExecutionOrchestrator.java:94) ~[junit-platform-launcher-1.12.2.jar:1.12.2]
	at org.junit.platform.launcher.core.EngineExecutionOrchestrator.lambda$execute$0(EngineExecutionOrchestrator.java:59) ~[junit-platform-launcher-1.12.2.jar:1.12.2]
	at org.junit.platform.launcher.core.EngineExecutionOrchestrator.withInterceptedStreams(EngineExecutionOrchestrator.java:142) ~[junit-platform-launcher-1.12.2.jar:1.12.2]
	at org.junit.platform.launcher.core.EngineExecutionOrchestrator.execute(EngineExecutionOrchestrator.java:58) ~[junit-platform-launcher-1.12.2.jar:1.12.2]
	at org.junit.platform.launcher.core.DefaultLauncher.execute(DefaultLauncher.java:103) ~[junit-platform-launcher-1.12.2.jar:1.12.2]
	at org.junit.platform.launcher.core.DefaultLauncher.execute(DefaultLauncher.java:85) ~[junit-platform-launcher-1.12.2.jar:1.12.2]
	at org.junit.platform.launcher.core.DelegatingLauncher.execute(DelegatingLauncher.java:47) ~[junit-platform-launcher-1.12.2.jar:1.12.2]
	at org.junit.platform.launcher.core.InterceptingLauncher.lambda$execute$1(InterceptingLauncher.java:39) ~[junit-platform-launcher-1.12.2.jar:1.12.2]
	at org.junit.platform.launcher.core.ClasspathAlignmentCheckingLauncherInterceptor.intercept(ClasspathAlignmentCheckingLauncherInterceptor.java:25) ~[junit-platform-launcher-1.12.2.jar:1.12.2]
	at org.junit.platform.launcher.core.InterceptingLauncher.execute(InterceptingLauncher.java:38) ~[junit-platform-launcher-1.12.2.jar:1.12.2]
	at org.junit.platform.launcher.core.DelegatingLauncher.execute(DelegatingLauncher.java:47) ~[junit-platform-launcher-1.12.2.jar:1.12.2]
	at org.apache.maven.surefire.junitplatform.LazyLauncher.execute(LazyLauncher.java:56) ~[surefire-junit-platform-3.5.3.jar:3.5.3]
	at org.apache.maven.surefire.junitplatform.JUnitPlatformProvider.execute(JUnitPlatformProvider.java:194) ~[surefire-junit-platform-3.5.3.jar:3.5.3]
	at org.apache.maven.surefire.junitplatform.JUnitPlatformProvider.invokeAllTests(JUnitPlatformProvider.java:150) ~[surefire-junit-platform-3.5.3.jar:3.5.3]
	at org.apache.maven.surefire.junitplatform.JUnitPlatformProvider.invoke(JUnitPlatformProvider.java:124) ~[surefire-junit-platform-3.5.3.jar:3.5.3]
	at org.apache.maven.surefire.booter.ForkedBooter.runSuitesInProcess(ForkedBooter.java:385) ~[surefire-booter-3.5.3.jar:3.5.3]
	at org.apache.maven.surefire.booter.ForkedBooter.execute(ForkedBooter.java:162) ~[surefire-booter-3.5.3.jar:3.5.3]
	at org.apache.maven.surefire.booter.ForkedBooter.run(ForkedBooter.java:507) ~[surefire-booter-3.5.3.jar:3.5.3]
	at org.apache.maven.surefire.booter.ForkedBooter.main(ForkedBooter.java:495) ~[surefire-booter-3.5.3.jar:3.5.3]
Caused by: org.springframework.beans.factory.UnsatisfiedDependencyException: Error creating bean with name 'asistenciaApiController' defined in file [/Users/rcastro/Documents/ProyectosSpring/WebAppAsistencia/target/classes/com/asistencia_el_salvador/web_app_asistencia/api/AsistenciaApiController.class]: Unsatisfied dependency expressed through constructor parameter 26: Error creating bean with name 'promocionService' defined in file [/Users/rcastro/Documents/ProyectosSpring/WebAppAsistencia/target/classes/com/asistencia_el_salvador/web_app_asistencia/service/PromocionService.class]: Unsatisfied dependency expressed through constructor parameter 0: Error creating bean with name 'promocionRepository' defined in com.asistencia_el_salvador.web_app_asistencia.repository.PromocionRepository defined in @EnableJpaRepositories declared on JpaRepositoriesRegistrar.EnableJpaRepositoriesConfiguration: Could not create query for public abstract java.util.List com.asistencia_el_salvador.web_app_asistencia.repository.PromocionRepository.findDTOByNitEmpresa(java.lang.String); Reason: Validation failed for query for method public abstract java.util.List com.asistencia_el_salvador.web_app_asistencia.repository.PromocionRepository.findDTOByNitEmpresa(java.lang.String)
	at org.springframework.beans.factory.support.ConstructorResolver.createArgumentArray(ConstructorResolver.java:804) ~[spring-beans-6.2.9.jar:6.2.9]
	at org.springframework.beans.factory.support.ConstructorResolver.autowireConstructor(ConstructorResolver.java:240) ~[spring-beans-6.2.9.jar:6.2.9]
	at org.springframework.beans.factory.support.AbstractAutowireCapableBeanFactory.autowireConstructor(AbstractAutowireCapableBeanFactory.java:1395) ~[spring-beans-6.2.9.jar:6.2.9]
	at org.springframework.beans.factory.support.AbstractAutowireCapableBeanFactory.createBeanInstance(AbstractAutowireCapableBeanFactory.java:1232) ~[spring-beans-6.2.9.jar:6.2.9]
	at org.springframework.beans.factory.support.AbstractAutowireCapableBeanFactory.doCreateBean(AbstractAutowireCapableBeanFactory.java:569) ~[spring-beans-6.2.9.jar:6.2.9]
	at org.springframework.beans.factory.support.AbstractAutowireCapableBeanFactory.createBean(AbstractAutowireCapableBeanFactory.java:529) ~[spring-beans-6.2.9.jar:6.2.9]
	at org.springframework.beans.factory.support.AbstractBeanFactory.lambda$doGetBean$0(AbstractBeanFactory.java:339) ~[spring-beans-6.2.9.jar:6.2.9]
	at org.springframework.beans.factory.support.DefaultSingletonBeanRegistry.getSingleton(DefaultSingletonBeanRegistry.java:373) ~[spring-beans-6.2.9.jar:6.2.9]
	at org.springframework.beans.factory.support.AbstractBeanFactory.doGetBean(AbstractBeanFactory.java:337) ~[spring-beans-6.2.9.jar:6.2.9]
	at org.springframework.beans.factory.support.AbstractBeanFactory.getBean(AbstractBeanFactory.java:202) ~[spring-beans-6.2.9.jar:6.2.9]
	at org.springframework.beans.factory.support.DefaultListableBeanFactory.instantiateSingleton(DefaultListableBeanFactory.java:1222) ~[spring-beans-6.2.9.jar:6.2.9]
	at org.springframework.beans.factory.support.DefaultListableBeanFactory.preInstantiateSingleton(DefaultListableBeanFactory.java:1188) ~[spring-beans-6.2.9.jar:6.2.9]
	at org.springframework.beans.factory.support.DefaultListableBeanFactory.preInstantiateSingletons(DefaultListableBeanFactory.java:1123) ~[spring-beans-6.2.9.jar:6.2.9]
	at org.springframework.context.support.AbstractApplicationContext.finishBeanFactoryInitialization(AbstractApplicationContext.java:987) ~[spring-context-6.2.9.jar:6.2.9]
	at org.springframework.context.support.AbstractApplicationContext.refresh(AbstractApplicationContext.java:627) ~[spring-context-6.2.9.jar:6.2.9]
	at org.springframework.boot.SpringApplication.refresh(SpringApplication.java:752) ~[spring-boot-3.5.4.jar:3.5.4]
	at org.springframework.boot.SpringApplication.refreshContext(SpringApplication.java:439) ~[spring-boot-3.5.4.jar:3.5.4]
	at org.springframework.boot.SpringApplication.run(SpringApplication.java:318) ~[spring-boot-3.5.4.jar:3.5.4]
	at org.springframework.boot.test.context.SpringBootContextLoader.lambda$loadContext$3(SpringBootContextLoader.java:144) ~[spring-boot-test-3.5.4.jar:3.5.4]
	at org.springframework.util.function.ThrowingSupplier.get(ThrowingSupplier.java:58) ~[spring-core-6.2.9.jar:6.2.9]
	at org.springframework.util.function.ThrowingSupplier.get(ThrowingSupplier.java:46) ~[spring-core-6.2.9.jar:6.2.9]
	at org.springframework.boot.SpringApplication.withHook(SpringApplication.java:1461) ~[spring-boot-3.5.4.jar:3.5.4]
	at org.springframework.boot.test.context.SpringBootContextLoader$ContextLoaderHook.run(SpringBootContextLoader.java:563) ~[spring-boot-test-3.5.4.jar:3.5.4]
	at org.springframework.boot.test.context.SpringBootContextLoader.loadContext(SpringBootContextLoader.java:144) ~[spring-boot-test-3.5.4.jar:3.5.4]
	at org.springframework.boot.test.context.SpringBootContextLoader.loadContext(SpringBootContextLoader.java:110) ~[spring-boot-test-3.5.4.jar:3.5.4]
	at org.springframework.test.context.cache.DefaultCacheAwareContextLoaderDelegate.loadContextInternal(DefaultCacheAwareContextLoaderDelegate.java:225) ~[spring-test-6.2.9.jar:6.2.9]
	at org.springframework.test.context.cache.DefaultCacheAwareContextLoaderDelegate.loadContext(DefaultCacheAwareContextLoaderDelegate.java:152) ~[spring-test-6.2.9.jar:6.2.9]
	... 79 common frames omitted
Caused by: org.springframework.beans.factory.UnsatisfiedDependencyException: Error creating bean with name 'promocionService' defined in file [/Users/rcastro/Documents/ProyectosSpring/WebAppAsistencia/target/classes/com/asistencia_el_salvador/web_app_asistencia/service/PromocionService.class]: Unsatisfied dependency expressed through constructor parameter 0: Error creating bean with name 'promocionRepository' defined in com.asistencia_el_salvador.web_app_asistencia.repository.PromocionRepository defined in @EnableJpaRepositories declared on JpaRepositoriesRegistrar.EnableJpaRepositoriesConfiguration: Could not create query for public abstract java.util.List com.asistencia_el_salvador.web_app_asistencia.repository.PromocionRepository.findDTOByNitEmpresa(java.lang.String); Reason: Validation failed for query for method public abstract java.util.List com.asistencia_el_salvador.web_app_asistencia.repository.PromocionRepository.findDTOByNitEmpresa(java.lang.String)
	at org.springframework.beans.factory.support.ConstructorResolver.createArgumentArray(ConstructorResolver.java:804) ~[spring-beans-6.2.9.jar:6.2.9]
	at org.springframework.beans.factory.support.ConstructorResolver.autowireConstructor(ConstructorResolver.java:240) ~[spring-beans-6.2.9.jar:6.2.9]
	at org.springframework.beans.factory.support.AbstractAutowireCapableBeanFactory.autowireConstructor(AbstractAutowireCapableBeanFactory.java:1395) ~[spring-beans-6.2.9.jar:6.2.9]
	at org.springframework.beans.factory.support.AbstractAutowireCapableBeanFactory.createBeanInstance(AbstractAutowireCapableBeanFactory.java:1232) ~[spring-beans-6.2.9.jar:6.2.9]
	at org.springframework.beans.factory.support.AbstractAutowireCapableBeanFactory.doCreateBean(AbstractAutowireCapableBeanFactory.java:569) ~[spring-beans-6.2.9.jar:6.2.9]
	at org.springframework.beans.factory.support.AbstractAutowireCapableBeanFactory.createBean(AbstractAutowireCapableBeanFactory.java:529) ~[spring-beans-6.2.9.jar:6.2.9]
	at org.springframework.beans.factory.support.AbstractBeanFactory.lambda$doGetBean$0(AbstractBeanFactory.java:339) ~[spring-beans-6.2.9.jar:6.2.9]
	at org.springframework.beans.factory.support.DefaultSingletonBeanRegistry.getSingleton(DefaultSingletonBeanRegistry.java:373) ~[spring-beans-6.2.9.jar:6.2.9]
	at org.springframework.beans.factory.support.AbstractBeanFactory.doGetBean(AbstractBeanFactory.java:337) ~[spring-beans-6.2.9.jar:6.2.9]
	at org.springframework.beans.factory.support.AbstractBeanFactory.getBean(AbstractBeanFactory.java:202) ~[spring-beans-6.2.9.jar:6.2.9]
	at org.springframework.beans.factory.support.DefaultListableBeanFactory.doResolveDependency(DefaultListableBeanFactory.java:1683) ~[spring-beans-6.2.9.jar:6.2.9]
	at org.springframework.beans.factory.support.DefaultListableBeanFactory.resolveDependency(DefaultListableBeanFactory.java:1628) ~[spring-beans-6.2.9.jar:6.2.9]
	at org.springframework.beans.factory.support.ConstructorResolver.resolveAutowiredArgument(ConstructorResolver.java:913) ~[spring-beans-6.2.9.jar:6.2.9]
	at org.springframework.beans.factory.support.ConstructorResolver.createArgumentArray(ConstructorResolver.java:791) ~[spring-beans-6.2.9.jar:6.2.9]
	... 105 common frames omitted
Caused by: org.springframework.beans.factory.BeanCreationException: Error creating bean with name 'promocionRepository' defined in com.asistencia_el_salvador.web_app_asistencia.repository.PromocionRepository defined in @EnableJpaRepositories declared on JpaRepositoriesRegistrar.EnableJpaRepositoriesConfiguration: Could not create query for public abstract java.util.List com.asistencia_el_salvador.web_app_asistencia.repository.PromocionRepository.findDTOByNitEmpresa(java.lang.String); Reason: Validation failed for query for method public abstract java.util.List com.asistencia_el_salvador.web_app_asistencia.repository.PromocionRepository.findDTOByNitEmpresa(java.lang.String)
	at org.springframework.beans.factory.support.AbstractAutowireCapableBeanFactory.initializeBean(AbstractAutowireCapableBeanFactory.java:1826) ~[spring-beans-6.2.9.jar:6.2.9]
	at org.springframework.beans.factory.support.AbstractAutowireCapableBeanFactory.doCreateBean(AbstractAutowireCapableBeanFactory.java:607) ~[spring-beans-6.2.9.jar:6.2.9]
	at org.springframework.beans.factory.support.AbstractAutowireCapableBeanFactory.createBean(AbstractAutowireCapableBeanFactory.java:529) ~[spring-beans-6.2.9.jar:6.2.9]
	at org.springframework.beans.factory.support.AbstractBeanFactory.lambda$doGetBean$0(AbstractBeanFactory.java:339) ~[spring-beans-6.2.9.jar:6.2.9]
	at org.springframework.beans.factory.support.DefaultSingletonBeanRegistry.getSingleton(DefaultSingletonBeanRegistry.java:373) ~[spring-beans-6.2.9.jar:6.2.9]
	at org.springframework.beans.factory.support.AbstractBeanFactory.doGetBean(AbstractBeanFactory.java:337) ~[spring-beans-6.2.9.jar:6.2.9]
	at org.springframework.beans.factory.support.AbstractBeanFactory.getBean(AbstractBeanFactory.java:202) ~[spring-beans-6.2.9.jar:6.2.9]
	at org.springframework.beans.factory.support.DefaultListableBeanFactory.doResolveDependency(DefaultListableBeanFactory.java:1683) ~[spring-beans-6.2.9.jar:6.2.9]
	at org.springframework.beans.factory.support.DefaultListableBeanFactory.resolveDependency(DefaultListableBeanFactory.java:1628) ~[spring-beans-6.2.9.jar:6.2.9]
	at org.springframework.beans.factory.support.ConstructorResolver.resolveAutowiredArgument(ConstructorResolver.java:913) ~[spring-beans-6.2.9.jar:6.2.9]
	at org.springframework.beans.factory.support.ConstructorResolver.createArgumentArray(ConstructorResolver.java:791) ~[spring-beans-6.2.9.jar:6.2.9]
	... 118 common frames omitted
Caused by: org.springframework.data.repository.query.QueryCreationException: Could not create query for public abstract java.util.List com.asistencia_el_salvador.web_app_asistencia.repository.PromocionRepository.findDTOByNitEmpresa(java.lang.String); Reason: Validation failed for query for method public abstract java.util.List com.asistencia_el_salvador.web_app_asistencia.repository.PromocionRepository.findDTOByNitEmpresa(java.lang.String)
	at org.springframework.data.repository.query.QueryCreationException.create(QueryCreationException.java:101) ~[spring-data-commons-3.5.2.jar:3.5.2]
	at org.springframework.data.repository.core.support.QueryExecutorMethodInterceptor.lookupQuery(QueryExecutorMethodInterceptor.java:120) ~[spring-data-commons-3.5.2.jar:3.5.2]
	at org.springframework.data.repository.core.support.QueryExecutorMethodInterceptor.mapMethodsToQuery(QueryExecutorMethodInterceptor.java:104) ~[spring-data-commons-3.5.2.jar:3.5.2]
	at org.springframework.data.repository.core.support.QueryExecutorMethodInterceptor.lambda$new$0(QueryExecutorMethodInterceptor.java:92) ~[spring-data-commons-3.5.2.jar:3.5.2]
	at java.base/java.util.Optional.map(Optional.java:260) ~[na:na]
	at org.springframework.data.repository.core.support.QueryExecutorMethodInterceptor.<init>(QueryExecutorMethodInterceptor.java:92) ~[spring-data-commons-3.5.2.jar:3.5.2]
	at org.springframework.data.repository.core.support.RepositoryFactorySupport.getRepository(RepositoryFactorySupport.java:434) ~[spring-data-commons-3.5.2.jar:3.5.2]
	at org.springframework.data.repository.core.support.RepositoryFactoryBeanSupport.lambda$afterPropertiesSet$4(RepositoryFactoryBeanSupport.java:350) ~[spring-data-commons-3.5.2.jar:3.5.2]
	at org.springframework.data.util.Lazy.getNullable(Lazy.java:135) ~[spring-data-commons-3.5.2.jar:3.5.2]
	at org.springframework.data.util.Lazy.get(Lazy.java:113) ~[spring-data-commons-3.5.2.jar:3.5.2]
	at org.springframework.data.repository.core.support.RepositoryFactoryBeanSupport.afterPropertiesSet(RepositoryFactoryBeanSupport.java:356) ~[spring-data-commons-3.5.2.jar:3.5.2]
	at org.springframework.data.jpa.repository.support.JpaRepositoryFactoryBean.afterPropertiesSet(JpaRepositoryFactoryBean.java:132) ~[spring-data-jpa-3.5.2.jar:3.5.2]
	at org.springframework.beans.factory.support.AbstractAutowireCapableBeanFactory.invokeInitMethods(AbstractAutowireCapableBeanFactory.java:1873) ~[spring-beans-6.2.9.jar:6.2.9]
	at org.springframework.beans.factory.support.AbstractAutowireCapableBeanFactory.initializeBean(AbstractAutowireCapableBeanFactory.java:1822) ~[spring-beans-6.2.9.jar:6.2.9]
	... 128 common frames omitted
Caused by: java.lang.IllegalArgumentException: Validation failed for query for method public abstract java.util.List com.asistencia_el_salvador.web_app_asistencia.repository.PromocionRepository.findDTOByNitEmpresa(java.lang.String)
	at org.springframework.data.jpa.repository.query.SimpleJpaQuery.validateQuery(SimpleJpaQuery.java:97) ~[spring-data-jpa-3.5.2.jar:3.5.2]
	at org.springframework.data.jpa.repository.query.SimpleJpaQuery.<init>(SimpleJpaQuery.java:67) ~[spring-data-jpa-3.5.2.jar:3.5.2]
	at org.springframework.data.jpa.repository.query.JpaQueryFactory.fromMethodWithQueryString(JpaQueryFactory.java:49) ~[spring-data-jpa-3.5.2.jar:3.5.2]
	at org.springframework.data.jpa.repository.query.JpaQueryLookupStrategy$DeclaredQueryLookupStrategy.resolveQuery(JpaQueryLookupStrategy.java:174) ~[spring-data-jpa-3.5.2.jar:3.5.2]
	at org.springframework.data.jpa.repository.query.JpaQueryLookupStrategy$CreateIfNotFoundQueryLookupStrategy.resolveQuery(JpaQueryLookupStrategy.java:254) ~[spring-data-jpa-3.5.2.jar:3.5.2]
	at org.springframework.data.jpa.repository.query.JpaQueryLookupStrategy$AbstractQueryLookupStrategy.resolveQuery(JpaQueryLookupStrategy.java:99) ~[spring-data-jpa-3.5.2.jar:3.5.2]
	at org.springframework.data.repository.core.support.QueryExecutorMethodInterceptor.lookupQuery(QueryExecutorMethodInterceptor.java:116) ~[spring-data-commons-3.5.2.jar:3.5.2]
	... 140 common frames omitted
Caused by: java.lang.IllegalArgumentException: org.hibernate.query.sqm.UnknownPathException: Could not resolve attribute 'qrJson' of 'com.asistencia_el_salvador.web_app_asistencia.model.Promocion' [SELECT new com.asistencia_el_salvador.web_app_asistencia.dto.PromocionDTO(p.id, p.nitEmpresa, p.idPlan, pl.nombrePlan, p.nombreDescuento, p.tipoDescuento, p.valorDescuento, p.activo, p.fechaInicio, p.fechaFin, p.qrCode, p.canjesPorUsuario, p.maxCanjes, p.qrJson) FROM Promocion p LEFT JOIN Plan pl ON pl.idPlan = p.idPlan WHERE p.nitEmpresa = :nit]
	at org.hibernate.internal.ExceptionConverterImpl.convert(ExceptionConverterImpl.java:143) ~[hibernate-core-6.6.22.Final.jar:6.6.22.Final]
	at org.hibernate.internal.ExceptionConverterImpl.convert(ExceptionConverterImpl.java:167) ~[hibernate-core-6.6.22.Final.jar:6.6.22.Final]
	at org.hibernate.internal.ExceptionConverterImpl.convert(ExceptionConverterImpl.java:173) ~[hibernate-core-6.6.22.Final.jar:6.6.22.Final]
	at org.hibernate.internal.AbstractSharedSessionContract.createQuery(AbstractSharedSessionContract.java:886) ~[hibernate-core-6.6.22.Final.jar:6.6.22.Final]
	at org.hibernate.internal.AbstractSharedSessionContract.createQuery(AbstractSharedSessionContract.java:796) ~[hibernate-core-6.6.22.Final.jar:6.6.22.Final]
	at org.hibernate.internal.AbstractSharedSessionContract.createQuery(AbstractSharedSessionContract.java:143) ~[hibernate-core-6.6.22.Final.jar:6.6.22.Final]
	at java.base/jdk.internal.reflect.DirectMethodHandleAccessor.invoke(DirectMethodHandleAccessor.java:103) ~[na:na]
	at java.base/java.lang.reflect.Method.invoke(Method.java:580) ~[na:na]
	at org.springframework.orm.jpa.ExtendedEntityManagerCreator$ExtendedEntityManagerInvocationHandler.invoke(ExtendedEntityManagerCreator.java:364) ~[spring-orm-6.2.9.jar:6.2.9]
	at jdk.proxy2/jdk.proxy2.$Proxy142.createQuery(Unknown Source) ~[na:na]
	at org.springframework.data.jpa.repository.query.SimpleJpaQuery.validateQuery(SimpleJpaQuery.java:91) ~[spring-data-jpa-3.5.2.jar:3.5.2]
	... 146 common frames omitted
Caused by: org.hibernate.query.sqm.UnknownPathException: Could not resolve attribute 'qrJson' of 'com.asistencia_el_salvador.web_app_asistencia.model.Promocion' [SELECT new com.asistencia_el_salvador.web_app_asistencia.dto.PromocionDTO(p.id, p.nitEmpresa, p.idPlan, pl.nombrePlan, p.nombreDescuento, p.tipoDescuento, p.valorDescuento, p.activo, p.fechaInicio, p.fechaFin, p.qrCode, p.canjesPorUsuario, p.maxCanjes, p.qrJson) FROM Promocion p LEFT JOIN Plan pl ON pl.idPlan = p.idPlan WHERE p.nitEmpresa = :nit]
	at org.hibernate.query.hql.internal.StandardHqlTranslator.translate(StandardHqlTranslator.java:88) ~[hibernate-core-6.6.22.Final.jar:6.6.22.Final]
	at org.hibernate.query.internal.QueryInterpretationCacheStandardImpl.createHqlInterpretation(QueryInterpretationCacheStandardImpl.java:145) ~[hibernate-core-6.6.22.Final.jar:6.6.22.Final]
	at org.hibernate.query.internal.QueryInterpretationCacheStandardImpl.resolveHqlInterpretation(QueryInterpretationCacheStandardImpl.java:132) ~[hibernate-core-6.6.22.Final.jar:6.6.22.Final]
	at org.hibernate.query.spi.QueryEngine.interpretHql(QueryEngine.java:54) ~[hibernate-core-6.6.22.Final.jar:6.6.22.Final]
	at org.hibernate.internal.AbstractSharedSessionContract.interpretHql(AbstractSharedSessionContract.java:832) ~[hibernate-core-6.6.22.Final.jar:6.6.22.Final]
	at org.hibernate.internal.AbstractSharedSessionContract.createQuery(AbstractSharedSessionContract.java:878) ~[hibernate-core-6.6.22.Final.jar:6.6.22.Final]
	... 153 common frames omitted
Caused by: org.hibernate.query.sqm.PathElementException: Could not resolve attribute 'qrJson' of 'com.asistencia_el_salvador.web_app_asistencia.model.Promocion'
	at org.hibernate.query.sqm.SqmPathSource.getSubPathSource(SqmPathSource.java:95) ~[hibernate-core-6.6.22.Final.jar:6.6.22.Final]
	at org.hibernate.query.sqm.tree.domain.AbstractSqmPath.get(AbstractSqmPath.java:198) ~[hibernate-core-6.6.22.Final.jar:6.6.22.Final]
	at org.hibernate.query.sqm.tree.domain.AbstractSqmFrom.resolvePathPart(AbstractSqmFrom.java:198) ~[hibernate-core-6.6.22.Final.jar:6.6.22.Final]
	at org.hibernate.query.hql.internal.DomainPathPart.resolvePathPart(DomainPathPart.java:42) ~[hibernate-core-6.6.22.Final.jar:6.6.22.Final]
	at org.hibernate.query.hql.internal.BasicDotIdentifierConsumer.consumeIdentifier(BasicDotIdentifierConsumer.java:92) ~[hibernate-core-6.6.22.Final.jar:6.6.22.Final]
	at org.hibernate.query.hql.internal.SemanticQueryBuilder.visitSimplePath(SemanticQueryBuilder.java:5465) ~[hibernate-core-6.6.22.Final.jar:6.6.22.Final]
	at org.hibernate.query.hql.internal.SemanticQueryBuilder.visitGeneralPathFragment(SemanticQueryBuilder.java:5298) ~[hibernate-core-6.6.22.Final.jar:6.6.22.Final]
	at org.hibernate.query.hql.internal.SemanticQueryBuilder.visitGeneralPathExpression(SemanticQueryBuilder.java:1891) ~[hibernate-core-6.6.22.Final.jar:6.6.22.Final]
	at org.hibernate.grammars.hql.HqlParser$GeneralPathExpressionContext.accept(HqlParser.java:8268) ~[hibernate-core-6.6.22.Final.jar:6.6.22.Final]
	at org.antlr.v4.runtime.tree.AbstractParseTreeVisitor.visitChildren(AbstractParseTreeVisitor.java:46) ~[antlr4-runtime-4.13.0.jar:4.13.0]
	at org.hibernate.grammars.hql.HqlParserBaseVisitor.visitBarePrimaryExpression(HqlParserBaseVisitor.java:812) ~[hibernate-core-6.6.22.Final.jar:6.6.22.Final]
	at org.hibernate.grammars.hql.HqlParser$BarePrimaryExpressionContext.accept(HqlParser.java:7726) ~[hibernate-core-6.6.22.Final.jar:6.6.22.Final]
	at org.antlr.v4.runtime.tree.AbstractParseTreeVisitor.visitChildren(AbstractParseTreeVisitor.java:46) ~[antlr4-runtime-4.13.0.jar:4.13.0]
	at org.hibernate.grammars.hql.HqlParserBaseVisitor.visitExpressionOrPredicate(HqlParserBaseVisitor.java:945) ~[hibernate-core-6.6.22.Final.jar:6.6.22.Final]
	at org.hibernate.grammars.hql.HqlParser$ExpressionOrPredicateContext.accept(HqlParser.java:8468) ~[hibernate-core-6.6.22.Final.jar:6.6.22.Final]
	at org.antlr.v4.runtime.tree.AbstractParseTreeVisitor.visitChildren(AbstractParseTreeVisitor.java:46) ~[antlr4-runtime-4.13.0.jar:4.13.0]
	at org.hibernate.grammars.hql.HqlParserBaseVisitor.visitInstantiationArgumentExpression(HqlParserBaseVisitor.java:392) ~[hibernate-core-6.6.22.Final.jar:6.6.22.Final]
	at org.hibernate.grammars.hql.HqlParser$InstantiationArgumentExpressionContext.accept(HqlParser.java:4285) ~[hibernate-core-6.6.22.Final.jar:6.6.22.Final]
	at org.hibernate.query.hql.internal.SemanticQueryBuilder.visitInstantiationArgument(SemanticQueryBuilder.java:1536) ~[hibernate-core-6.6.22.Final.jar:6.6.22.Final]
	at org.hibernate.query.hql.internal.SemanticQueryBuilder.visitInstantiation(SemanticQueryBuilder.java:1502) ~[hibernate-core-6.6.22.Final.jar:6.6.22.Final]
	at org.hibernate.query.hql.internal.SemanticQueryBuilder.visitInstantiation(SemanticQueryBuilder.java:277) ~[hibernate-core-6.6.22.Final.jar:6.6.22.Final]
	at org.hibernate.grammars.hql.HqlParser$InstantiationContext.accept(HqlParser.java:4034) ~[hibernate-core-6.6.22.Final.jar:6.6.22.Final]
	at org.hibernate.query.hql.internal.SemanticQueryBuilder.visitSelectableNode(SemanticQueryBuilder.java:1458) ~[hibernate-core-6.6.22.Final.jar:6.6.22.Final]
	at org.hibernate.query.hql.internal.SemanticQueryBuilder.visitSelection(SemanticQueryBuilder.java:1412) ~[hibernate-core-6.6.22.Final.jar:6.6.22.Final]
	at org.hibernate.query.hql.internal.SemanticQueryBuilder.visitSelectClause(SemanticQueryBuilder.java:1405) ~[hibernate-core-6.6.22.Final.jar:6.6.22.Final]
	at org.hibernate.query.hql.internal.SemanticQueryBuilder.visitQuery(SemanticQueryBuilder.java:1254) ~[hibernate-core-6.6.22.Final.jar:6.6.22.Final]
	at org.hibernate.query.hql.internal.SemanticQueryBuilder.visitQuerySpecExpression(SemanticQueryBuilder.java:1040) ~[hibernate-core-6.6.22.Final.jar:6.6.22.Final]
	at org.hibernate.query.hql.internal.SemanticQueryBuilder.visitQuerySpecExpression(SemanticQueryBuilder.java:277) ~[hibernate-core-6.6.22.Final.jar:6.6.22.Final]
	at org.hibernate.grammars.hql.HqlParser$QuerySpecExpressionContext.accept(HqlParser.java:2134) ~[hibernate-core-6.6.22.Final.jar:6.6.22.Final]
	at org.hibernate.query.hql.internal.SemanticQueryBuilder.visitSimpleQueryGroup(SemanticQueryBuilder.java:1025) ~[hibernate-core-6.6.22.Final.jar:6.6.22.Final]
	at org.hibernate.query.hql.internal.SemanticQueryBuilder.visitSimpleQueryGroup(SemanticQueryBuilder.java:277) ~[hibernate-core-6.6.22.Final.jar:6.6.22.Final]
	at org.hibernate.grammars.hql.HqlParser$SimpleQueryGroupContext.accept(HqlParser.java:2005) ~[hibernate-core-6.6.22.Final.jar:6.6.22.Final]
	at org.hibernate.query.hql.internal.SemanticQueryBuilder.visitSelectStatement(SemanticQueryBuilder.java:492) ~[hibernate-core-6.6.22.Final.jar:6.6.22.Final]
	at org.hibernate.query.hql.internal.SemanticQueryBuilder.visitStatement(SemanticQueryBuilder.java:451) ~[hibernate-core-6.6.22.Final.jar:6.6.22.Final]
	at org.hibernate.query.hql.internal.SemanticQueryBuilder.buildSemanticModel(SemanticQueryBuilder.java:324) ~[hibernate-core-6.6.22.Final.jar:6.6.22.Final]
	at org.hibernate.query.hql.internal.StandardHqlTranslator.translate(StandardHqlTranslator.java:71) ~[hibernate-core-6.6.22.Final.jar:6.6.22.Final]
	... 158 common frames omitted

2026-06-19T00:18:41.107-06:00  INFO 9428 --- [main] c.a.w.WebAppAsistenciaApplicationTests   : Starting WebAppAsistenciaApplicationTests using Java 21.0.5 with PID 9428 (started by rcastro in /Users/rcastro/Documents/ProyectosSpring/WebAppAsistencia)
2026-06-19T00:18:41.108-06:00  INFO 9428 --- [main] c.a.w.WebAppAsistenciaApplicationTests   : No active profile set, falling back to 1 default profile: "default"
2026-06-19T00:18:41.569-06:00  INFO 9428 --- [main] .s.d.r.c.RepositoryConfigurationDelegate : Bootstrapping Spring Data JPA repositories in DEFAULT mode.
2026-06-19T00:18:41.654-06:00  INFO 9428 --- [main] .s.d.r.c.RepositoryConfigurationDelegate : Finished Spring Data repository scanning in 80 ms. Found 72 JPA repository interfaces.
2026-06-19T00:18:42.045-06:00  INFO 9428 --- [main] o.hibernate.jpa.internal.util.LogHelper  : HHH000204: Processing PersistenceUnitInfo [name: default]
2026-06-19T00:18:42.066-06:00  INFO 9428 --- [main] org.hibernate.Version                    : HHH000412: Hibernate ORM core version 6.6.22.Final
2026-06-19T00:18:42.079-06:00  INFO 9428 --- [main] o.h.c.internal.RegionFactoryInitiator    : HHH000026: Second-level cache disabled
2026-06-19T00:18:42.205-06:00  INFO 9428 --- [main] o.s.o.j.p.SpringPersistenceUnitInfo      : No LoadTimeWeaver setup: ignoring JPA class transformer
2026-06-19T00:18:42.218-06:00  INFO 9428 --- [main] com.zaxxer.hikari.HikariDataSource       : HikariPool-1 - Starting...
2026-06-19T00:18:43.492-06:00  INFO 9428 --- [main] com.zaxxer.hikari.pool.HikariPool        : HikariPool-1 - Added connection com.mysql.cj.jdbc.ConnectionImpl@3dcbbbc
2026-06-19T00:18:43.495-06:00  INFO 9428 --- [main] com.zaxxer.hikari.HikariDataSource       : HikariPool-1 - Start completed.
2026-06-19T00:18:43.607-06:00  WARN 9428 --- [main] org.hibernate.orm.deprecation            : HHH90000025: MySQL8Dialect does not need to be specified explicitly using 'hibernate.dialect' (remove the property setting and it will be selected by default)
2026-06-19T00:18:43.608-06:00  WARN 9428 --- [main] org.hibernate.orm.deprecation            : HHH90000026: MySQL8Dialect has been deprecated; use org.hibernate.dialect.MySQLDialect instead
2026-06-19T00:18:43.615-06:00  INFO 9428 --- [main] org.hibernate.orm.connections.pooling    : HHH10001005: Database info:
	Database JDBC URL [Connecting through datasource 'HikariDataSource (HikariPool-1)']
	Database driver: undefined/unknown
	Database version: 8.0
	Autocommit mode: undefined/unknown
	Isolation level: undefined/unknown
	Minimum pool size: undefined/unknown
	Maximum pool size: undefined/unknown
2026-06-19T00:18:43.892-06:00  WARN 9428 --- [main] org.hibernate.mapping.RootClass          : HHH000038: Composite-id class does not override equals(): com.asistencia_el_salvador.web_app_asistencia.model.UsuarioComercioPK
2026-06-19T00:18:43.892-06:00  WARN 9428 --- [main] org.hibernate.mapping.RootClass          : HHH000039: Composite-id class does not override hashCode(): com.asistencia_el_salvador.web_app_asistencia.model.UsuarioComercioPK
2026-06-19T00:18:44.469-06:00  INFO 9428 --- [main] o.h.e.t.j.p.i.JtaPlatformInitiator       : HHH000489: No JTA platform available (set 'hibernate.transaction.jta.platform' to enable JTA platform integration)
2026-06-19T00:18:44.471-06:00  INFO 9428 --- [main] j.LocalContainerEntityManagerFactoryBean : Initialized JPA EntityManagerFactory for persistence unit 'default'
2026-06-19T00:18:44.603-06:00  INFO 9428 --- [main] o.s.d.j.r.query.QueryEnhancerFactory     : Hibernate is in classpath; If applicable, HQL parser will be used.
2026-06-19T00:18:47.128-06:00  WARN 9428 --- [main] JpaBaseConfiguration$JpaWebConfiguration : spring.jpa.open-in-view is enabled by default. Therefore, database queries may be performed during view rendering. Explicitly configure spring.jpa.open-in-view to disable this warning
2026-06-19T00:18:47.251-06:00 DEBUG 9428 --- [main] s.w.s.m.m.a.RequestMappingHandlerMapping : 331 mappings in 'requestMappingHandlerMapping'
2026-06-19T00:18:47.299-06:00  WARN 9428 --- [main] .s.s.UserDetailsServiceAutoConfiguration : 

Using generated security password: 818fb3a8-65cd-4b10-8d81-c88f6a33a81c

This generated password is for development use only. Your security configuration must be updated before running your application in production.

2026-06-19T00:18:47.303-06:00  INFO 9428 --- [main] r$InitializeUserDetailsManagerConfigurer : Global AuthenticationManager configured with UserDetailsService bean with name inMemoryUserDetailsManager
2026-06-19T00:18:47.456-06:00 DEBUG 9428 --- [main] s.w.s.m.m.a.RequestMappingHandlerAdapter : ControllerAdvice beans: 0 @ModelAttribute, 0 @InitBinder, 1 RequestBodyAdvice, 1 ResponseBodyAdvice
2026-06-19T00:18:47.479-06:00 DEBUG 9428 --- [main] .m.m.a.ExceptionHandlerExceptionResolver : ControllerAdvice beans: 0 @ExceptionHandler, 1 ResponseBodyAdvice
2026-06-19T00:18:47.577-06:00  INFO 9428 --- [main] .w.s.a.s.AnnotationActionEndpointMapping : Supporting [WS-Addressing August 2004, WS-Addressing 1.0]
2026-06-19T00:18:47.596-06:00  INFO 9428 --- [main] o.s.m.s.b.SimpleBrokerMessageHandler     : Starting...
2026-06-19T00:18:47.597-06:00  INFO 9428 --- [main] o.s.m.s.b.SimpleBrokerMessageHandler     : BrokerAvailabilityEvent[available=true, SimpleBrokerMessageHandler [org.springframework.messaging.simp.broker.DefaultSubscriptionRegistry@3a245254]]
2026-06-19T00:18:47.597-06:00  INFO 9428 --- [main] o.s.m.s.b.SimpleBrokerMessageHandler     : Started.
2026-06-19T00:18:47.602-06:00  INFO 9428 --- [main] c.a.w.WebAppAsistenciaApplicationTests   : Started WebAppAsistenciaApplicationTests in 6.662 seconds (process running for 7.15)
2026-06-19T00:18:47.926-06:00  INFO 9428 --- [SpringApplicationShutdownHook] o.s.m.s.b.SimpleBrokerMessageHandler     : Stopping...
2026-06-19T00:18:47.927-06:00  INFO 9428 --- [SpringApplicationShutdownHook] o.s.m.s.b.SimpleBrokerMessageHandler     : BrokerAvailabilityEvent[available=false, SimpleBrokerMessageHandler [org.springframework.messaging.simp.broker.DefaultSubscriptionRegistry@3a245254]]
2026-06-19T00:18:47.927-06:00  INFO 9428 --- [SpringApplicationShutdownHook] o.s.m.s.b.SimpleBrokerMessageHandler     : Stopped.
2026-06-19T00:18:47.936-06:00  INFO 9428 --- [SpringApplicationShutdownHook] j.LocalContainerEntityManagerFactoryBean : Closing JPA EntityManagerFactory for persistence unit 'default'
2026-06-19T00:18:47.937-06:00  INFO 9428 --- [SpringApplicationShutdownHook] com.zaxxer.hikari.HikariDataSource       : HikariPool-1 - Shutdown initiated...
2026-06-19T00:18:48.457-06:00  INFO 9428 --- [SpringApplicationShutdownHook] com.zaxxer.hikari.HikariDataSource       : HikariPool-1 - Shutdown completed.
2026-06-19T00:18:51.923-06:00  INFO 9562 --- [restartedMain] c.a.w.WebAppAsistenciaApplication        : Starting WebAppAsistenciaApplication using Java 21.0.5 with PID 9562 (/Users/rcastro/Documents/ProyectosSpring/WebAppAsistencia/target/classes started by rcastro in /Users/rcastro/Documents/ProyectosSpring/WebAppAsistencia)
2026-06-19T00:18:51.924-06:00  INFO 9562 --- [restartedMain] c.a.w.WebAppAsistenciaApplication        : No active profile set, falling back to 1 default profile: "default"
2026-06-19T00:18:51.945-06:00  INFO 9562 --- [restartedMain] .e.DevToolsPropertyDefaultsPostProcessor : Devtools property defaults active! Set 'spring.devtools.add-properties' to 'false' to disable
2026-06-19T00:18:51.945-06:00  INFO 9562 --- [restartedMain] .e.DevToolsPropertyDefaultsPostProcessor : For additional web related logging consider setting the 'logging.level.web' property to 'DEBUG'
2026-06-19T00:18:52.363-06:00  INFO 9562 --- [restartedMain] .s.d.r.c.RepositoryConfigurationDelegate : Bootstrapping Spring Data JPA repositories in DEFAULT mode.
2026-06-19T00:18:52.458-06:00  INFO 9562 --- [restartedMain] .s.d.r.c.RepositoryConfigurationDelegate : Finished Spring Data repository scanning in 91 ms. Found 72 JPA repository interfaces.
2026-06-19T00:18:52.894-06:00  INFO 9562 --- [restartedMain] o.s.b.w.embedded.tomcat.TomcatWebServer  : Tomcat initialized with port 8080 (http)
2026-06-19T00:18:52.902-06:00  INFO 9562 --- [restartedMain] o.apache.catalina.core.StandardService   : Starting service [Tomcat]
2026-06-19T00:18:52.903-06:00  INFO 9562 --- [restartedMain] o.apache.catalina.core.StandardEngine    : Starting Servlet engine: [Apache Tomcat/10.1.43]
2026-06-19T00:18:52.930-06:00  INFO 9562 --- [restartedMain] o.a.c.c.C.[Tomcat].[localhost].[/]       : Initializing Spring embedded WebApplicationContext
2026-06-19T00:18:52.930-06:00  INFO 9562 --- [restartedMain] w.s.c.ServletWebServerApplicationContext : Root WebApplicationContext: initialization completed in 985 ms
2026-06-19T00:18:53.025-06:00  INFO 9562 --- [restartedMain] o.hibernate.jpa.internal.util.LogHelper  : HHH000204: Processing PersistenceUnitInfo [name: default]
2026-06-19T00:18:53.043-06:00  INFO 9562 --- [restartedMain] org.hibernate.Version                    : HHH000412: Hibernate ORM core version 6.6.22.Final
2026-06-19T00:18:53.055-06:00  INFO 9562 --- [restartedMain] o.h.c.internal.RegionFactoryInitiator    : HHH000026: Second-level cache disabled
2026-06-19T00:18:53.174-06:00  INFO 9562 --- [restartedMain] o.s.o.j.p.SpringPersistenceUnitInfo      : No LoadTimeWeaver setup: ignoring JPA class transformer
2026-06-19T00:18:53.188-06:00  INFO 9562 --- [restartedMain] com.zaxxer.hikari.HikariDataSource       : HikariPool-1 - Starting...
2026-06-19T00:18:54.537-06:00  INFO 9562 --- [restartedMain] com.zaxxer.hikari.pool.HikariPool        : HikariPool-1 - Added connection com.mysql.cj.jdbc.ConnectionImpl@68b9abb3
2026-06-19T00:18:54.540-06:00  INFO 9562 --- [restartedMain] com.zaxxer.hikari.HikariDataSource       : HikariPool-1 - Start completed.
2026-06-19T00:18:54.669-06:00  WARN 9562 --- [restartedMain] org.hibernate.orm.deprecation            : HHH90000025: MySQL8Dialect does not need to be specified explicitly using 'hibernate.dialect' (remove the property setting and it will be selected by default)
2026-06-19T00:18:54.669-06:00  WARN 9562 --- [restartedMain] org.hibernate.orm.deprecation            : HHH90000026: MySQL8Dialect has been deprecated; use org.hibernate.dialect.MySQLDialect instead
2026-06-19T00:18:54.679-06:00  INFO 9562 --- [restartedMain] org.hibernate.orm.connections.pooling    : HHH10001005: Database info:
	Database JDBC URL [Connecting through datasource 'HikariDataSource (HikariPool-1)']
	Database driver: undefined/unknown
	Database version: 8.0
	Autocommit mode: undefined/unknown
	Isolation level: undefined/unknown
	Minimum pool size: undefined/unknown
	Maximum pool size: undefined/unknown
2026-06-19T00:18:54.958-06:00  WARN 9562 --- [restartedMain] org.hibernate.mapping.RootClass          : HHH000038: Composite-id class does not override equals(): com.asistencia_el_salvador.web_app_asistencia.model.UsuarioComercioPK
2026-06-19T00:18:54.958-06:00  WARN 9562 --- [restartedMain] org.hibernate.mapping.RootClass          : HHH000039: Composite-id class does not override hashCode(): com.asistencia_el_salvador.web_app_asistencia.model.UsuarioComercioPK
2026-06-19T00:18:55.484-06:00  INFO 9562 --- [restartedMain] o.h.e.t.j.p.i.JtaPlatformInitiator       : HHH000489: No JTA platform available (set 'hibernate.transaction.jta.platform' to enable JTA platform integration)
2026-06-19T00:18:55.485-06:00  INFO 9562 --- [restartedMain] j.LocalContainerEntityManagerFactoryBean : Initialized JPA EntityManagerFactory for persistence unit 'default'
2026-06-19T00:18:55.594-06:00  INFO 9562 --- [restartedMain] o.s.d.j.r.query.QueryEnhancerFactory     : Hibernate is in classpath; If applicable, HQL parser will be used.
2026-06-19T00:18:57.831-06:00  WARN 9562 --- [restartedMain] JpaBaseConfiguration$JpaWebConfiguration : spring.jpa.open-in-view is enabled by default. Therefore, database queries may be performed during view rendering. Explicitly configure spring.jpa.open-in-view to disable this warning
2026-06-19T00:18:57.952-06:00 DEBUG 9562 --- [restartedMain] s.w.s.m.m.a.RequestMappingHandlerMapping : 331 mappings in 'requestMappingHandlerMapping'
2026-06-19T00:18:57.990-06:00  WARN 9562 --- [restartedMain] .s.s.UserDetailsServiceAutoConfiguration : 

Using generated security password: bf18b2f7-edda-4f57-a777-30900d1953dd

This generated password is for development use only. Your security configuration must be updated before running your application in production.

2026-06-19T00:18:57.994-06:00  INFO 9562 --- [restartedMain] r$InitializeUserDetailsManagerConfigurer : Global AuthenticationManager configured with UserDetailsService bean with name inMemoryUserDetailsManager
2026-06-19T00:18:58.112-06:00 DEBUG 9562 --- [restartedMain] s.w.s.m.m.a.RequestMappingHandlerAdapter : ControllerAdvice beans: 0 @ModelAttribute, 0 @InitBinder, 1 RequestBodyAdvice, 1 ResponseBodyAdvice
2026-06-19T00:18:58.137-06:00 DEBUG 9562 --- [restartedMain] .m.m.a.ExceptionHandlerExceptionResolver : ControllerAdvice beans: 0 @ExceptionHandler, 1 ResponseBodyAdvice
2026-06-19T00:18:58.222-06:00  INFO 9562 --- [restartedMain] .w.s.a.s.AnnotationActionEndpointMapping : Supporting [WS-Addressing August 2004, WS-Addressing 1.0]
2026-06-19T00:18:58.242-06:00  INFO 9562 --- [restartedMain] o.s.b.d.a.OptionalLiveReloadServer       : LiveReload server is running on port 35729
2026-06-19T00:18:58.255-06:00  INFO 9562 --- [restartedMain] o.s.m.s.b.SimpleBrokerMessageHandler     : Starting...
2026-06-19T00:18:58.255-06:00  INFO 9562 --- [restartedMain] o.s.m.s.b.SimpleBrokerMessageHandler     : BrokerAvailabilityEvent[available=true, SimpleBrokerMessageHandler [org.springframework.messaging.simp.broker.DefaultSubscriptionRegistry@d1d6907]]
2026-06-19T00:18:58.255-06:00  INFO 9562 --- [restartedMain] o.s.m.s.b.SimpleBrokerMessageHandler     : Started.
2026-06-19T00:18:58.264-06:00  INFO 9562 --- [restartedMain] o.s.b.w.embedded.tomcat.TomcatWebServer  : Tomcat started on port 8080 (http) with context path '/'
2026-06-19T00:18:58.269-06:00  INFO 9562 --- [restartedMain] c.a.w.WebAppAsistenciaApplication        : Started WebAppAsistenciaApplication in 6.554 seconds (process running for 6.778)
2026-06-19T00:19:24.308-06:00  INFO 9562 --- [http-nio-0.0.0.0-8080-exec-1] o.a.c.c.C.[Tomcat].[localhost].[/]       : Initializing Spring DispatcherServlet 'dispatcherServlet'
2026-06-19T00:19:24.309-06:00  INFO 9562 --- [http-nio-0.0.0.0-8080-exec-1] o.s.web.servlet.DispatcherServlet        : Initializing Servlet 'dispatcherServlet'
2026-06-19T00:19:24.312-06:00  INFO 9562 --- [http-nio-0.0.0.0-8080-exec-1] o.s.web.servlet.DispatcherServlet        : Completed initialization in 3 ms
2026-06-19T00:19:24.329-06:00 DEBUG 9562 --- [http-nio-0.0.0.0-8080-exec-1] s.w.s.m.m.a.RequestMappingHandlerMapping : Mapped to com.asistencia_el_salvador.web_app_asistencia.controller.UsuarioController#mostrarLogin(Model, HttpSession, String)
2026-06-19T00:19:28.616-06:00 DEBUG 9562 --- [http-nio-0.0.0.0-8080-exec-3] s.w.s.m.m.a.RequestMappingHandlerMapping : Mapped to com.asistencia_el_salvador.web_app_asistencia.controller.UsuarioController#login(String, String, HttpSession, String, HttpServletRequest, Model)
2026-06-19T00:19:30.010-06:00 DEBUG 9562 --- [http-nio-0.0.0.0-8080-exec-4] s.w.s.m.m.a.RequestMappingHandlerMapping : Mapped to com.asistencia_el_salvador.web_app_asistencia.controller.DashboardController#mostrarDashboard(HttpSession, Model)
2026-06-19T00:19:33.092-06:00 DEBUG 9562 --- [http-nio-0.0.0.0-8080-exec-7] s.w.s.m.m.a.RequestMappingHandlerMapping : Mapped to com.asistencia_el_salvador.web_app_asistencia.controller.ComercioAfiliadoController#mostrarComercios(HttpSession, Model)
2026-06-19T00:19:36.534-06:00 DEBUG 9562 --- [http-nio-0.0.0.0-8080-exec-10] s.w.s.m.m.a.RequestMappingHandlerMapping : Mapped to com.asistencia_el_salvador.web_app_asistencia.controller.EmpresaAfiliadaController#listarPromocionesCliente(String, Model, HttpSession)
2026-06-19T00:19:58.269-06:00  INFO 9562 --- [MessageBroker-1] o.s.w.s.c.WebSocketMessageBrokerStats    : WebSocketSession[0 current WS(0)-HttpStream(0)-HttpPoll(0), 0 total, 0 closed abnormally (0 connect failure, 0 send limit, 0 transport error)], stompSubProtocol[processed CONNECT(0)-CONNECTED(0)-DISCONNECT(0)], stompBrokerRelay[null], inboundChannel[pool size = 0, active threads = 0, queued tasks = 0, completed tasks = 0], outboundChannel[pool size = 0, active threads = 0, queued tasks = 0, completed tasks = 0], sockJsScheduler[pool size = 1, active threads = 1, queued tasks = 0, completed tasks = 0]
2026-06-19T00:20:54.330-06:00  INFO 9562 --- [File Watcher] rtingClassPathChangeChangedEventListener : Restarting due to 471 class path changes (0 additions, 319 deletions, 152 modifications)
2026-06-19T00:20:54.342-06:00  INFO 9562 --- [Thread-5] o.s.b.w.e.tomcat.GracefulShutdown        : Commencing graceful shutdown. Waiting for active requests to complete
2026-06-19T00:20:54.346-06:00  INFO 9562 --- [tomcat-shutdown] o.s.b.w.e.tomcat.GracefulShutdown        : Graceful shutdown complete
2026-06-19T00:20:54.348-06:00  INFO 9562 --- [Thread-5] o.s.m.s.b.SimpleBrokerMessageHandler     : Stopping...
2026-06-19T00:20:54.348-06:00  INFO 9562 --- [Thread-5] o.s.m.s.b.SimpleBrokerMessageHandler     : BrokerAvailabilityEvent[available=false, SimpleBrokerMessageHandler [org.springframework.messaging.simp.broker.DefaultSubscriptionRegistry@d1d6907]]
2026-06-19T00:20:54.348-06:00  INFO 9562 --- [Thread-5] o.s.m.s.b.SimpleBrokerMessageHandler     : Stopped.
2026-06-19T00:20:54.358-06:00  INFO 9562 --- [Thread-5] j.LocalContainerEntityManagerFactoryBean : Closing JPA EntityManagerFactory for persistence unit 'default'
2026-06-19T00:20:54.362-06:00  INFO 9562 --- [Thread-5] com.zaxxer.hikari.HikariDataSource       : HikariPool-1 - Shutdown initiated...
2026-06-19T00:20:54.501-06:00  INFO 9562 --- [Thread-5] com.zaxxer.hikari.HikariDataSource       : HikariPool-1 - Shutdown completed.
2026-06-19T00:20:54.622-06:00  INFO 9562 --- [restartedMain] c.a.w.WebAppAsistenciaApplication        : Starting WebAppAsistenciaApplication using Java 21.0.5 with PID 9562 (/Users/rcastro/Documents/ProyectosSpring/WebAppAsistencia/target/classes started by rcastro in /Users/rcastro/Documents/ProyectosSpring/WebAppAsistencia)
2026-06-19T00:20:54.622-06:00  INFO 9562 --- [restartedMain] c.a.w.WebAppAsistenciaApplication        : No active profile set, falling back to 1 default profile: "default"
2026-06-19T00:20:54.727-06:00  INFO 9562 --- [restartedMain] .s.d.r.c.RepositoryConfigurationDelegate : Bootstrapping Spring Data JPA repositories in DEFAULT mode.
2026-06-19T00:20:54.766-06:00  INFO 9562 --- [restartedMain] .s.d.r.c.RepositoryConfigurationDelegate : Finished Spring Data repository scanning in 39 ms. Found 42 JPA repository interfaces.
2026-06-19T00:20:54.850-06:00  INFO 9562 --- [restartedMain] o.s.b.w.embedded.tomcat.TomcatWebServer  : Tomcat initialized with port 8080 (http)
2026-06-19T00:20:54.850-06:00  INFO 9562 --- [restartedMain] o.apache.catalina.core.StandardService   : Starting service [Tomcat]
2026-06-19T00:20:54.850-06:00  INFO 9562 --- [restartedMain] o.apache.catalina.core.StandardEngine    : Starting Servlet engine: [Apache Tomcat/10.1.43]
2026-06-19T00:20:54.864-06:00  INFO 9562 --- [restartedMain] o.a.c.c.C.[Tomcat].[localhost].[/]       : Initializing Spring embedded WebApplicationContext
2026-06-19T00:20:54.864-06:00  INFO 9562 --- [restartedMain] w.s.c.ServletWebServerApplicationContext : Root WebApplicationContext: initialization completed in 241 ms
2026-06-19T00:20:54.900-06:00  INFO 9562 --- [restartedMain] o.hibernate.jpa.internal.util.LogHelper  : HHH000204: Processing PersistenceUnitInfo [name: default]
2026-06-19T00:20:54.902-06:00  INFO 9562 --- [restartedMain] o.h.c.internal.RegionFactoryInitiator    : HHH000026: Second-level cache disabled
2026-06-19T00:20:54.907-06:00  INFO 9562 --- [restartedMain] o.s.o.j.p.SpringPersistenceUnitInfo      : No LoadTimeWeaver setup: ignoring JPA class transformer
2026-06-19T00:20:54.908-06:00  INFO 9562 --- [restartedMain] com.zaxxer.hikari.HikariDataSource       : HikariPool-2 - Starting...
2026-06-19T00:20:56.055-06:00  INFO 9562 --- [restartedMain] com.zaxxer.hikari.pool.HikariPool        : HikariPool-2 - Added connection com.mysql.cj.jdbc.ConnectionImpl@35ffc358
2026-06-19T00:20:56.056-06:00  INFO 9562 --- [restartedMain] com.zaxxer.hikari.HikariDataSource       : HikariPool-2 - Start completed.
2026-06-19T00:20:56.057-06:00  WARN 9562 --- [restartedMain] org.hibernate.orm.deprecation            : HHH90000025: MySQL8Dialect does not need to be specified explicitly using 'hibernate.dialect' (remove the property setting and it will be selected by default)
2026-06-19T00:20:56.057-06:00  WARN 9562 --- [restartedMain] org.hibernate.orm.deprecation            : HHH90000026: MySQL8Dialect has been deprecated; use org.hibernate.dialect.MySQLDialect instead
2026-06-19T00:20:56.057-06:00  INFO 9562 --- [restartedMain] org.hibernate.orm.connections.pooling    : HHH10001005: Database info:
	Database JDBC URL [Connecting through datasource 'HikariDataSource (HikariPool-2)']
	Database driver: undefined/unknown
	Database version: 8.0
	Autocommit mode: undefined/unknown
	Isolation level: undefined/unknown
	Minimum pool size: undefined/unknown
	Maximum pool size: undefined/unknown
2026-06-19T00:20:56.157-06:00  WARN 9562 --- [restartedMain] org.hibernate.mapping.RootClass          : HHH000038: Composite-id class does not override equals(): com.asistencia_el_salvador.web_app_asistencia.model.UsuarioComercioPK
2026-06-19T00:20:56.157-06:00  WARN 9562 --- [restartedMain] org.hibernate.mapping.RootClass          : HHH000039: Composite-id class does not override hashCode(): com.asistencia_el_salvador.web_app_asistencia.model.UsuarioComercioPK
2026-06-19T00:20:56.347-06:00  INFO 9562 --- [restartedMain] o.h.e.t.j.p.i.JtaPlatformInitiator       : HHH000489: No JTA platform available (set 'hibernate.transaction.jta.platform' to enable JTA platform integration)
2026-06-19T00:20:56.347-06:00  INFO 9562 --- [restartedMain] j.LocalContainerEntityManagerFactoryBean : Initialized JPA EntityManagerFactory for persistence unit 'default'
2026-06-19T00:20:56.539-06:00  WARN 9562 --- [restartedMain] JpaBaseConfiguration$JpaWebConfiguration : spring.jpa.open-in-view is enabled by default. Therefore, database queries may be performed during view rendering. Explicitly configure spring.jpa.open-in-view to disable this warning
2026-06-19T00:20:56.571-06:00 DEBUG 9562 --- [restartedMain] s.w.s.m.m.a.RequestMappingHandlerMapping : 41 mappings in 'requestMappingHandlerMapping'
2026-06-19T00:20:56.580-06:00  WARN 9562 --- [restartedMain] .s.s.UserDetailsServiceAutoConfiguration : 

Using generated security password: eea37583-e8d6-4924-a2ff-b14cff3e8521

This generated password is for development use only. Your security configuration must be updated before running your application in production.

2026-06-19T00:20:56.580-06:00  INFO 9562 --- [restartedMain] r$InitializeUserDetailsManagerConfigurer : Global AuthenticationManager configured with UserDetailsService bean with name inMemoryUserDetailsManager
2026-06-19T00:20:56.601-06:00 DEBUG 9562 --- [restartedMain] s.w.s.m.m.a.RequestMappingHandlerAdapter : ControllerAdvice beans: 0 @ModelAttribute, 0 @InitBinder, 1 RequestBodyAdvice, 1 ResponseBodyAdvice
2026-06-19T00:20:56.607-06:00 DEBUG 9562 --- [restartedMain] .m.m.a.ExceptionHandlerExceptionResolver : ControllerAdvice beans: 0 @ExceptionHandler, 1 ResponseBodyAdvice
2026-06-19T00:20:56.659-06:00  INFO 9562 --- [restartedMain] .w.s.a.s.AnnotationActionEndpointMapping : Supporting [WS-Addressing August 2004, WS-Addressing 1.0]
2026-06-19T00:20:56.661-06:00  INFO 9562 --- [restartedMain] o.s.b.d.a.OptionalLiveReloadServer       : LiveReload server is running on port 35729
2026-06-19T00:20:56.665-06:00  INFO 9562 --- [restartedMain] o.s.m.s.b.SimpleBrokerMessageHandler     : Starting...
2026-06-19T00:20:56.666-06:00  INFO 9562 --- [restartedMain] o.s.m.s.b.SimpleBrokerMessageHandler     : BrokerAvailabilityEvent[available=true, SimpleBrokerMessageHandler [org.springframework.messaging.simp.broker.DefaultSubscriptionRegistry@39ab99b2]]
2026-06-19T00:20:56.666-06:00  INFO 9562 --- [restartedMain] o.s.m.s.b.SimpleBrokerMessageHandler     : Started.
2026-06-19T00:20:56.667-06:00  INFO 9562 --- [restartedMain] o.s.b.w.embedded.tomcat.TomcatWebServer  : Tomcat started on port 8080 (http) with context path '/'
2026-06-19T00:20:56.668-06:00  INFO 9562 --- [restartedMain] c.a.w.WebAppAsistenciaApplication        : Started WebAppAsistenciaApplication in 2.069 seconds (process running for 125.178)
2026-06-19T00:20:56.669-06:00  INFO 9562 --- [restartedMain] .ConditionEvaluationDeltaLoggingListener : Condition evaluation unchanged
2026-06-19T00:20:58.127-06:00  INFO 9562 --- [File Watcher] rtingClassPathChangeChangedEventListener : Restarting due to 319 class path changes (319 additions, 0 deletions, 0 modifications)
2026-06-19T00:20:58.132-06:00  INFO 9562 --- [Thread-7] o.s.b.w.e.tomcat.GracefulShutdown        : Commencing graceful shutdown. Waiting for active requests to complete
2026-06-19T00:20:58.134-06:00  INFO 9562 --- [tomcat-shutdown] o.s.b.w.e.tomcat.GracefulShutdown        : Graceful shutdown complete
2026-06-19T00:20:58.135-06:00  INFO 9562 --- [Thread-7] o.s.m.s.b.SimpleBrokerMessageHandler     : Stopping...
2026-06-19T00:20:58.135-06:00  INFO 9562 --- [Thread-7] o.s.m.s.b.SimpleBrokerMessageHandler     : BrokerAvailabilityEvent[available=false, SimpleBrokerMessageHandler [org.springframework.messaging.simp.broker.DefaultSubscriptionRegistry@39ab99b2]]
2026-06-19T00:20:58.135-06:00  INFO 9562 --- [Thread-7] o.s.m.s.b.SimpleBrokerMessageHandler     : Stopped.
2026-06-19T00:20:58.137-06:00  INFO 9562 --- [Thread-7] j.LocalContainerEntityManagerFactoryBean : Closing JPA EntityManagerFactory for persistence unit 'default'
2026-06-19T00:20:58.137-06:00  INFO 9562 --- [Thread-7] com.zaxxer.hikari.HikariDataSource       : HikariPool-2 - Shutdown initiated...
2026-06-19T00:20:58.787-06:00  INFO 9562 --- [Thread-7] com.zaxxer.hikari.HikariDataSource       : HikariPool-2 - Shutdown completed.
2026-06-19T00:20:58.867-06:00  INFO 9562 --- [restartedMain] c.a.w.WebAppAsistenciaApplication        : Starting WebAppAsistenciaApplication using Java 21.0.5 with PID 9562 (/Users/rcastro/Documents/ProyectosSpring/WebAppAsistencia/target/classes started by rcastro in /Users/rcastro/Documents/ProyectosSpring/WebAppAsistencia)
2026-06-19T00:20:58.867-06:00  INFO 9562 --- [restartedMain] c.a.w.WebAppAsistenciaApplication        : No active profile set, falling back to 1 default profile: "default"
2026-06-19T00:20:58.966-06:00  INFO 9562 --- [restartedMain] .s.d.r.c.RepositoryConfigurationDelegate : Bootstrapping Spring Data JPA repositories in DEFAULT mode.
2026-06-19T00:20:59.007-06:00  INFO 9562 --- [restartedMain] .s.d.r.c.RepositoryConfigurationDelegate : Finished Spring Data repository scanning in 40 ms. Found 72 JPA repository interfaces.
2026-06-19T00:20:59.075-06:00  INFO 9562 --- [restartedMain] o.s.b.w.embedded.tomcat.TomcatWebServer  : Tomcat initialized with port 8080 (http)
2026-06-19T00:20:59.076-06:00  INFO 9562 --- [restartedMain] o.apache.catalina.core.StandardService   : Starting service [Tomcat]
2026-06-19T00:20:59.076-06:00  INFO 9562 --- [restartedMain] o.apache.catalina.core.StandardEngine    : Starting Servlet engine: [Apache Tomcat/10.1.43]
2026-06-19T00:20:59.087-06:00  INFO 9562 --- [restartedMain] o.a.c.c.C.[Tomcat].[localhost].[/]       : Initializing Spring embedded WebApplicationContext
2026-06-19T00:20:59.087-06:00  INFO 9562 --- [restartedMain] w.s.c.ServletWebServerApplicationContext : Root WebApplicationContext: initialization completed in 219 ms
2026-06-19T00:20:59.108-06:00  INFO 9562 --- [restartedMain] o.hibernate.jpa.internal.util.LogHelper  : HHH000204: Processing PersistenceUnitInfo [name: default]
2026-06-19T00:20:59.109-06:00  INFO 9562 --- [restartedMain] o.h.c.internal.RegionFactoryInitiator    : HHH000026: Second-level cache disabled
2026-06-19T00:20:59.113-06:00  INFO 9562 --- [restartedMain] o.s.o.j.p.SpringPersistenceUnitInfo      : No LoadTimeWeaver setup: ignoring JPA class transformer
2026-06-19T00:20:59.114-06:00  INFO 9562 --- [restartedMain] com.zaxxer.hikari.HikariDataSource       : HikariPool-3 - Starting...
2026-06-19T00:21:00.033-06:00  INFO 9562 --- [restartedMain] com.zaxxer.hikari.pool.HikariPool        : HikariPool-3 - Added connection com.mysql.cj.jdbc.ConnectionImpl@2785165b
2026-06-19T00:21:00.035-06:00  INFO 9562 --- [restartedMain] com.zaxxer.hikari.HikariDataSource       : HikariPool-3 - Start completed.
2026-06-19T00:21:00.037-06:00  WARN 9562 --- [restartedMain] org.hibernate.orm.deprecation            : HHH90000025: MySQL8Dialect does not need to be specified explicitly using 'hibernate.dialect' (remove the property setting and it will be selected by default)
2026-06-19T00:21:00.037-06:00  WARN 9562 --- [restartedMain] org.hibernate.orm.deprecation            : HHH90000026: MySQL8Dialect has been deprecated; use org.hibernate.dialect.MySQLDialect instead
2026-06-19T00:21:00.038-06:00  INFO 9562 --- [restartedMain] org.hibernate.orm.connections.pooling    : HHH10001005: Database info:
	Database JDBC URL [Connecting through datasource 'HikariDataSource (HikariPool-3)']
	Database driver: undefined/unknown
	Database version: 8.0
	Autocommit mode: undefined/unknown
	Isolation level: undefined/unknown
	Minimum pool size: undefined/unknown
	Maximum pool size: undefined/unknown
2026-06-19T00:21:00.143-06:00  WARN 9562 --- [restartedMain] org.hibernate.mapping.RootClass          : HHH000038: Composite-id class does not override equals(): com.asistencia_el_salvador.web_app_asistencia.model.UsuarioComercioPK
2026-06-19T00:21:00.143-06:00  WARN 9562 --- [restartedMain] org.hibernate.mapping.RootClass          : HHH000039: Composite-id class does not override hashCode(): com.asistencia_el_salvador.web_app_asistencia.model.UsuarioComercioPK
2026-06-19T00:21:00.329-06:00  INFO 9562 --- [restartedMain] o.h.e.t.j.p.i.JtaPlatformInitiator       : HHH000489: No JTA platform available (set 'hibernate.transaction.jta.platform' to enable JTA platform integration)
2026-06-19T00:21:00.330-06:00  INFO 9562 --- [restartedMain] j.LocalContainerEntityManagerFactoryBean : Initialized JPA EntityManagerFactory for persistence unit 'default'
2026-06-19T00:21:01.109-06:00  WARN 9562 --- [restartedMain] JpaBaseConfiguration$JpaWebConfiguration : spring.jpa.open-in-view is enabled by default. Therefore, database queries may be performed during view rendering. Explicitly configure spring.jpa.open-in-view to disable this warning
2026-06-19T00:21:01.145-06:00 DEBUG 9562 --- [restartedMain] s.w.s.m.m.a.RequestMappingHandlerMapping : 331 mappings in 'requestMappingHandlerMapping'
2026-06-19T00:21:01.153-06:00  WARN 9562 --- [restartedMain] .s.s.UserDetailsServiceAutoConfiguration : 

Using generated security password: 0609fd38-92d4-4de8-819d-5d86225337a5

This generated password is for development use only. Your security configuration must be updated before running your application in production.

2026-06-19T00:21:01.154-06:00  INFO 9562 --- [restartedMain] r$InitializeUserDetailsManagerConfigurer : Global AuthenticationManager configured with UserDetailsService bean with name inMemoryUserDetailsManager
2026-06-19T00:21:01.171-06:00 DEBUG 9562 --- [restartedMain] s.w.s.m.m.a.RequestMappingHandlerAdapter : ControllerAdvice beans: 0 @ModelAttribute, 0 @InitBinder, 1 RequestBodyAdvice, 1 ResponseBodyAdvice
2026-06-19T00:21:01.174-06:00 DEBUG 9562 --- [restartedMain] .m.m.a.ExceptionHandlerExceptionResolver : ControllerAdvice beans: 0 @ExceptionHandler, 1 ResponseBodyAdvice
2026-06-19T00:21:01.187-06:00  INFO 9562 --- [restartedMain] .w.s.a.s.AnnotationActionEndpointMapping : Supporting [WS-Addressing August 2004, WS-Addressing 1.0]
2026-06-19T00:21:01.191-06:00  INFO 9562 --- [restartedMain] o.s.b.d.a.OptionalLiveReloadServer       : LiveReload server is running on port 35729
2026-06-19T00:21:01.195-06:00  INFO 9562 --- [restartedMain] o.s.m.s.b.SimpleBrokerMessageHandler     : Starting...
2026-06-19T00:21:01.195-06:00  INFO 9562 --- [restartedMain] o.s.m.s.b.SimpleBrokerMessageHandler     : BrokerAvailabilityEvent[available=true, SimpleBrokerMessageHandler [org.springframework.messaging.simp.broker.DefaultSubscriptionRegistry@209926d3]]
2026-06-19T00:21:01.195-06:00  INFO 9562 --- [restartedMain] o.s.m.s.b.SimpleBrokerMessageHandler     : Started.
2026-06-19T00:21:01.196-06:00  INFO 9562 --- [restartedMain] o.s.b.w.embedded.tomcat.TomcatWebServer  : Tomcat started on port 8080 (http) with context path '/'
2026-06-19T00:21:01.198-06:00  INFO 9562 --- [restartedMain] c.a.w.WebAppAsistenciaApplication        : Started WebAppAsistenciaApplication in 2.343 seconds (process running for 129.707)
2026-06-19T00:21:01.198-06:00  INFO 9562 --- [restartedMain] .ConditionEvaluationDeltaLoggingListener : Condition evaluation unchanged
2026-06-19T00:22:01.200-06:00  INFO 9562 --- [MessageBroker-1] o.s.w.s.c.WebSocketMessageBrokerStats    : WebSocketSession[0 current WS(0)-HttpStream(0)-HttpPoll(0), 0 total, 0 closed abnormally (0 connect failure, 0 send limit, 0 transport error)], stompSubProtocol[processed CONNECT(0)-CONNECTED(0)-DISCONNECT(0)], stompBrokerRelay[null], inboundChannel[pool size = 0, active threads = 0, queued tasks = 0, completed tasks = 0], outboundChannel[pool size = 0, active threads = 0, queued tasks = 0, completed tasks = 0], sockJsScheduler[pool size = 1, active threads = 1, queued tasks = 0, completed tasks = 0]
2026-06-19T00:23:41.948-06:00  INFO 9562 --- [SpringApplicationShutdownHook] o.s.b.w.e.tomcat.GracefulShutdown        : Commencing graceful shutdown. Waiting for active requests to complete
2026-06-19T00:23:41.950-06:00  INFO 9562 --- [tomcat-shutdown] o.s.b.w.e.tomcat.GracefulShutdown        : Graceful shutdown complete
2026-06-19T00:23:41.951-06:00  INFO 9562 --- [SpringApplicationShutdownHook] o.s.m.s.b.SimpleBrokerMessageHandler     : Stopping...
2026-06-19T00:23:41.951-06:00  INFO 9562 --- [SpringApplicationShutdownHook] o.s.m.s.b.SimpleBrokerMessageHandler     : BrokerAvailabilityEvent[available=false, SimpleBrokerMessageHandler [org.springframework.messaging.simp.broker.DefaultSubscriptionRegistry@209926d3]]
2026-06-19T00:23:41.951-06:00  INFO 9562 --- [SpringApplicationShutdownHook] o.s.m.s.b.SimpleBrokerMessageHandler     : Stopped.
2026-06-19T00:23:41.956-06:00  INFO 9562 --- [SpringApplicationShutdownHook] j.LocalContainerEntityManagerFactoryBean : Closing JPA EntityManagerFactory for persistence unit 'default'
2026-06-19T00:23:41.957-06:00  INFO 9562 --- [SpringApplicationShutdownHook] com.zaxxer.hikari.HikariDataSource       : HikariPool-3 - Shutdown initiated...
2026-06-19T00:23:42.034-06:00  INFO 9562 --- [SpringApplicationShutdownHook] com.zaxxer.hikari.HikariDataSource       : HikariPool-3 - Shutdown completed.
2026-06-19T15:28:52.368-06:00  INFO 2684 --- [main] c.a.w.WebAppAsistenciaApplicationTests   : Starting WebAppAsistenciaApplicationTests using Java 21.0.5 with PID 2684 (started by rcastro in /Users/rcastro/Documents/ProyectosSpring/WebAppAsistencia)
2026-06-19T15:28:52.369-06:00  INFO 2684 --- [main] c.a.w.WebAppAsistenciaApplicationTests   : No active profile set, falling back to 1 default profile: "default"
2026-06-19T15:28:52.838-06:00  INFO 2684 --- [main] .s.d.r.c.RepositoryConfigurationDelegate : Bootstrapping Spring Data JPA repositories in DEFAULT mode.
2026-06-19T15:28:52.921-06:00  INFO 2684 --- [main] .s.d.r.c.RepositoryConfigurationDelegate : Finished Spring Data repository scanning in 79 ms. Found 73 JPA repository interfaces.
2026-06-19T15:28:53.263-06:00  INFO 2684 --- [main] o.hibernate.jpa.internal.util.LogHelper  : HHH000204: Processing PersistenceUnitInfo [name: default]
2026-06-19T15:28:53.284-06:00  INFO 2684 --- [main] org.hibernate.Version                    : HHH000412: Hibernate ORM core version 6.6.22.Final
2026-06-19T15:28:53.299-06:00  INFO 2684 --- [main] o.h.c.internal.RegionFactoryInitiator    : HHH000026: Second-level cache disabled
2026-06-19T15:28:53.427-06:00  INFO 2684 --- [main] o.s.o.j.p.SpringPersistenceUnitInfo      : No LoadTimeWeaver setup: ignoring JPA class transformer
2026-06-19T15:28:53.440-06:00  INFO 2684 --- [main] com.zaxxer.hikari.HikariDataSource       : HikariPool-1 - Starting...
2026-06-19T15:28:54.765-06:00  INFO 2684 --- [main] com.zaxxer.hikari.pool.HikariPool        : HikariPool-1 - Added connection com.mysql.cj.jdbc.ConnectionImpl@62c53685
2026-06-19T15:28:54.767-06:00  INFO 2684 --- [main] com.zaxxer.hikari.HikariDataSource       : HikariPool-1 - Start completed.
2026-06-19T15:28:54.889-06:00  WARN 2684 --- [main] org.hibernate.orm.deprecation            : HHH90000025: MySQL8Dialect does not need to be specified explicitly using 'hibernate.dialect' (remove the property setting and it will be selected by default)
2026-06-19T15:28:54.890-06:00  WARN 2684 --- [main] org.hibernate.orm.deprecation            : HHH90000026: MySQL8Dialect has been deprecated; use org.hibernate.dialect.MySQLDialect instead
2026-06-19T15:28:54.898-06:00  INFO 2684 --- [main] org.hibernate.orm.connections.pooling    : HHH10001005: Database info:
	Database JDBC URL [Connecting through datasource 'HikariDataSource (HikariPool-1)']
	Database driver: undefined/unknown
	Database version: 8.0
	Autocommit mode: undefined/unknown
	Isolation level: undefined/unknown
	Minimum pool size: undefined/unknown
	Maximum pool size: undefined/unknown
2026-06-19T15:28:55.163-06:00  WARN 2684 --- [main] org.hibernate.mapping.RootClass          : HHH000038: Composite-id class does not override equals(): com.asistencia_el_salvador.web_app_asistencia.model.UsuarioComercioPK
2026-06-19T15:28:55.164-06:00  WARN 2684 --- [main] org.hibernate.mapping.RootClass          : HHH000039: Composite-id class does not override hashCode(): com.asistencia_el_salvador.web_app_asistencia.model.UsuarioComercioPK
2026-06-19T15:28:55.708-06:00  INFO 2684 --- [main] o.h.e.t.j.p.i.JtaPlatformInitiator       : HHH000489: No JTA platform available (set 'hibernate.transaction.jta.platform' to enable JTA platform integration)
2026-06-19T15:28:55.710-06:00  INFO 2684 --- [main] j.LocalContainerEntityManagerFactoryBean : Initialized JPA EntityManagerFactory for persistence unit 'default'
2026-06-19T15:28:55.843-06:00  INFO 2684 --- [main] o.s.d.j.r.query.QueryEnhancerFactory     : Hibernate is in classpath; If applicable, HQL parser will be used.
2026-06-19T15:28:58.148-06:00  WARN 2684 --- [main] JpaBaseConfiguration$JpaWebConfiguration : spring.jpa.open-in-view is enabled by default. Therefore, database queries may be performed during view rendering. Explicitly configure spring.jpa.open-in-view to disable this warning
2026-06-19T15:28:58.267-06:00 DEBUG 2684 --- [main] s.w.s.m.m.a.RequestMappingHandlerMapping : 332 mappings in 'requestMappingHandlerMapping'
2026-06-19T15:28:58.314-06:00  WARN 2684 --- [main] .s.s.UserDetailsServiceAutoConfiguration : 

Using generated security password: 541bd4cd-f8c6-4758-b815-45005f623749

This generated password is for development use only. Your security configuration must be updated before running your application in production.

2026-06-19T15:28:58.318-06:00  INFO 2684 --- [main] r$InitializeUserDetailsManagerConfigurer : Global AuthenticationManager configured with UserDetailsService bean with name inMemoryUserDetailsManager
2026-06-19T15:28:58.462-06:00 DEBUG 2684 --- [main] s.w.s.m.m.a.RequestMappingHandlerAdapter : ControllerAdvice beans: 0 @ModelAttribute, 0 @InitBinder, 1 RequestBodyAdvice, 1 ResponseBodyAdvice
2026-06-19T15:28:58.484-06:00 DEBUG 2684 --- [main] .m.m.a.ExceptionHandlerExceptionResolver : ControllerAdvice beans: 0 @ExceptionHandler, 1 ResponseBodyAdvice
2026-06-19T15:28:58.586-06:00  INFO 2684 --- [main] .w.s.a.s.AnnotationActionEndpointMapping : Supporting [WS-Addressing August 2004, WS-Addressing 1.0]
2026-06-19T15:28:58.606-06:00  INFO 2684 --- [main] o.s.m.s.b.SimpleBrokerMessageHandler     : Starting...
2026-06-19T15:28:58.607-06:00  INFO 2684 --- [main] o.s.m.s.b.SimpleBrokerMessageHandler     : BrokerAvailabilityEvent[available=true, SimpleBrokerMessageHandler [org.springframework.messaging.simp.broker.DefaultSubscriptionRegistry@4ec35e4a]]
2026-06-19T15:28:58.607-06:00  INFO 2684 --- [main] o.s.m.s.b.SimpleBrokerMessageHandler     : Started.
2026-06-19T15:28:58.612-06:00  INFO 2684 --- [main] c.a.w.WebAppAsistenciaApplicationTests   : Started WebAppAsistenciaApplicationTests in 6.401 seconds (process running for 7.018)
2026-06-19T15:28:58.931-06:00  INFO 2684 --- [SpringApplicationShutdownHook] o.s.m.s.b.SimpleBrokerMessageHandler     : Stopping...
2026-06-19T15:28:58.931-06:00  INFO 2684 --- [SpringApplicationShutdownHook] o.s.m.s.b.SimpleBrokerMessageHandler     : BrokerAvailabilityEvent[available=false, SimpleBrokerMessageHandler [org.springframework.messaging.simp.broker.DefaultSubscriptionRegistry@4ec35e4a]]
2026-06-19T15:28:58.931-06:00  INFO 2684 --- [SpringApplicationShutdownHook] o.s.m.s.b.SimpleBrokerMessageHandler     : Stopped.
2026-06-19T15:28:58.941-06:00  INFO 2684 --- [SpringApplicationShutdownHook] j.LocalContainerEntityManagerFactoryBean : Closing JPA EntityManagerFactory for persistence unit 'default'
2026-06-19T15:28:58.942-06:00  INFO 2684 --- [SpringApplicationShutdownHook] com.zaxxer.hikari.HikariDataSource       : HikariPool-1 - Shutdown initiated...
2026-06-19T15:28:59.670-06:00  INFO 2684 --- [SpringApplicationShutdownHook] com.zaxxer.hikari.HikariDataSource       : HikariPool-1 - Shutdown completed.
2026-06-19T15:29:03.067-06:00  INFO 2816 --- [restartedMain] c.a.w.WebAppAsistenciaApplication        : Starting WebAppAsistenciaApplication using Java 21.0.5 with PID 2816 (/Users/rcastro/Documents/ProyectosSpring/WebAppAsistencia/target/classes started by rcastro in /Users/rcastro/Documents/ProyectosSpring/WebAppAsistencia)
2026-06-19T15:29:03.069-06:00  INFO 2816 --- [restartedMain] c.a.w.WebAppAsistenciaApplication        : No active profile set, falling back to 1 default profile: "default"
2026-06-19T15:29:03.091-06:00  INFO 2816 --- [restartedMain] .e.DevToolsPropertyDefaultsPostProcessor : Devtools property defaults active! Set 'spring.devtools.add-properties' to 'false' to disable
2026-06-19T15:29:03.091-06:00  INFO 2816 --- [restartedMain] .e.DevToolsPropertyDefaultsPostProcessor : For additional web related logging consider setting the 'logging.level.web' property to 'DEBUG'
2026-06-19T15:29:03.585-06:00  INFO 2816 --- [restartedMain] .s.d.r.c.RepositoryConfigurationDelegate : Bootstrapping Spring Data JPA repositories in DEFAULT mode.
2026-06-19T15:29:03.675-06:00  INFO 2816 --- [restartedMain] .s.d.r.c.RepositoryConfigurationDelegate : Finished Spring Data repository scanning in 85 ms. Found 73 JPA repository interfaces.
2026-06-19T15:29:04.149-06:00  INFO 2816 --- [restartedMain] o.s.b.w.embedded.tomcat.TomcatWebServer  : Tomcat initialized with port 8080 (http)
2026-06-19T15:29:04.159-06:00  INFO 2816 --- [restartedMain] o.apache.catalina.core.StandardService   : Starting service [Tomcat]
2026-06-19T15:29:04.160-06:00  INFO 2816 --- [restartedMain] o.apache.catalina.core.StandardEngine    : Starting Servlet engine: [Apache Tomcat/10.1.43]
2026-06-19T15:29:04.184-06:00  INFO 2816 --- [restartedMain] o.a.c.c.C.[Tomcat].[localhost].[/]       : Initializing Spring embedded WebApplicationContext
2026-06-19T15:29:04.184-06:00  INFO 2816 --- [restartedMain] w.s.c.ServletWebServerApplicationContext : Root WebApplicationContext: initialization completed in 1093 ms
2026-06-19T15:29:04.269-06:00  INFO 2816 --- [restartedMain] o.hibernate.jpa.internal.util.LogHelper  : HHH000204: Processing PersistenceUnitInfo [name: default]
2026-06-19T15:29:04.288-06:00  INFO 2816 --- [restartedMain] org.hibernate.Version                    : HHH000412: Hibernate ORM core version 6.6.22.Final
2026-06-19T15:29:04.300-06:00  INFO 2816 --- [restartedMain] o.h.c.internal.RegionFactoryInitiator    : HHH000026: Second-level cache disabled
2026-06-19T15:29:04.422-06:00  INFO 2816 --- [restartedMain] o.s.o.j.p.SpringPersistenceUnitInfo      : No LoadTimeWeaver setup: ignoring JPA class transformer
2026-06-19T15:29:04.435-06:00  INFO 2816 --- [restartedMain] com.zaxxer.hikari.HikariDataSource       : HikariPool-1 - Starting...
2026-06-19T15:29:05.591-06:00  INFO 2816 --- [restartedMain] com.zaxxer.hikari.pool.HikariPool        : HikariPool-1 - Added connection com.mysql.cj.jdbc.ConnectionImpl@6e67b16d
2026-06-19T15:29:05.594-06:00  INFO 2816 --- [restartedMain] com.zaxxer.hikari.HikariDataSource       : HikariPool-1 - Start completed.
2026-06-19T15:29:05.808-06:00  WARN 2816 --- [restartedMain] org.hibernate.orm.deprecation            : HHH90000025: MySQL8Dialect does not need to be specified explicitly using 'hibernate.dialect' (remove the property setting and it will be selected by default)
2026-06-19T15:29:05.808-06:00  WARN 2816 --- [restartedMain] org.hibernate.orm.deprecation            : HHH90000026: MySQL8Dialect has been deprecated; use org.hibernate.dialect.MySQLDialect instead
2026-06-19T15:29:05.819-06:00  INFO 2816 --- [restartedMain] org.hibernate.orm.connections.pooling    : HHH10001005: Database info:
	Database JDBC URL [Connecting through datasource 'HikariDataSource (HikariPool-1)']
	Database driver: undefined/unknown
	Database version: 8.0
	Autocommit mode: undefined/unknown
	Isolation level: undefined/unknown
	Minimum pool size: undefined/unknown
	Maximum pool size: undefined/unknown
2026-06-19T15:29:06.097-06:00  WARN 2816 --- [restartedMain] org.hibernate.mapping.RootClass          : HHH000038: Composite-id class does not override equals(): com.asistencia_el_salvador.web_app_asistencia.model.UsuarioComercioPK
2026-06-19T15:29:06.097-06:00  WARN 2816 --- [restartedMain] org.hibernate.mapping.RootClass          : HHH000039: Composite-id class does not override hashCode(): com.asistencia_el_salvador.web_app_asistencia.model.UsuarioComercioPK
2026-06-19T15:29:06.622-06:00  INFO 2816 --- [restartedMain] o.h.e.t.j.p.i.JtaPlatformInitiator       : HHH000489: No JTA platform available (set 'hibernate.transaction.jta.platform' to enable JTA platform integration)
2026-06-19T15:29:06.623-06:00  INFO 2816 --- [restartedMain] j.LocalContainerEntityManagerFactoryBean : Initialized JPA EntityManagerFactory for persistence unit 'default'
2026-06-19T15:29:06.730-06:00  INFO 2816 --- [restartedMain] o.s.d.j.r.query.QueryEnhancerFactory     : Hibernate is in classpath; If applicable, HQL parser will be used.
2026-06-19T15:29:08.870-06:00  WARN 2816 --- [restartedMain] JpaBaseConfiguration$JpaWebConfiguration : spring.jpa.open-in-view is enabled by default. Therefore, database queries may be performed during view rendering. Explicitly configure spring.jpa.open-in-view to disable this warning
2026-06-19T15:29:08.976-06:00 DEBUG 2816 --- [restartedMain] s.w.s.m.m.a.RequestMappingHandlerMapping : 332 mappings in 'requestMappingHandlerMapping'
2026-06-19T15:29:09.008-06:00  WARN 2816 --- [restartedMain] .s.s.UserDetailsServiceAutoConfiguration : 

Using generated security password: 2de8b5cd-65b1-423e-84f2-de900ab0b089

This generated password is for development use only. Your security configuration must be updated before running your application in production.

2026-06-19T15:29:09.012-06:00  INFO 2816 --- [restartedMain] r$InitializeUserDetailsManagerConfigurer : Global AuthenticationManager configured with UserDetailsService bean with name inMemoryUserDetailsManager
2026-06-19T15:29:09.132-06:00 DEBUG 2816 --- [restartedMain] s.w.s.m.m.a.RequestMappingHandlerAdapter : ControllerAdvice beans: 0 @ModelAttribute, 0 @InitBinder, 1 RequestBodyAdvice, 1 ResponseBodyAdvice
2026-06-19T15:29:09.160-06:00 DEBUG 2816 --- [restartedMain] .m.m.a.ExceptionHandlerExceptionResolver : ControllerAdvice beans: 0 @ExceptionHandler, 1 ResponseBodyAdvice
2026-06-19T15:29:09.243-06:00  INFO 2816 --- [restartedMain] .w.s.a.s.AnnotationActionEndpointMapping : Supporting [WS-Addressing August 2004, WS-Addressing 1.0]
2026-06-19T15:29:09.262-06:00  INFO 2816 --- [restartedMain] o.s.b.d.a.OptionalLiveReloadServer       : LiveReload server is running on port 35729
2026-06-19T15:29:09.274-06:00  INFO 2816 --- [restartedMain] o.s.m.s.b.SimpleBrokerMessageHandler     : Starting...
2026-06-19T15:29:09.274-06:00  INFO 2816 --- [restartedMain] o.s.m.s.b.SimpleBrokerMessageHandler     : BrokerAvailabilityEvent[available=true, SimpleBrokerMessageHandler [org.springframework.messaging.simp.broker.DefaultSubscriptionRegistry@6b710d7c]]
2026-06-19T15:29:09.275-06:00  INFO 2816 --- [restartedMain] o.s.m.s.b.SimpleBrokerMessageHandler     : Started.
2026-06-19T15:29:09.283-06:00  INFO 2816 --- [restartedMain] o.s.b.w.embedded.tomcat.TomcatWebServer  : Tomcat started on port 8080 (http) with context path '/'
2026-06-19T15:29:09.288-06:00  INFO 2816 --- [restartedMain] c.a.w.WebAppAsistenciaApplication        : Started WebAppAsistenciaApplication in 6.434 seconds (process running for 6.667)
2026-06-19T15:29:50.882-06:00  INFO 2816 --- [http-nio-0.0.0.0-8080-exec-1] o.a.c.c.C.[Tomcat].[localhost].[/]       : Initializing Spring DispatcherServlet 'dispatcherServlet'
2026-06-19T15:29:50.882-06:00  INFO 2816 --- [http-nio-0.0.0.0-8080-exec-1] o.s.web.servlet.DispatcherServlet        : Initializing Servlet 'dispatcherServlet'
2026-06-19T15:29:50.883-06:00  INFO 2816 --- [http-nio-0.0.0.0-8080-exec-1] o.s.web.servlet.DispatcherServlet        : Completed initialization in 0 ms
2026-06-19T15:29:50.898-06:00 DEBUG 2816 --- [http-nio-0.0.0.0-8080-exec-1] s.w.s.m.m.a.RequestMappingHandlerMapping : Mapped to com.asistencia_el_salvador.web_app_asistencia.controller.UsuarioController#loginApi(LoginRequest, HttpServletRequest)
2026-06-19T15:29:50.939-06:00 DEBUG 2816 --- [http-nio-0.0.0.0-8080-exec-1] m.m.a.RequestResponseBodyMethodProcessor : Read "application/json;charset=UTF-8" to [com.asistencia_el_salvador.web_app_asistencia.request.LoginRequest@753b93ff]
2026-06-19T15:29:52.410-06:00 DEBUG 2816 --- [http-nio-0.0.0.0-8080-exec-1] o.s.w.s.m.m.a.HttpEntityMethodProcessor  : Using 'application/json', given [*/*] and supported [application/json, application/*+json, application/xml;charset=UTF-8, text/xml;charset=UTF-8, application/*+xml;charset=UTF-8]
2026-06-19T15:29:52.410-06:00 DEBUG 2816 --- [http-nio-0.0.0.0-8080-exec-1] o.s.w.s.m.m.a.HttpEntityMethodProcessor  : Writing [{usuario=com.asistencia_el_salvador.web_app_asistencia.response.UsuarioResponse@5895f1a, token=eyJhb (truncated)...]
2026-06-19T15:30:09.286-06:00  INFO 2816 --- [MessageBroker-1] o.s.w.s.c.WebSocketMessageBrokerStats    : WebSocketSession[0 current WS(0)-HttpStream(0)-HttpPoll(0), 0 total, 0 closed abnormally (0 connect failure, 0 send limit, 0 transport error)], stompSubProtocol[processed CONNECT(0)-CONNECTED(0)-DISCONNECT(0)], stompBrokerRelay[null], inboundChannel[pool size = 0, active threads = 0, queued tasks = 0, completed tasks = 0], outboundChannel[pool size = 0, active threads = 0, queued tasks = 0, completed tasks = 0], sockJsScheduler[pool size = 1, active threads = 1, queued tasks = 0, completed tasks = 0]
2026-06-19T15:31:38.712-06:00 DEBUG 2816 --- [http-nio-0.0.0.0-8080-exec-4] s.w.s.m.m.a.RequestMappingHandlerMapping : Mapped to com.asistencia_el_salvador.web_app_asistencia.api.AsistenciaApiController#promocionesComercio(String, HttpServletRequest)
2026-06-19T15:31:39.089-06:00 DEBUG 2816 --- [http-nio-0.0.0.0-8080-exec-4] o.s.w.s.m.m.a.HttpEntityMethodProcessor  : Using 'application/json', given [*/*] and supported [application/json, application/*+json, application/xml;charset=UTF-8, text/xml;charset=UTF-8, application/*+xml;charset=UTF-8]
2026-06-19T15:31:39.089-06:00 DEBUG 2816 --- [http-nio-0.0.0.0-8080-exec-4] o.s.w.s.m.m.a.HttpEntityMethodProcessor  : Writing [com.asistencia_el_salvador.web_app_asistencia.dto.ApiResponse@5b7c3374]
2026-06-19T15:32:08.422-06:00 DEBUG 2816 --- [http-nio-0.0.0.0-8080-exec-6] s.w.s.m.m.a.RequestMappingHandlerMapping : Mapped to com.asistencia_el_salvador.web_app_asistencia.api.AsistenciaApiController#registrarPagoAfiliado(CanjePromocion, String, String)
2026-06-19T15:32:08.425-06:00 DEBUG 2816 --- [http-nio-0.0.0.0-8080-exec-6] m.m.a.RequestResponseBodyMethodProcessor : Read "application/octet-stream" to []
2026-06-19T15:32:08.431-06:00  WARN 2816 --- [http-nio-0.0.0.0-8080-exec-6] .w.s.m.s.DefaultHandlerExceptionResolver : Resolved [org.springframework.http.converter.HttpMessageNotReadableException: Required request body is missing: public org.springframework.http.ResponseEntity<com.asistencia_el_salvador.web_app_asistencia.dto.ApiResponse<java.util.Map<java.lang.String, java.lang.Object>>> com.asistencia_el_salvador.web_app_asistencia.api.AsistenciaApiController.registrarPagoAfiliado(com.asistencia_el_salvador.web_app_asistencia.model.CanjePromocion,java.lang.String,java.lang.String)]
2026-06-19T15:32:08.436-06:00 DEBUG 2816 --- [http-nio-0.0.0.0-8080-exec-6] s.w.s.m.m.a.RequestMappingHandlerMapping : Mapped to org.springframework.boot.autoconfigure.web.servlet.error.BasicErrorController#error(HttpServletRequest)
2026-06-19T15:32:08.438-06:00 DEBUG 2816 --- [http-nio-0.0.0.0-8080-exec-6] o.s.w.s.m.m.a.HttpEntityMethodProcessor  : Using 'application/json', given [*/*] and supported [application/json, application/*+json, application/xml;charset=UTF-8, text/xml;charset=UTF-8, application/*+xml;charset=UTF-8]
2026-06-19T15:32:08.439-06:00 DEBUG 2816 --- [http-nio-0.0.0.0-8080-exec-6] o.s.w.s.m.m.a.HttpEntityMethodProcessor  : Writing [{timestamp=Fri Jun 19 15:32:08 CST 2026, status=400, error=Bad Request, trace=org.springframework.ht (truncated)...]
2026-06-19T15:33:27.917-06:00 DEBUG 2816 --- [http-nio-0.0.0.0-8080-exec-7] s.w.s.m.m.a.RequestMappingHandlerMapping : Mapped to com.asistencia_el_salvador.web_app_asistencia.api.AsistenciaApiController#registrarPagoAfiliado(CanjePromocion, String, String)
2026-06-19T15:33:27.928-06:00 DEBUG 2816 --- [http-nio-0.0.0.0-8080-exec-7] m.m.a.RequestResponseBodyMethodProcessor : Read "application/json;charset=UTF-8" to [com.asistencia_el_salvador.web_app_asistencia.model.CanjePromocion@2bd7b72f]
2026-06-19T15:33:28.884-06:00  WARN 2816 --- [http-nio-0.0.0.0-8080-exec-7] o.h.engine.jdbc.spi.SqlExceptionHelper   : SQL Error: 1265, SQLState: 01000
2026-06-19T15:33:28.885-06:00 ERROR 2816 --- [http-nio-0.0.0.0-8080-exec-7] o.h.engine.jdbc.spi.SqlExceptionHelper   : Data truncated for column 'duiAfiliado' at row 1
2026-06-19T15:33:29.126-06:00 DEBUG 2816 --- [http-nio-0.0.0.0-8080-exec-7] o.s.w.s.m.m.a.HttpEntityMethodProcessor  : Using 'application/json', given [*/*] and supported [application/json, application/*+json, application/xml;charset=UTF-8, text/xml;charset=UTF-8, application/*+xml;charset=UTF-8]
2026-06-19T15:33:29.127-06:00 DEBUG 2816 --- [http-nio-0.0.0.0-8080-exec-7] o.s.w.s.m.m.a.HttpEntityMethodProcessor  : Writing [com.asistencia_el_salvador.web_app_asistencia.dto.ApiResponse@44f02243]
2026-06-19T15:34:06.491-06:00 DEBUG 2816 --- [http-nio-0.0.0.0-8080-exec-9] s.w.s.m.m.a.RequestMappingHandlerMapping : Mapped to com.asistencia_el_salvador.web_app_asistencia.api.AsistenciaApiController#registrarPagoAfiliado(CanjePromocion, String, String)
2026-06-19T15:34:06.494-06:00 DEBUG 2816 --- [http-nio-0.0.0.0-8080-exec-9] m.m.a.RequestResponseBodyMethodProcessor : Read "application/json;charset=UTF-8" to [com.asistencia_el_salvador.web_app_asistencia.model.CanjePromocion@7d19944f]
2026-06-19T15:34:07.229-06:00 DEBUG 2816 --- [http-nio-0.0.0.0-8080-exec-9] o.s.w.s.m.m.a.HttpEntityMethodProcessor  : Using 'application/json', given [*/*] and supported [application/json, application/*+json, application/xml;charset=UTF-8, text/xml;charset=UTF-8, application/*+xml;charset=UTF-8]
2026-06-19T15:34:07.230-06:00 DEBUG 2816 --- [http-nio-0.0.0.0-8080-exec-9] o.s.w.s.m.m.a.HttpEntityMethodProcessor  : Writing [com.asistencia_el_salvador.web_app_asistencia.dto.ApiResponse@45ea69f1]
2026-06-19T15:35:49.533-06:00 DEBUG 2816 --- [http-nio-0.0.0.0-8080-exec-1] s.w.s.m.m.a.RequestMappingHandlerMapping : Mapped to com.asistencia_el_salvador.web_app_asistencia.api.AsistenciaApiController#registrarPagoAfiliado(CanjePromocion, String, String)
2026-06-19T15:35:49.545-06:00 DEBUG 2816 --- [http-nio-0.0.0.0-8080-exec-1] m.m.a.RequestResponseBodyMethodProcessor : Read "application/json;charset=UTF-8" to [com.asistencia_el_salvador.web_app_asistencia.model.CanjePromocion@6e73bdf2]
2026-06-19T15:35:49.871-06:00 DEBUG 2816 --- [http-nio-0.0.0.0-8080-exec-1] o.s.w.s.m.m.a.HttpEntityMethodProcessor  : Using 'application/json', given [*/*] and supported [application/json, application/*+json, application/xml;charset=UTF-8, text/xml;charset=UTF-8, application/*+xml;charset=UTF-8]
2026-06-19T15:35:49.871-06:00 DEBUG 2816 --- [http-nio-0.0.0.0-8080-exec-1] o.s.w.s.m.m.a.HttpEntityMethodProcessor  : Writing [com.asistencia_el_salvador.web_app_asistencia.dto.ApiResponse@601ee140]
2026-06-19T15:36:01.140-06:00 DEBUG 2816 --- [http-nio-0.0.0.0-8080-exec-4] s.w.s.m.m.a.RequestMappingHandlerMapping : Mapped to org.springframework.boot.autoconfigure.web.servlet.error.BasicErrorController#error(HttpServletRequest)
2026-06-19T15:36:01.142-06:00 DEBUG 2816 --- [http-nio-0.0.0.0-8080-exec-4] o.s.w.s.m.m.a.HttpEntityMethodProcessor  : Using 'application/json', given [*/*] and supported [application/json, application/*+json, application/xml;charset=UTF-8, text/xml;charset=UTF-8, application/*+xml;charset=UTF-8]
2026-06-19T15:36:01.142-06:00 DEBUG 2816 --- [http-nio-0.0.0.0-8080-exec-4] o.s.w.s.m.m.a.HttpEntityMethodProcessor  : Writing [{timestamp=Fri Jun 19 15:36:01 CST 2026, status=404, error=Not Found, trace=org.springframework.web. (truncated)...]
2026-06-19T15:36:12.189-06:00 DEBUG 2816 --- [http-nio-0.0.0.0-8080-exec-6] s.w.s.m.m.a.RequestMappingHandlerMapping : Mapped to com.asistencia_el_salvador.web_app_asistencia.api.AsistenciaApiController#registrarPagoAfiliado(CanjePromocion, String, String)
2026-06-19T15:36:12.191-06:00 DEBUG 2816 --- [http-nio-0.0.0.0-8080-exec-6] m.m.a.RequestResponseBodyMethodProcessor : Read "application/json;charset=UTF-8" to [com.asistencia_el_salvador.web_app_asistencia.model.CanjePromocion@58a20593]
2026-06-19T15:36:12.535-06:00 DEBUG 2816 --- [http-nio-0.0.0.0-8080-exec-6] o.s.w.s.m.m.a.HttpEntityMethodProcessor  : Using 'application/json', given [*/*] and supported [application/json, application/*+json, application/xml;charset=UTF-8, text/xml;charset=UTF-8, application/*+xml;charset=UTF-8]
2026-06-19T15:36:12.536-06:00 DEBUG 2816 --- [http-nio-0.0.0.0-8080-exec-6] o.s.w.s.m.m.a.HttpEntityMethodProcessor  : Writing [com.asistencia_el_salvador.web_app_asistencia.dto.ApiResponse@52c9508f]
2026-06-19T15:41:39.504-06:00  INFO 2816 --- [File Watcher] rtingClassPathChangeChangedEventListener : Restarting due to 474 class path changes (0 additions, 322 deletions, 152 modifications)
2026-06-19T15:41:39.513-06:00  INFO 2816 --- [Thread-5] o.s.b.w.e.tomcat.GracefulShutdown        : Commencing graceful shutdown. Waiting for active requests to complete
2026-06-19T15:41:39.516-06:00  INFO 2816 --- [tomcat-shutdown] o.s.b.w.e.tomcat.GracefulShutdown        : Graceful shutdown complete
2026-06-19T15:41:39.518-06:00  INFO 2816 --- [Thread-5] o.s.m.s.b.SimpleBrokerMessageHandler     : Stopping...
2026-06-19T15:41:39.519-06:00  INFO 2816 --- [Thread-5] o.s.m.s.b.SimpleBrokerMessageHandler     : BrokerAvailabilityEvent[available=false, SimpleBrokerMessageHandler [org.springframework.messaging.simp.broker.DefaultSubscriptionRegistry@6b710d7c]]
2026-06-19T15:41:39.519-06:00  INFO 2816 --- [Thread-5] o.s.m.s.b.SimpleBrokerMessageHandler     : Stopped.
2026-06-19T15:41:39.528-06:00  INFO 2816 --- [Thread-5] j.LocalContainerEntityManagerFactoryBean : Closing JPA EntityManagerFactory for persistence unit 'default'
2026-06-19T15:41:39.533-06:00  INFO 2816 --- [Thread-5] com.zaxxer.hikari.HikariDataSource       : HikariPool-1 - Shutdown initiated...
2026-06-19T15:41:39.687-06:00  INFO 2816 --- [Thread-5] com.zaxxer.hikari.HikariDataSource       : HikariPool-1 - Shutdown completed.
2026-06-19T15:41:39.830-06:00  INFO 2816 --- [restartedMain] c.a.w.WebAppAsistenciaApplication        : Starting WebAppAsistenciaApplication using Java 21.0.5 with PID 2816 (/Users/rcastro/Documents/ProyectosSpring/WebAppAsistencia/target/classes started by rcastro in /Users/rcastro/Documents/ProyectosSpring/WebAppAsistencia)
2026-06-19T15:41:39.830-06:00  INFO 2816 --- [restartedMain] c.a.w.WebAppAsistenciaApplication        : No active profile set, falling back to 1 default profile: "default"
2026-06-19T15:41:39.907-06:00  INFO 2816 --- [restartedMain] .s.d.r.c.RepositoryConfigurationDelegate : Bootstrapping Spring Data JPA repositories in DEFAULT mode.
2026-06-19T15:41:39.908-06:00  INFO 2816 --- [restartedMain] .s.d.r.c.RepositoryConfigurationDelegate : Finished Spring Data repository scanning in 0 ms. Found 0 JPA repository interfaces.
2026-06-19T15:41:39.965-06:00  INFO 2816 --- [restartedMain] o.s.b.w.embedded.tomcat.TomcatWebServer  : Tomcat initialized with port 8080 (http)
2026-06-19T15:41:39.965-06:00  INFO 2816 --- [restartedMain] o.apache.catalina.core.StandardService   : Starting service [Tomcat]
2026-06-19T15:41:39.965-06:00  INFO 2816 --- [restartedMain] o.apache.catalina.core.StandardEngine    : Starting Servlet engine: [Apache Tomcat/10.1.43]
2026-06-19T15:41:39.981-06:00  INFO 2816 --- [restartedMain] o.a.c.c.C.[Tomcat].[localhost].[/]       : Initializing Spring embedded WebApplicationContext
2026-06-19T15:41:39.981-06:00  INFO 2816 --- [restartedMain] w.s.c.ServletWebServerApplicationContext : Root WebApplicationContext: initialization completed in 150 ms
2026-06-19T15:41:40.009-06:00  INFO 2816 --- [restartedMain] o.hibernate.jpa.internal.util.LogHelper  : HHH000204: Processing PersistenceUnitInfo [name: default]
2026-06-19T15:41:40.010-06:00  INFO 2816 --- [restartedMain] o.h.c.internal.RegionFactoryInitiator    : HHH000026: Second-level cache disabled
2026-06-19T15:41:40.015-06:00  INFO 2816 --- [restartedMain] o.s.o.j.p.SpringPersistenceUnitInfo      : No LoadTimeWeaver setup: ignoring JPA class transformer
2026-06-19T15:41:40.016-06:00  INFO 2816 --- [restartedMain] com.zaxxer.hikari.HikariDataSource       : HikariPool-2 - Starting...
2026-06-19T15:41:41.021-06:00  INFO 2816 --- [restartedMain] com.zaxxer.hikari.pool.HikariPool        : HikariPool-2 - Added connection com.mysql.cj.jdbc.ConnectionImpl@28f2a796
2026-06-19T15:41:41.025-06:00  INFO 2816 --- [restartedMain] com.zaxxer.hikari.HikariDataSource       : HikariPool-2 - Start completed.
2026-06-19T15:41:41.027-06:00  WARN 2816 --- [restartedMain] org.hibernate.orm.deprecation            : HHH90000025: MySQL8Dialect does not need to be specified explicitly using 'hibernate.dialect' (remove the property setting and it will be selected by default)
2026-06-19T15:41:41.027-06:00  WARN 2816 --- [restartedMain] org.hibernate.orm.deprecation            : HHH90000026: MySQL8Dialect has been deprecated; use org.hibernate.dialect.MySQLDialect instead
2026-06-19T15:41:41.028-06:00  INFO 2816 --- [restartedMain] org.hibernate.orm.connections.pooling    : HHH10001005: Database info:
	Database JDBC URL [Connecting through datasource 'HikariDataSource (HikariPool-2)']
	Database driver: undefined/unknown
	Database version: 8.0
	Autocommit mode: undefined/unknown
	Isolation level: undefined/unknown
	Minimum pool size: undefined/unknown
	Maximum pool size: undefined/unknown
2026-06-19T15:41:41.051-06:00  INFO 2816 --- [restartedMain] o.h.e.t.j.p.i.JtaPlatformInitiator       : HHH000489: No JTA platform available (set 'hibernate.transaction.jta.platform' to enable JTA platform integration)
2026-06-19T15:41:41.051-06:00  INFO 2816 --- [restartedMain] j.LocalContainerEntityManagerFactoryBean : Initialized JPA EntityManagerFactory for persistence unit 'default'
2026-06-19T15:41:41.062-06:00  WARN 2816 --- [restartedMain] JpaBaseConfiguration$JpaWebConfiguration : spring.jpa.open-in-view is enabled by default. Therefore, database queries may be performed during view rendering. Explicitly configure spring.jpa.open-in-view to disable this warning
2026-06-19T15:41:41.070-06:00 DEBUG 2816 --- [restartedMain] s.w.s.m.m.a.RequestMappingHandlerMapping : 2 mappings in 'requestMappingHandlerMapping'
2026-06-19T15:41:41.084-06:00 DEBUG 2816 --- [restartedMain] s.w.s.m.m.a.RequestMappingHandlerAdapter : ControllerAdvice beans: 0 @ModelAttribute, 0 @InitBinder, 1 RequestBodyAdvice, 1 ResponseBodyAdvice
2026-06-19T15:41:41.089-06:00 DEBUG 2816 --- [restartedMain] .m.m.a.ExceptionHandlerExceptionResolver : ControllerAdvice beans: 0 @ExceptionHandler, 1 ResponseBodyAdvice
2026-06-19T15:41:41.111-06:00  WARN 2816 --- [restartedMain] .s.s.UserDetailsServiceAutoConfiguration : 

Using generated security password: edf39923-7668-43d4-9d55-4f8988761ecf

This generated password is for development use only. Your security configuration must be updated before running your application in production.

2026-06-19T15:41:41.112-06:00  INFO 2816 --- [restartedMain] r$InitializeUserDetailsManagerConfigurer : Global AuthenticationManager configured with UserDetailsService bean with name inMemoryUserDetailsManager
2026-06-19T15:41:41.127-06:00  INFO 2816 --- [restartedMain] .w.s.a.s.AnnotationActionEndpointMapping : Supporting [WS-Addressing August 2004, WS-Addressing 1.0]
2026-06-19T15:41:41.131-06:00  INFO 2816 --- [restartedMain] o.s.b.d.a.OptionalLiveReloadServer       : LiveReload server is running on port 35729
2026-06-19T15:41:41.141-06:00  INFO 2816 --- [restartedMain] o.s.b.w.embedded.tomcat.TomcatWebServer  : Tomcat started on port 8080 (http) with context path '/'
2026-06-19T15:41:41.143-06:00  INFO 2816 --- [restartedMain] c.a.w.WebAppAsistenciaApplication        : Started WebAppAsistenciaApplication in 1.328 seconds (process running for 758.523)
2026-06-19T15:41:41.145-06:00  INFO 2816 --- [restartedMain] .ConditionEvaluationDeltaLoggingListener : Condition evaluation delta:


==========================
CONDITION EVALUATION DELTA
==========================


Positive matches:
-----------------

   SpringBootWebSecurityConfiguration.SecurityFilterChainConfiguration matched:
      - AllNestedConditions 2 matched 0 did not; NestedCondition on DefaultWebSecurityCondition.Beans @ConditionalOnMissingBean (types: org.springframework.security.web.SecurityFilterChain; SearchStrategy: all) did not find any beans; NestedCondition on DefaultWebSecurityCondition.Classes @ConditionalOnClass found required classes 'org.springframework.security.web.SecurityFilterChain', 'org.springframework.security.config.annotation.web.builders.HttpSecurity' (DefaultWebSecurityCondition)

   SpringBootWebSecurityConfiguration.WebSecurityEnablerConfiguration matched:
      - @ConditionalOnClass found required class 'org.springframework.security.config.annotation.web.configuration.EnableWebSecurity' (OnClassCondition)
      - @ConditionalOnMissingBean (names: springSecurityFilterChain; SearchStrategy: all) did not find any beans (OnBeanCondition)

   TaskExecutorConfigurations.AsyncConfigurerConfiguration matched:
      - @ConditionalOnMissingBean (types: org.springframework.scheduling.annotation.AsyncConfigurer; SearchStrategy: all) did not find any beans (OnBeanCondition)

   TaskExecutorConfigurations.AsyncConfigurerConfiguration#applicationTaskExecutorAsyncConfigurer matched:
      - @ConditionalOnMissingBean (types: org.springframework.scheduling.annotation.AsyncConfigurer; SearchStrategy: all) did not find any beans (OnBeanCondition)

   TaskExecutorConfigurations.TaskExecutorConfiguration matched:
      - AnyNestedCondition 1 matched 1 did not; NestedCondition on TaskExecutorConfigurations.OnExecutorCondition.ModelCondition @ConditionalOnProperty (spring.task.execution.mode=force) did not find property 'spring.task.execution.mode'; NestedCondition on TaskExecutorConfigurations.OnExecutorCondition.ExecutorBeanCondition @ConditionalOnMissingBean (types: java.util.concurrent.Executor; SearchStrategy: all) did not find any beans (TaskExecutorConfigurations.OnExecutorCondition)

   TaskExecutorConfigurations.TaskExecutorConfiguration#applicationTaskExecutor matched:
      - @ConditionalOnThreading found PLATFORM (OnThreadingCondition)


Negative matches:
-----------------

   TaskExecutorConfigurations.TaskExecutorConfiguration#applicationTaskExecutorVirtualThreads:
      Did not match:
         - @ConditionalOnThreading did not find VIRTUAL (OnThreadingCondition)

   WebSocketMessagingAutoConfiguration.WebSocketMessageConverterConfiguration:
      Did not match:
         - @ConditionalOnBean (types: org.springframework.web.socket.config.annotation.DelegatingWebSocketMessageBrokerConfiguration,com.fasterxml.jackson.databind.ObjectMapper; SearchStrategy: all) did not find any beans of type org.springframework.web.socket.config.annotation.DelegatingWebSocketMessageBrokerConfiguration (OnBeanCondition)
      Matched:
         - @ConditionalOnClass found required classes 'com.fasterxml.jackson.databind.ObjectMapper', 'org.springframework.messaging.simp.config.AbstractMessageBrokerConfiguration' (OnClassCondition)


Exclusions:
-----------

    None


Unconditional classes:
----------------------

    None



2026-06-19T15:41:42.569-06:00  INFO 2816 --- [File Watcher] rtingClassPathChangeChangedEventListener : Restarting due to 322 class path changes (322 additions, 0 deletions, 0 modifications)
2026-06-19T15:41:42.582-06:00  INFO 2816 --- [Thread-7] o.s.b.w.e.tomcat.GracefulShutdown        : Commencing graceful shutdown. Waiting for active requests to complete
2026-06-19T15:41:42.585-06:00  INFO 2816 --- [tomcat-shutdown] o.s.b.w.e.tomcat.GracefulShutdown        : Graceful shutdown complete
2026-06-19T15:41:42.588-06:00  INFO 2816 --- [Thread-7] j.LocalContainerEntityManagerFactoryBean : Closing JPA EntityManagerFactory for persistence unit 'default'
2026-06-19T15:41:42.589-06:00  INFO 2816 --- [Thread-7] com.zaxxer.hikari.HikariDataSource       : HikariPool-2 - Shutdown initiated...
2026-06-19T15:41:42.824-06:00  INFO 2816 --- [Thread-7] com.zaxxer.hikari.HikariDataSource       : HikariPool-2 - Shutdown completed.
2026-06-19T15:41:42.892-06:00  INFO 2816 --- [restartedMain] c.a.w.WebAppAsistenciaApplication        : Starting WebAppAsistenciaApplication using Java 21.0.5 with PID 2816 (/Users/rcastro/Documents/ProyectosSpring/WebAppAsistencia/target/classes started by rcastro in /Users/rcastro/Documents/ProyectosSpring/WebAppAsistencia)
2026-06-19T15:41:42.892-06:00  INFO 2816 --- [restartedMain] c.a.w.WebAppAsistenciaApplication        : No active profile set, falling back to 1 default profile: "default"
2026-06-19T15:41:43.006-06:00  INFO 2816 --- [restartedMain] .s.d.r.c.RepositoryConfigurationDelegate : Bootstrapping Spring Data JPA repositories in DEFAULT mode.
2026-06-19T15:41:43.058-06:00  INFO 2816 --- [restartedMain] .s.d.r.c.RepositoryConfigurationDelegate : Finished Spring Data repository scanning in 52 ms. Found 73 JPA repository interfaces.
2026-06-19T15:41:43.138-06:00  INFO 2816 --- [restartedMain] o.s.b.w.embedded.tomcat.TomcatWebServer  : Tomcat initialized with port 8080 (http)
2026-06-19T15:41:43.139-06:00  INFO 2816 --- [restartedMain] o.apache.catalina.core.StandardService   : Starting service [Tomcat]
2026-06-19T15:41:43.139-06:00  INFO 2816 --- [restartedMain] o.apache.catalina.core.StandardEngine    : Starting Servlet engine: [Apache Tomcat/10.1.43]
2026-06-19T15:41:43.149-06:00  INFO 2816 --- [restartedMain] o.a.c.c.C.[Tomcat].[localhost].[/]       : Initializing Spring embedded WebApplicationContext
2026-06-19T15:41:43.150-06:00  INFO 2816 --- [restartedMain] w.s.c.ServletWebServerApplicationContext : Root WebApplicationContext: initialization completed in 257 ms
2026-06-19T15:41:43.171-06:00  INFO 2816 --- [restartedMain] o.hibernate.jpa.internal.util.LogHelper  : HHH000204: Processing PersistenceUnitInfo [name: default]
2026-06-19T15:41:43.172-06:00  INFO 2816 --- [restartedMain] o.h.c.internal.RegionFactoryInitiator    : HHH000026: Second-level cache disabled
2026-06-19T15:41:43.176-06:00  INFO 2816 --- [restartedMain] o.s.o.j.p.SpringPersistenceUnitInfo      : No LoadTimeWeaver setup: ignoring JPA class transformer
2026-06-19T15:41:43.176-06:00  INFO 2816 --- [restartedMain] com.zaxxer.hikari.HikariDataSource       : HikariPool-3 - Starting...
2026-06-19T15:41:44.083-06:00  INFO 2816 --- [restartedMain] com.zaxxer.hikari.pool.HikariPool        : HikariPool-3 - Added connection com.mysql.cj.jdbc.ConnectionImpl@1a8add60
2026-06-19T15:41:44.083-06:00  INFO 2816 --- [restartedMain] com.zaxxer.hikari.HikariDataSource       : HikariPool-3 - Start completed.
2026-06-19T15:41:44.084-06:00  WARN 2816 --- [restartedMain] org.hibernate.orm.deprecation            : HHH90000025: MySQL8Dialect does not need to be specified explicitly using 'hibernate.dialect' (remove the property setting and it will be selected by default)
2026-06-19T15:41:44.085-06:00  WARN 2816 --- [restartedMain] org.hibernate.orm.deprecation            : HHH90000026: MySQL8Dialect has been deprecated; use org.hibernate.dialect.MySQLDialect instead
2026-06-19T15:41:44.085-06:00  INFO 2816 --- [restartedMain] org.hibernate.orm.connections.pooling    : HHH10001005: Database info:
	Database JDBC URL [Connecting through datasource 'HikariDataSource (HikariPool-3)']
	Database driver: undefined/unknown
	Database version: 8.0
	Autocommit mode: undefined/unknown
	Isolation level: undefined/unknown
	Minimum pool size: undefined/unknown
	Maximum pool size: undefined/unknown
2026-06-19T15:41:44.249-06:00  WARN 2816 --- [restartedMain] org.hibernate.mapping.RootClass          : HHH000038: Composite-id class does not override equals(): com.asistencia_el_salvador.web_app_asistencia.model.UsuarioComercioPK
2026-06-19T15:41:44.249-06:00  WARN 2816 --- [restartedMain] org.hibernate.mapping.RootClass          : HHH000039: Composite-id class does not override hashCode(): com.asistencia_el_salvador.web_app_asistencia.model.UsuarioComercioPK
2026-06-19T15:41:44.518-06:00  INFO 2816 --- [restartedMain] o.h.e.t.j.p.i.JtaPlatformInitiator       : HHH000489: No JTA platform available (set 'hibernate.transaction.jta.platform' to enable JTA platform integration)
2026-06-19T15:41:44.519-06:00  INFO 2816 --- [restartedMain] j.LocalContainerEntityManagerFactoryBean : Initialized JPA EntityManagerFactory for persistence unit 'default'
2026-06-19T15:41:45.435-06:00  WARN 2816 --- [restartedMain] JpaBaseConfiguration$JpaWebConfiguration : spring.jpa.open-in-view is enabled by default. Therefore, database queries may be performed during view rendering. Explicitly configure spring.jpa.open-in-view to disable this warning
2026-06-19T15:41:45.468-06:00 DEBUG 2816 --- [restartedMain] s.w.s.m.m.a.RequestMappingHandlerMapping : 332 mappings in 'requestMappingHandlerMapping'
2026-06-19T15:41:45.477-06:00  WARN 2816 --- [restartedMain] .s.s.UserDetailsServiceAutoConfiguration : 

Using generated security password: 545240ed-2c69-4360-b5a5-cd623fed6841

This generated password is for development use only. Your security configuration must be updated before running your application in production.

2026-06-19T15:41:45.477-06:00  INFO 2816 --- [restartedMain] r$InitializeUserDetailsManagerConfigurer : Global AuthenticationManager configured with UserDetailsService bean with name inMemoryUserDetailsManager
2026-06-19T15:41:45.496-06:00 DEBUG 2816 --- [restartedMain] s.w.s.m.m.a.RequestMappingHandlerAdapter : ControllerAdvice beans: 0 @ModelAttribute, 0 @InitBinder, 1 RequestBodyAdvice, 1 ResponseBodyAdvice
2026-06-19T15:41:45.498-06:00 DEBUG 2816 --- [restartedMain] .m.m.a.ExceptionHandlerExceptionResolver : ControllerAdvice beans: 0 @ExceptionHandler, 1 ResponseBodyAdvice
2026-06-19T15:41:45.511-06:00  INFO 2816 --- [restartedMain] .w.s.a.s.AnnotationActionEndpointMapping : Supporting [WS-Addressing August 2004, WS-Addressing 1.0]
2026-06-19T15:41:45.514-06:00  INFO 2816 --- [restartedMain] o.s.b.d.a.OptionalLiveReloadServer       : LiveReload server is running on port 35729
2026-06-19T15:41:45.520-06:00  INFO 2816 --- [restartedMain] o.s.m.s.b.SimpleBrokerMessageHandler     : Starting...
2026-06-19T15:41:45.520-06:00  INFO 2816 --- [restartedMain] o.s.m.s.b.SimpleBrokerMessageHandler     : BrokerAvailabilityEvent[available=true, SimpleBrokerMessageHandler [org.springframework.messaging.simp.broker.DefaultSubscriptionRegistry@3bd86462]]
2026-06-19T15:41:45.520-06:00  INFO 2816 --- [restartedMain] o.s.m.s.b.SimpleBrokerMessageHandler     : Started.
2026-06-19T15:41:45.521-06:00  INFO 2816 --- [restartedMain] o.s.b.w.embedded.tomcat.TomcatWebServer  : Tomcat started on port 8080 (http) with context path '/'
2026-06-19T15:41:45.522-06:00  INFO 2816 --- [restartedMain] c.a.w.WebAppAsistenciaApplication        : Started WebAppAsistenciaApplication in 2.643 seconds (process running for 762.903)
2026-06-19T15:41:45.523-06:00  INFO 2816 --- [restartedMain] .ConditionEvaluationDeltaLoggingListener : Condition evaluation delta:


==========================
CONDITION EVALUATION DELTA
==========================


Positive matches:
-----------------

   WebSocketMessagingAutoConfiguration.WebSocketMessageConverterConfiguration matched:
      - @ConditionalOnClass found required classes 'com.fasterxml.jackson.databind.ObjectMapper', 'org.springframework.messaging.simp.config.AbstractMessageBrokerConfiguration' (OnClassCondition)
      - @ConditionalOnBean (types: org.springframework.web.socket.config.annotation.DelegatingWebSocketMessageBrokerConfiguration,com.fasterxml.jackson.databind.ObjectMapper; SearchStrategy: all) found beans 'jacksonObjectMapper', 'org.springframework.web.socket.config.annotation.DelegatingWebSocketMessageBrokerConfiguration' (OnBeanCondition)


Negative matches:
-----------------

   SpringBootWebSecurityConfiguration.SecurityFilterChainConfiguration:
      Did not match:
         - AllNestedConditions 1 matched 1 did not; NestedCondition on DefaultWebSecurityCondition.Beans @ConditionalOnMissingBean (types: org.springframework.security.web.SecurityFilterChain; SearchStrategy: all) found beans of type 'org.springframework.security.web.SecurityFilterChain' securityFilterChain; NestedCondition on DefaultWebSecurityCondition.Classes @ConditionalOnClass found required classes 'org.springframework.security.web.SecurityFilterChain', 'org.springframework.security.config.annotation.web.builders.HttpSecurity' (DefaultWebSecurityCondition)

   SpringBootWebSecurityConfiguration.WebSecurityEnablerConfiguration:
      Did not match:
         - @ConditionalOnMissingBean (names: springSecurityFilterChain; SearchStrategy: all) found beans named springSecurityFilterChain (OnBeanCondition)
      Matched:
         - @ConditionalOnClass found required class 'org.springframework.security.config.annotation.web.configuration.EnableWebSecurity' (OnClassCondition)

   TaskExecutorConfigurations.TaskExecutorConfiguration:
      Did not match:
         - AnyNestedCondition 0 matched 2 did not; NestedCondition on TaskExecutorConfigurations.OnExecutorCondition.ModelCondition @ConditionalOnProperty (spring.task.execution.mode=force) did not find property 'spring.task.execution.mode'; NestedCondition on TaskExecutorConfigurations.OnExecutorCondition.ExecutorBeanCondition @ConditionalOnMissingBean (types: java.util.concurrent.Executor; SearchStrategy: all) found beans of type 'java.util.concurrent.Executor' clientInboundChannelExecutor, clientOutboundChannelExecutor, brokerChannelExecutor (TaskExecutorConfigurations.OnExecutorCondition)


Exclusions:
-----------

    None


Unconditional classes:
----------------------

    None



2026-06-19T15:42:45.525-06:00  INFO 2816 --- [MessageBroker-1] o.s.w.s.c.WebSocketMessageBrokerStats    : WebSocketSession[0 current WS(0)-HttpStream(0)-HttpPoll(0), 0 total, 0 closed abnormally (0 connect failure, 0 send limit, 0 transport error)], stompSubProtocol[processed CONNECT(0)-CONNECTED(0)-DISCONNECT(0)], stompBrokerRelay[null], inboundChannel[pool size = 0, active threads = 0, queued tasks = 0, completed tasks = 0], outboundChannel[pool size = 0, active threads = 0, queued tasks = 0, completed tasks = 0], sockJsScheduler[pool size = 1, active threads = 1, queued tasks = 0, completed tasks = 0]
2026-06-19T16:12:45.531-06:00  INFO 2816 --- [MessageBroker-1] o.s.w.s.c.WebSocketMessageBrokerStats    : WebSocketSession[0 current WS(0)-HttpStream(0)-HttpPoll(0), 0 total, 0 closed abnormally (0 connect failure, 0 send limit, 0 transport error)], stompSubProtocol[processed CONNECT(0)-CONNECTED(0)-DISCONNECT(0)], stompBrokerRelay[null], inboundChannel[pool size = 0, active threads = 0, queued tasks = 0, completed tasks = 0], outboundChannel[pool size = 0, active threads = 0, queued tasks = 0, completed tasks = 0], sockJsScheduler[pool size = 2, active threads = 1, queued tasks = 0, completed tasks = 1]
2026-06-19T16:16:31.768-06:00  INFO 2816 --- [File Watcher] rtingClassPathChangeChangedEventListener : Restarting due to 474 class path changes (0 additions, 322 deletions, 152 modifications)
2026-06-19T16:16:31.781-06:00  INFO 2816 --- [Thread-11] o.s.b.w.e.tomcat.GracefulShutdown        : Commencing graceful shutdown. Waiting for active requests to complete
2026-06-19T16:16:31.783-06:00  INFO 2816 --- [tomcat-shutdown] o.s.b.w.e.tomcat.GracefulShutdown        : Graceful shutdown complete
2026-06-19T16:16:31.784-06:00  INFO 2816 --- [Thread-11] o.s.m.s.b.SimpleBrokerMessageHandler     : Stopping...
2026-06-19T16:16:31.784-06:00  INFO 2816 --- [Thread-11] o.s.m.s.b.SimpleBrokerMessageHandler     : BrokerAvailabilityEvent[available=false, SimpleBrokerMessageHandler [org.springframework.messaging.simp.broker.DefaultSubscriptionRegistry@3bd86462]]
2026-06-19T16:16:31.784-06:00  INFO 2816 --- [Thread-11] o.s.m.s.b.SimpleBrokerMessageHandler     : Stopped.
2026-06-19T16:16:31.788-06:00  INFO 2816 --- [Thread-11] j.LocalContainerEntityManagerFactoryBean : Closing JPA EntityManagerFactory for persistence unit 'default'
2026-06-19T16:16:31.792-06:00  INFO 2816 --- [Thread-11] com.zaxxer.hikari.HikariDataSource       : HikariPool-3 - Shutdown initiated...
2026-06-19T16:16:31.873-06:00  INFO 2816 --- [Thread-11] com.zaxxer.hikari.HikariDataSource       : HikariPool-3 - Shutdown completed.
2026-06-19T16:16:31.982-06:00  INFO 2816 --- [restartedMain] c.a.w.WebAppAsistenciaApplication        : Starting WebAppAsistenciaApplication using Java 21.0.5 with PID 2816 (/Users/rcastro/Documents/ProyectosSpring/WebAppAsistencia/target/classes started by rcastro in /Users/rcastro/Documents/ProyectosSpring/WebAppAsistencia)
2026-06-19T16:16:31.982-06:00  INFO 2816 --- [restartedMain] c.a.w.WebAppAsistenciaApplication        : No active profile set, falling back to 1 default profile: "default"
2026-06-19T16:16:32.044-06:00  INFO 2816 --- [restartedMain] .s.d.r.c.RepositoryConfigurationDelegate : Bootstrapping Spring Data JPA repositories in DEFAULT mode.
2026-06-19T16:16:32.045-06:00  INFO 2816 --- [restartedMain] .s.d.r.c.RepositoryConfigurationDelegate : Finished Spring Data repository scanning in 0 ms. Found 0 JPA repository interfaces.
2026-06-19T16:16:32.089-06:00  INFO 2816 --- [restartedMain] o.s.b.w.embedded.tomcat.TomcatWebServer  : Tomcat initialized with port 8080 (http)
2026-06-19T16:16:32.089-06:00  INFO 2816 --- [restartedMain] o.apache.catalina.core.StandardService   : Starting service [Tomcat]
2026-06-19T16:16:32.089-06:00  INFO 2816 --- [restartedMain] o.apache.catalina.core.StandardEngine    : Starting Servlet engine: [Apache Tomcat/10.1.43]
2026-06-19T16:16:32.101-06:00  INFO 2816 --- [restartedMain] o.a.c.c.C.[Tomcat].[localhost].[/]       : Initializing Spring embedded WebApplicationContext
2026-06-19T16:16:32.101-06:00  INFO 2816 --- [restartedMain] w.s.c.ServletWebServerApplicationContext : Root WebApplicationContext: initialization completed in 118 ms
2026-06-19T16:16:32.112-06:00  INFO 2816 --- [restartedMain] o.hibernate.jpa.internal.util.LogHelper  : HHH000204: Processing PersistenceUnitInfo [name: default]
2026-06-19T16:16:32.114-06:00  INFO 2816 --- [restartedMain] o.h.c.internal.RegionFactoryInitiator    : HHH000026: Second-level cache disabled
2026-06-19T16:16:32.117-06:00  INFO 2816 --- [restartedMain] o.s.o.j.p.SpringPersistenceUnitInfo      : No LoadTimeWeaver setup: ignoring JPA class transformer
2026-06-19T16:16:32.117-06:00  INFO 2816 --- [restartedMain] com.zaxxer.hikari.HikariDataSource       : HikariPool-4 - Starting...
2026-06-19T16:16:33.174-06:00  INFO 2816 --- [restartedMain] com.zaxxer.hikari.pool.HikariPool        : HikariPool-4 - Added connection com.mysql.cj.jdbc.ConnectionImpl@6463e993
2026-06-19T16:16:33.175-06:00  INFO 2816 --- [restartedMain] com.zaxxer.hikari.HikariDataSource       : HikariPool-4 - Start completed.
2026-06-19T16:16:33.175-06:00  WARN 2816 --- [restartedMain] org.hibernate.orm.deprecation            : HHH90000025: MySQL8Dialect does not need to be specified explicitly using 'hibernate.dialect' (remove the property setting and it will be selected by default)
2026-06-19T16:16:33.175-06:00  WARN 2816 --- [restartedMain] org.hibernate.orm.deprecation            : HHH90000026: MySQL8Dialect has been deprecated; use org.hibernate.dialect.MySQLDialect instead
2026-06-19T16:16:33.175-06:00  INFO 2816 --- [restartedMain] org.hibernate.orm.connections.pooling    : HHH10001005: Database info:
	Database JDBC URL [Connecting through datasource 'HikariDataSource (HikariPool-4)']
	Database driver: undefined/unknown
	Database version: 8.0
	Autocommit mode: undefined/unknown
	Isolation level: undefined/unknown
	Minimum pool size: undefined/unknown
	Maximum pool size: undefined/unknown
2026-06-19T16:16:33.193-06:00  INFO 2816 --- [restartedMain] o.h.e.t.j.p.i.JtaPlatformInitiator       : HHH000489: No JTA platform available (set 'hibernate.transaction.jta.platform' to enable JTA platform integration)
2026-06-19T16:16:33.193-06:00  INFO 2816 --- [restartedMain] j.LocalContainerEntityManagerFactoryBean : Initialized JPA EntityManagerFactory for persistence unit 'default'
2026-06-19T16:16:33.200-06:00  WARN 2816 --- [restartedMain] JpaBaseConfiguration$JpaWebConfiguration : spring.jpa.open-in-view is enabled by default. Therefore, database queries may be performed during view rendering. Explicitly configure spring.jpa.open-in-view to disable this warning
2026-06-19T16:16:33.206-06:00 DEBUG 2816 --- [restartedMain] s.w.s.m.m.a.RequestMappingHandlerMapping : 2 mappings in 'requestMappingHandlerMapping'
2026-06-19T16:16:33.221-06:00 DEBUG 2816 --- [restartedMain] s.w.s.m.m.a.RequestMappingHandlerAdapter : ControllerAdvice beans: 0 @ModelAttribute, 0 @InitBinder, 1 RequestBodyAdvice, 1 ResponseBodyAdvice
2026-06-19T16:16:33.224-06:00 DEBUG 2816 --- [restartedMain] .m.m.a.ExceptionHandlerExceptionResolver : ControllerAdvice beans: 0 @ExceptionHandler, 1 ResponseBodyAdvice
2026-06-19T16:16:33.247-06:00  WARN 2816 --- [restartedMain] .s.s.UserDetailsServiceAutoConfiguration : 

Using generated security password: 4e1efec2-90fc-4181-a758-7c0e13ff0cfc

This generated password is for development use only. Your security configuration must be updated before running your application in production.

2026-06-19T16:16:33.247-06:00  INFO 2816 --- [restartedMain] r$InitializeUserDetailsManagerConfigurer : Global AuthenticationManager configured with UserDetailsService bean with name inMemoryUserDetailsManager
2026-06-19T16:16:33.256-06:00  INFO 2816 --- [restartedMain] .w.s.a.s.AnnotationActionEndpointMapping : Supporting [WS-Addressing August 2004, WS-Addressing 1.0]
2026-06-19T16:16:33.260-06:00  INFO 2816 --- [restartedMain] o.s.b.d.a.OptionalLiveReloadServer       : LiveReload server is running on port 35729
2026-06-19T16:16:33.264-06:00  INFO 2816 --- [restartedMain] o.s.b.w.embedded.tomcat.TomcatWebServer  : Tomcat started on port 8080 (http) with context path '/'
2026-06-19T16:16:33.267-06:00  INFO 2816 --- [restartedMain] c.a.w.WebAppAsistenciaApplication        : Started WebAppAsistenciaApplication in 1.299 seconds (process running for 2850.651)
2026-06-19T16:16:33.268-06:00  INFO 2816 --- [restartedMain] .ConditionEvaluationDeltaLoggingListener : Condition evaluation delta:


==========================
CONDITION EVALUATION DELTA
==========================


Positive matches:
-----------------

   SpringBootWebSecurityConfiguration.SecurityFilterChainConfiguration matched:
      - AllNestedConditions 2 matched 0 did not; NestedCondition on DefaultWebSecurityCondition.Beans @ConditionalOnMissingBean (types: org.springframework.security.web.SecurityFilterChain; SearchStrategy: all) did not find any beans; NestedCondition on DefaultWebSecurityCondition.Classes @ConditionalOnClass found required classes 'org.springframework.security.web.SecurityFilterChain', 'org.springframework.security.config.annotation.web.builders.HttpSecurity' (DefaultWebSecurityCondition)

   SpringBootWebSecurityConfiguration.WebSecurityEnablerConfiguration matched:
      - @ConditionalOnClass found required class 'org.springframework.security.config.annotation.web.configuration.EnableWebSecurity' (OnClassCondition)
      - @ConditionalOnMissingBean (names: springSecurityFilterChain; SearchStrategy: all) did not find any beans (OnBeanCondition)

   TaskExecutorConfigurations.AsyncConfigurerConfiguration matched:
      - @ConditionalOnMissingBean (types: org.springframework.scheduling.annotation.AsyncConfigurer; SearchStrategy: all) did not find any beans (OnBeanCondition)

   TaskExecutorConfigurations.AsyncConfigurerConfiguration#applicationTaskExecutorAsyncConfigurer matched:
      - @ConditionalOnMissingBean (types: org.springframework.scheduling.annotation.AsyncConfigurer; SearchStrategy: all) did not find any beans (OnBeanCondition)

   TaskExecutorConfigurations.TaskExecutorConfiguration matched:
      - AnyNestedCondition 1 matched 1 did not; NestedCondition on TaskExecutorConfigurations.OnExecutorCondition.ModelCondition @ConditionalOnProperty (spring.task.execution.mode=force) did not find property 'spring.task.execution.mode'; NestedCondition on TaskExecutorConfigurations.OnExecutorCondition.ExecutorBeanCondition @ConditionalOnMissingBean (types: java.util.concurrent.Executor; SearchStrategy: all) did not find any beans (TaskExecutorConfigurations.OnExecutorCondition)

   TaskExecutorConfigurations.TaskExecutorConfiguration#applicationTaskExecutor matched:
      - @ConditionalOnThreading found PLATFORM (OnThreadingCondition)


Negative matches:
-----------------

   TaskExecutorConfigurations.TaskExecutorConfiguration#applicationTaskExecutorVirtualThreads:
      Did not match:
         - @ConditionalOnThreading did not find VIRTUAL (OnThreadingCondition)

   WebSocketMessagingAutoConfiguration.WebSocketMessageConverterConfiguration:
      Did not match:
         - @ConditionalOnBean (types: org.springframework.web.socket.config.annotation.DelegatingWebSocketMessageBrokerConfiguration,com.fasterxml.jackson.databind.ObjectMapper; SearchStrategy: all) did not find any beans of type org.springframework.web.socket.config.annotation.DelegatingWebSocketMessageBrokerConfiguration (OnBeanCondition)
      Matched:
         - @ConditionalOnClass found required classes 'com.fasterxml.jackson.databind.ObjectMapper', 'org.springframework.messaging.simp.config.AbstractMessageBrokerConfiguration' (OnClassCondition)


Exclusions:
-----------

    None


Unconditional classes:
----------------------

    None



2026-06-19T16:16:34.705-06:00  INFO 2816 --- [File Watcher] rtingClassPathChangeChangedEventListener : Restarting due to 322 class path changes (322 additions, 0 deletions, 0 modifications)
2026-06-19T16:16:34.709-06:00  INFO 2816 --- [Thread-15] o.s.b.w.e.tomcat.GracefulShutdown        : Commencing graceful shutdown. Waiting for active requests to complete
2026-06-19T16:16:34.714-06:00  INFO 2816 --- [tomcat-shutdown] o.s.b.w.e.tomcat.GracefulShutdown        : Graceful shutdown complete
2026-06-19T16:16:34.718-06:00  INFO 2816 --- [Thread-15] j.LocalContainerEntityManagerFactoryBean : Closing JPA EntityManagerFactory for persistence unit 'default'
2026-06-19T16:16:34.719-06:00  INFO 2816 --- [Thread-15] com.zaxxer.hikari.HikariDataSource       : HikariPool-4 - Shutdown initiated...
2026-06-19T16:16:34.939-06:00  INFO 2816 --- [Thread-15] com.zaxxer.hikari.HikariDataSource       : HikariPool-4 - Shutdown completed.
2026-06-19T16:16:35.003-06:00  INFO 2816 --- [restartedMain] c.a.w.WebAppAsistenciaApplication        : Starting WebAppAsistenciaApplication using Java 21.0.5 with PID 2816 (/Users/rcastro/Documents/ProyectosSpring/WebAppAsistencia/target/classes started by rcastro in /Users/rcastro/Documents/ProyectosSpring/WebAppAsistencia)
2026-06-19T16:16:35.003-06:00  INFO 2816 --- [restartedMain] c.a.w.WebAppAsistenciaApplication        : No active profile set, falling back to 1 default profile: "default"
2026-06-19T16:16:35.092-06:00  INFO 2816 --- [restartedMain] .s.d.r.c.RepositoryConfigurationDelegate : Bootstrapping Spring Data JPA repositories in DEFAULT mode.
2026-06-19T16:16:35.129-06:00  INFO 2816 --- [restartedMain] .s.d.r.c.RepositoryConfigurationDelegate : Finished Spring Data repository scanning in 36 ms. Found 73 JPA repository interfaces.
2026-06-19T16:16:35.193-06:00  INFO 2816 --- [restartedMain] o.s.b.w.embedded.tomcat.TomcatWebServer  : Tomcat initialized with port 8080 (http)
2026-06-19T16:16:35.193-06:00  INFO 2816 --- [restartedMain] o.apache.catalina.core.StandardService   : Starting service [Tomcat]
2026-06-19T16:16:35.194-06:00  INFO 2816 --- [restartedMain] o.apache.catalina.core.StandardEngine    : Starting Servlet engine: [Apache Tomcat/10.1.43]
2026-06-19T16:16:35.205-06:00  INFO 2816 --- [restartedMain] o.a.c.c.C.[Tomcat].[localhost].[/]       : Initializing Spring embedded WebApplicationContext
2026-06-19T16:16:35.205-06:00  INFO 2816 --- [restartedMain] w.s.c.ServletWebServerApplicationContext : Root WebApplicationContext: initialization completed in 201 ms
2026-06-19T16:16:35.226-06:00  INFO 2816 --- [restartedMain] o.hibernate.jpa.internal.util.LogHelper  : HHH000204: Processing PersistenceUnitInfo [name: default]
2026-06-19T16:16:35.227-06:00  INFO 2816 --- [restartedMain] o.h.c.internal.RegionFactoryInitiator    : HHH000026: Second-level cache disabled
2026-06-19T16:16:35.232-06:00  INFO 2816 --- [restartedMain] o.s.o.j.p.SpringPersistenceUnitInfo      : No LoadTimeWeaver setup: ignoring JPA class transformer
2026-06-19T16:16:35.232-06:00  INFO 2816 --- [restartedMain] com.zaxxer.hikari.HikariDataSource       : HikariPool-5 - Starting...
2026-06-19T16:16:36.170-06:00  INFO 2816 --- [restartedMain] com.zaxxer.hikari.pool.HikariPool        : HikariPool-5 - Added connection com.mysql.cj.jdbc.ConnectionImpl@6a9b7e36
2026-06-19T16:16:36.172-06:00  INFO 2816 --- [restartedMain] com.zaxxer.hikari.HikariDataSource       : HikariPool-5 - Start completed.
2026-06-19T16:16:36.174-06:00  WARN 2816 --- [restartedMain] org.hibernate.orm.deprecation            : HHH90000025: MySQL8Dialect does not need to be specified explicitly using 'hibernate.dialect' (remove the property setting and it will be selected by default)
2026-06-19T16:16:36.174-06:00  WARN 2816 --- [restartedMain] org.hibernate.orm.deprecation            : HHH90000026: MySQL8Dialect has been deprecated; use org.hibernate.dialect.MySQLDialect instead
2026-06-19T16:16:36.175-06:00  INFO 2816 --- [restartedMain] org.hibernate.orm.connections.pooling    : HHH10001005: Database info:
	Database JDBC URL [Connecting through datasource 'HikariDataSource (HikariPool-5)']
	Database driver: undefined/unknown
	Database version: 8.0
	Autocommit mode: undefined/unknown
	Isolation level: undefined/unknown
	Minimum pool size: undefined/unknown
	Maximum pool size: undefined/unknown
2026-06-19T16:16:36.287-06:00  WARN 2816 --- [restartedMain] org.hibernate.mapping.RootClass          : HHH000038: Composite-id class does not override equals(): com.asistencia_el_salvador.web_app_asistencia.model.UsuarioComercioPK
2026-06-19T16:16:36.287-06:00  WARN 2816 --- [restartedMain] org.hibernate.mapping.RootClass          : HHH000039: Composite-id class does not override hashCode(): com.asistencia_el_salvador.web_app_asistencia.model.UsuarioComercioPK
2026-06-19T16:16:36.483-06:00  INFO 2816 --- [restartedMain] o.h.e.t.j.p.i.JtaPlatformInitiator       : HHH000489: No JTA platform available (set 'hibernate.transaction.jta.platform' to enable JTA platform integration)
2026-06-19T16:16:36.483-06:00  INFO 2816 --- [restartedMain] j.LocalContainerEntityManagerFactoryBean : Initialized JPA EntityManagerFactory for persistence unit 'default'
2026-06-19T16:16:37.413-06:00  WARN 2816 --- [restartedMain] JpaBaseConfiguration$JpaWebConfiguration : spring.jpa.open-in-view is enabled by default. Therefore, database queries may be performed during view rendering. Explicitly configure spring.jpa.open-in-view to disable this warning
2026-06-19T16:16:37.440-06:00 DEBUG 2816 --- [restartedMain] s.w.s.m.m.a.RequestMappingHandlerMapping : 332 mappings in 'requestMappingHandlerMapping'
2026-06-19T16:16:37.447-06:00  WARN 2816 --- [restartedMain] .s.s.UserDetailsServiceAutoConfiguration : 

Using generated security password: 78ddad63-d650-4e81-b506-2b8f75be6927

This generated password is for development use only. Your security configuration must be updated before running your application in production.

2026-06-19T16:16:37.448-06:00  INFO 2816 --- [restartedMain] r$InitializeUserDetailsManagerConfigurer : Global AuthenticationManager configured with UserDetailsService bean with name inMemoryUserDetailsManager
2026-06-19T16:16:37.463-06:00 DEBUG 2816 --- [restartedMain] s.w.s.m.m.a.RequestMappingHandlerAdapter : ControllerAdvice beans: 0 @ModelAttribute, 0 @InitBinder, 1 RequestBodyAdvice, 1 ResponseBodyAdvice
2026-06-19T16:16:37.466-06:00 DEBUG 2816 --- [restartedMain] .m.m.a.ExceptionHandlerExceptionResolver : ControllerAdvice beans: 0 @ExceptionHandler, 1 ResponseBodyAdvice
2026-06-19T16:16:37.478-06:00  INFO 2816 --- [restartedMain] .w.s.a.s.AnnotationActionEndpointMapping : Supporting [WS-Addressing August 2004, WS-Addressing 1.0]
2026-06-19T16:16:37.481-06:00  INFO 2816 --- [restartedMain] o.s.b.d.a.OptionalLiveReloadServer       : LiveReload server is running on port 35729
2026-06-19T16:16:37.486-06:00  INFO 2816 --- [restartedMain] o.s.m.s.b.SimpleBrokerMessageHandler     : Starting...
2026-06-19T16:16:37.486-06:00  INFO 2816 --- [restartedMain] o.s.m.s.b.SimpleBrokerMessageHandler     : BrokerAvailabilityEvent[available=true, SimpleBrokerMessageHandler [org.springframework.messaging.simp.broker.DefaultSubscriptionRegistry@120dbc45]]
2026-06-19T16:16:37.486-06:00  INFO 2816 --- [restartedMain] o.s.m.s.b.SimpleBrokerMessageHandler     : Started.
2026-06-19T16:16:37.487-06:00  INFO 2816 --- [restartedMain] o.s.b.w.embedded.tomcat.TomcatWebServer  : Tomcat started on port 8080 (http) with context path '/'
2026-06-19T16:16:37.488-06:00  INFO 2816 --- [restartedMain] c.a.w.WebAppAsistenciaApplication        : Started WebAppAsistenciaApplication in 2.494 seconds (process running for 2854.872)
2026-06-19T16:16:37.489-06:00  INFO 2816 --- [restartedMain] .ConditionEvaluationDeltaLoggingListener : Condition evaluation delta:


==========================
CONDITION EVALUATION DELTA
==========================


Positive matches:
-----------------

   WebSocketMessagingAutoConfiguration.WebSocketMessageConverterConfiguration matched:
      - @ConditionalOnClass found required classes 'com.fasterxml.jackson.databind.ObjectMapper', 'org.springframework.messaging.simp.config.AbstractMessageBrokerConfiguration' (OnClassCondition)
      - @ConditionalOnBean (types: org.springframework.web.socket.config.annotation.DelegatingWebSocketMessageBrokerConfiguration,com.fasterxml.jackson.databind.ObjectMapper; SearchStrategy: all) found beans 'jacksonObjectMapper', 'org.springframework.web.socket.config.annotation.DelegatingWebSocketMessageBrokerConfiguration' (OnBeanCondition)


Negative matches:
-----------------

   SpringBootWebSecurityConfiguration.SecurityFilterChainConfiguration:
      Did not match:
         - AllNestedConditions 1 matched 1 did not; NestedCondition on DefaultWebSecurityCondition.Beans @ConditionalOnMissingBean (types: org.springframework.security.web.SecurityFilterChain; SearchStrategy: all) found beans of type 'org.springframework.security.web.SecurityFilterChain' securityFilterChain; NestedCondition on DefaultWebSecurityCondition.Classes @ConditionalOnClass found required classes 'org.springframework.security.web.SecurityFilterChain', 'org.springframework.security.config.annotation.web.builders.HttpSecurity' (DefaultWebSecurityCondition)

   SpringBootWebSecurityConfiguration.WebSecurityEnablerConfiguration:
      Did not match:
         - @ConditionalOnMissingBean (names: springSecurityFilterChain; SearchStrategy: all) found beans named springSecurityFilterChain (OnBeanCondition)
      Matched:
         - @ConditionalOnClass found required class 'org.springframework.security.config.annotation.web.configuration.EnableWebSecurity' (OnClassCondition)

   TaskExecutorConfigurations.TaskExecutorConfiguration:
      Did not match:
         - AnyNestedCondition 0 matched 2 did not; NestedCondition on TaskExecutorConfigurations.OnExecutorCondition.ModelCondition @ConditionalOnProperty (spring.task.execution.mode=force) did not find property 'spring.task.execution.mode'; NestedCondition on TaskExecutorConfigurations.OnExecutorCondition.ExecutorBeanCondition @ConditionalOnMissingBean (types: java.util.concurrent.Executor; SearchStrategy: all) found beans of type 'java.util.concurrent.Executor' clientInboundChannelExecutor, clientOutboundChannelExecutor, brokerChannelExecutor (TaskExecutorConfigurations.OnExecutorCondition)


Exclusions:
-----------

    None


Unconditional classes:
----------------------

    None



2026-06-19T16:17:37.491-06:00  INFO 2816 --- [MessageBroker-1] o.s.w.s.c.WebSocketMessageBrokerStats    : WebSocketSession[0 current WS(0)-HttpStream(0)-HttpPoll(0), 0 total, 0 closed abnormally (0 connect failure, 0 send limit, 0 transport error)], stompSubProtocol[processed CONNECT(0)-CONNECTED(0)-DISCONNECT(0)], stompBrokerRelay[null], inboundChannel[pool size = 0, active threads = 0, queued tasks = 0, completed tasks = 0], outboundChannel[pool size = 0, active threads = 0, queued tasks = 0, completed tasks = 0], sockJsScheduler[pool size = 1, active threads = 1, queued tasks = 0, completed tasks = 0]
2026-06-19T16:47:37.496-06:00  INFO 2816 --- [MessageBroker-1] o.s.w.s.c.WebSocketMessageBrokerStats    : WebSocketSession[0 current WS(0)-HttpStream(0)-HttpPoll(0), 0 total, 0 closed abnormally (0 connect failure, 0 send limit, 0 transport error)], stompSubProtocol[processed CONNECT(0)-CONNECTED(0)-DISCONNECT(0)], stompBrokerRelay[null], inboundChannel[pool size = 0, active threads = 0, queued tasks = 0, completed tasks = 0], outboundChannel[pool size = 0, active threads = 0, queued tasks = 0, completed tasks = 0], sockJsScheduler[pool size = 2, active threads = 1, queued tasks = 0, completed tasks = 1]
2026-06-19T17:17:37.509-06:00  INFO 2816 --- [MessageBroker-2] o.s.w.s.c.WebSocketMessageBrokerStats    : WebSocketSession[0 current WS(0)-HttpStream(0)-HttpPoll(0), 0 total, 0 closed abnormally (0 connect failure, 0 send limit, 0 transport error)], stompSubProtocol[processed CONNECT(0)-CONNECTED(0)-DISCONNECT(0)], stompBrokerRelay[null], inboundChannel[pool size = 0, active threads = 0, queued tasks = 0, completed tasks = 0], outboundChannel[pool size = 0, active threads = 0, queued tasks = 0, completed tasks = 0], sockJsScheduler[pool size = 3, active threads = 1, queued tasks = 0, completed tasks = 2]
2026-06-19T17:47:37.524-06:00  INFO 2816 --- [MessageBroker-1] o.s.w.s.c.WebSocketMessageBrokerStats    : WebSocketSession[0 current WS(0)-HttpStream(0)-HttpPoll(0), 0 total, 0 closed abnormally (0 connect failure, 0 send limit, 0 transport error)], stompSubProtocol[processed CONNECT(0)-CONNECTED(0)-DISCONNECT(0)], stompBrokerRelay[null], inboundChannel[pool size = 0, active threads = 0, queued tasks = 0, completed tasks = 0], outboundChannel[pool size = 0, active threads = 0, queued tasks = 0, completed tasks = 0], sockJsScheduler[pool size = 4, active threads = 1, queued tasks = 0, completed tasks = 3]
2026-06-19T18:10:05.583-06:00  WARN 2816 --- [HikariPool-5:housekeeper] com.zaxxer.hikari.pool.HikariPool        : HikariPool-5 - Thread starvation or clock leap detected (housekeeper delta=58s200ms).
2026-06-19T18:14:36.729-06:00  WARN 2816 --- [HikariPool-5:housekeeper] com.zaxxer.hikari.pool.PoolBase          : HikariPool-5 - Failed to validate connection com.mysql.cj.jdbc.ConnectionImpl@318479f9 (No operations allowed after connection closed.). Possibly consider using a shorter maxLifetime value.
2026-06-19T18:14:36.730-06:00  WARN 2816 --- [HikariPool-5:housekeeper] com.zaxxer.hikari.pool.HikariPool        : HikariPool-5 - Thread starvation or clock leap detected (housekeeper delta=4m31s148ms).
2026-06-19T18:14:46.864-06:00  WARN 2816 --- [HikariPool-5:housekeeper] com.zaxxer.hikari.pool.PoolBase          : HikariPool-5 - Failed to validate connection com.mysql.cj.jdbc.ConnectionImpl@1f1ecfb9 (No operations allowed after connection closed.). Possibly consider using a shorter maxLifetime value.
2026-06-19T18:14:56.882-06:00  WARN 2816 --- [HikariPool-5:housekeeper] com.zaxxer.hikari.pool.PoolBase          : HikariPool-5 - Failed to validate connection com.mysql.cj.jdbc.ConnectionImpl@53459198 (No operations allowed after connection closed.). Possibly consider using a shorter maxLifetime value.
2026-06-19T18:15:06.894-06:00  WARN 2816 --- [HikariPool-5:housekeeper] com.zaxxer.hikari.pool.PoolBase          : HikariPool-5 - Failed to validate connection com.mysql.cj.jdbc.ConnectionImpl@41b7d46 (No operations allowed after connection closed.). Possibly consider using a shorter maxLifetime value.
2026-06-19T18:15:18.922-06:00  WARN 2816 --- [HikariPool-5:housekeeper] com.zaxxer.hikari.pool.PoolBase          : HikariPool-5 - Failed to validate connection com.mysql.cj.jdbc.ConnectionImpl@3cdaf5ec (No operations allowed after connection closed.). Possibly consider using a shorter maxLifetime value.
2026-06-19T18:15:30.151-06:00  WARN 2816 --- [HikariPool-5:housekeeper] com.zaxxer.hikari.pool.PoolBase          : HikariPool-5 - Failed to validate connection com.mysql.cj.jdbc.ConnectionImpl@1592bf32 (No operations allowed after connection closed.). Possibly consider using a shorter maxLifetime value.
2026-06-19T18:15:40.161-06:00  WARN 2816 --- [HikariPool-5:housekeeper] com.zaxxer.hikari.pool.PoolBase          : HikariPool-5 - Failed to validate connection com.mysql.cj.jdbc.ConnectionImpl@43770f26 (No operations allowed after connection closed.). Possibly consider using a shorter maxLifetime value.
2026-06-19T18:16:00.449-06:00  WARN 2816 --- [HikariPool-5:housekeeper] com.zaxxer.hikari.pool.PoolBase          : HikariPool-5 - Failed to validate connection com.mysql.cj.jdbc.ConnectionImpl@65863ba2 (No operations allowed after connection closed.). Possibly consider using a shorter maxLifetime value.
2026-06-19T18:16:10.466-06:00  WARN 2816 --- [HikariPool-5:housekeeper] com.zaxxer.hikari.pool.PoolBase          : HikariPool-5 - Failed to validate connection com.mysql.cj.jdbc.ConnectionImpl@11b93ea1 (No operations allowed after connection closed.). Possibly consider using a shorter maxLifetime value.
2026-06-19T18:16:20.473-06:00  WARN 2816 --- [HikariPool-5:housekeeper] com.zaxxer.hikari.pool.PoolBase          : HikariPool-5 - Failed to validate connection com.mysql.cj.jdbc.ConnectionImpl@106f3aa0 (No operations allowed after connection closed.). Possibly consider using a shorter maxLifetime value.
2026-06-19T18:21:57.576-06:00  INFO 2816 --- [MessageBroker-3] o.s.w.s.c.WebSocketMessageBrokerStats    : WebSocketSession[0 current WS(0)-HttpStream(0)-HttpPoll(0), 0 total, 0 closed abnormally (0 connect failure, 0 send limit, 0 transport error)], stompSubProtocol[processed CONNECT(0)-CONNECTED(0)-DISCONNECT(0)], stompBrokerRelay[null], inboundChannel[pool size = 0, active threads = 0, queued tasks = 0, completed tasks = 0], outboundChannel[pool size = 0, active threads = 0, queued tasks = 0, completed tasks = 0], sockJsScheduler[pool size = 5, active threads = 1, queued tasks = 0, completed tasks = 4]
2026-06-19T18:40:19.223-06:00  WARN 2816 --- [HikariPool-5:housekeeper] com.zaxxer.hikari.pool.HikariPool        : HikariPool-5 - Thread starvation or clock leap detected (housekeeper delta=58s505ms).
2026-06-19T18:52:26.093-06:00  INFO 2816 --- [MessageBroker-2] o.s.w.s.c.WebSocketMessageBrokerStats    : WebSocketSession[0 current WS(0)-HttpStream(0)-HttpPoll(0), 0 total, 0 closed abnormally (0 connect failure, 0 send limit, 0 transport error)], stompSubProtocol[processed CONNECT(0)-CONNECTED(0)-DISCONNECT(0)], stompBrokerRelay[null], inboundChannel[pool size = 0, active threads = 0, queued tasks = 0, completed tasks = 0], outboundChannel[pool size = 0, active threads = 0, queued tasks = 0, completed tasks = 0], sockJsScheduler[pool size = 6, active threads = 1, queued tasks = 0, completed tasks = 5]
2026-06-19T19:08:47.849-06:00  WARN 2816 --- [HikariPool-5:housekeeper] com.zaxxer.hikari.pool.HikariPool        : HikariPool-5 - Thread starvation or clock leap detected (housekeeper delta=58s373ms).
2026-06-19T19:26:11.784-06:00  WARN 2816 --- [HikariPool-5:housekeeper] com.zaxxer.hikari.pool.PoolBase          : HikariPool-5 - Failed to validate connection com.mysql.cj.jdbc.ConnectionImpl@14d195d5 (No operations allowed after connection closed.). Possibly consider using a shorter maxLifetime value.
2026-06-19T19:26:21.792-06:00  WARN 2816 --- [HikariPool-5:housekeeper] com.zaxxer.hikari.pool.PoolBase          : HikariPool-5 - Failed to validate connection com.mysql.cj.jdbc.ConnectionImpl@7f741246 (No operations allowed after connection closed.). Possibly consider using a shorter maxLifetime value.
2026-06-19T19:26:31.802-06:00  WARN 2816 --- [HikariPool-5:housekeeper] com.zaxxer.hikari.pool.PoolBase          : HikariPool-5 - Failed to validate connection com.mysql.cj.jdbc.ConnectionImpl@5bfdbaab (No operations allowed after connection closed.). Possibly consider using a shorter maxLifetime value.
2026-06-19T19:26:41.813-06:00  WARN 2816 --- [HikariPool-5:housekeeper] com.zaxxer.hikari.pool.PoolBase          : HikariPool-5 - Failed to validate connection com.mysql.cj.jdbc.ConnectionImpl@a9c2d8f (No operations allowed after connection closed.). Possibly consider using a shorter maxLifetime value.
2026-06-19T19:26:41.819-06:00  WARN 2816 --- [HikariPool-5:housekeeper] com.zaxxer.hikari.pool.HikariPool        : HikariPool-5 - Thread starvation or clock leap detected (housekeeper delta=17m23s965ms).
2026-06-19T19:26:55.396-06:00  WARN 2816 --- [HikariPool-5:housekeeper] com.zaxxer.hikari.pool.PoolBase          : HikariPool-5 - Failed to validate connection com.mysql.cj.jdbc.ConnectionImpl@52482f42 (No operations allowed after connection closed.). Possibly consider using a shorter maxLifetime value.
2026-06-19T19:27:05.410-06:00  WARN 2816 --- [HikariPool-5:housekeeper] com.zaxxer.hikari.pool.PoolBase          : HikariPool-5 - Failed to validate connection com.mysql.cj.jdbc.ConnectionImpl@3df89fc0 (No operations allowed after connection closed.). Possibly consider using a shorter maxLifetime value.
2026-06-19T19:27:15.421-06:00  WARN 2816 --- [HikariPool-5:housekeeper] com.zaxxer.hikari.pool.PoolBase          : HikariPool-5 - Failed to validate connection com.mysql.cj.jdbc.ConnectionImpl@6ae0d11b (No operations allowed after connection closed.). Possibly consider using a shorter maxLifetime value.
2026-06-19T19:27:36.118-06:00  WARN 2816 --- [HikariPool-5:housekeeper] com.zaxxer.hikari.pool.PoolBase          : HikariPool-5 - Failed to validate connection com.mysql.cj.jdbc.ConnectionImpl@41c3ff13 (No operations allowed after connection closed.). Possibly consider using a shorter maxLifetime value.
2026-06-19T19:29:09.767-06:00  WARN 2816 --- [HikariPool-5:housekeeper] com.zaxxer.hikari.pool.PoolBase          : HikariPool-5 - Failed to validate connection com.mysql.cj.jdbc.ConnectionImpl@66106eee (No operations allowed after connection closed.). Possibly consider using a shorter maxLifetime value.
2026-06-19T19:29:09.771-06:00  WARN 2816 --- [HikariPool-5:housekeeper] com.zaxxer.hikari.pool.HikariPool        : HikariPool-5 - Thread starvation or clock leap detected (housekeeper delta=1m54s347ms).
2026-06-19T19:29:19.781-06:00  WARN 2816 --- [HikariPool-5:housekeeper] com.zaxxer.hikari.pool.PoolBase          : HikariPool-5 - Failed to validate connection com.mysql.cj.jdbc.ConnectionImpl@67ba72c9 (No operations allowed after connection closed.). Possibly consider using a shorter maxLifetime value.
2026-06-19T19:32:39.290-06:00  INFO 2816 --- [SpringApplicationShutdownHook] o.s.b.w.e.tomcat.GracefulShutdown        : Commencing graceful shutdown. Waiting for active requests to complete
2026-06-19T19:32:39.294-06:00  INFO 2816 --- [tomcat-shutdown] o.s.b.w.e.tomcat.GracefulShutdown        : Graceful shutdown complete
2026-06-19T19:32:39.298-06:00  INFO 2816 --- [SpringApplicationShutdownHook] o.s.m.s.b.SimpleBrokerMessageHandler     : Stopping...
2026-06-19T19:32:39.298-06:00  INFO 2816 --- [SpringApplicationShutdownHook] o.s.m.s.b.SimpleBrokerMessageHandler     : BrokerAvailabilityEvent[available=false, SimpleBrokerMessageHandler [org.springframework.messaging.simp.broker.DefaultSubscriptionRegistry@120dbc45]]
2026-06-19T19:32:39.298-06:00  INFO 2816 --- [SpringApplicationShutdownHook] o.s.m.s.b.SimpleBrokerMessageHandler     : Stopped.
2026-06-19T19:32:39.314-06:00  INFO 2816 --- [SpringApplicationShutdownHook] j.LocalContainerEntityManagerFactoryBean : Closing JPA EntityManagerFactory for persistence unit 'default'
2026-06-19T19:32:39.318-06:00  INFO 2816 --- [SpringApplicationShutdownHook] com.zaxxer.hikari.HikariDataSource       : HikariPool-5 - Shutdown initiated...
2026-06-19T19:32:39.401-06:00  INFO 2816 --- [SpringApplicationShutdownHook] com.zaxxer.hikari.HikariDataSource       : HikariPool-5 - Shutdown completed.
2026-06-19T19:32:43.941-06:00  INFO 9970 --- [main] c.a.w.WebAppAsistenciaApplicationTests   : Starting WebAppAsistenciaApplicationTests using Java 21.0.5 with PID 9970 (started by rcastro in /Users/rcastro/Documents/ProyectosSpring/WebAppAsistencia)
2026-06-19T19:32:43.942-06:00  INFO 9970 --- [main] c.a.w.WebAppAsistenciaApplicationTests   : No active profile set, falling back to 1 default profile: "default"
2026-06-19T19:32:44.446-06:00  INFO 9970 --- [main] .s.d.r.c.RepositoryConfigurationDelegate : Bootstrapping Spring Data JPA repositories in DEFAULT mode.
2026-06-19T19:32:44.530-06:00  INFO 9970 --- [main] .s.d.r.c.RepositoryConfigurationDelegate : Finished Spring Data repository scanning in 79 ms. Found 73 JPA repository interfaces.
2026-06-19T19:32:44.898-06:00  INFO 9970 --- [main] o.hibernate.jpa.internal.util.LogHelper  : HHH000204: Processing PersistenceUnitInfo [name: default]
2026-06-19T19:32:44.927-06:00  INFO 9970 --- [main] org.hibernate.Version                    : HHH000412: Hibernate ORM core version 6.6.22.Final
2026-06-19T19:32:44.944-06:00  INFO 9970 --- [main] o.h.c.internal.RegionFactoryInitiator    : HHH000026: Second-level cache disabled
2026-06-19T19:32:45.085-06:00  INFO 9970 --- [main] o.s.o.j.p.SpringPersistenceUnitInfo      : No LoadTimeWeaver setup: ignoring JPA class transformer
2026-06-19T19:32:45.101-06:00  INFO 9970 --- [main] com.zaxxer.hikari.HikariDataSource       : HikariPool-1 - Starting...
2026-06-19T19:32:46.260-06:00  INFO 9970 --- [main] com.zaxxer.hikari.pool.HikariPool        : HikariPool-1 - Added connection com.mysql.cj.jdbc.ConnectionImpl@740ee00f
2026-06-19T19:32:46.262-06:00  INFO 9970 --- [main] com.zaxxer.hikari.HikariDataSource       : HikariPool-1 - Start completed.
2026-06-19T19:32:46.616-06:00  WARN 9970 --- [main] org.hibernate.orm.deprecation            : HHH90000025: MySQL8Dialect does not need to be specified explicitly using 'hibernate.dialect' (remove the property setting and it will be selected by default)
2026-06-19T19:32:46.616-06:00  WARN 9970 --- [main] org.hibernate.orm.deprecation            : HHH90000026: MySQL8Dialect has been deprecated; use org.hibernate.dialect.MySQLDialect instead
2026-06-19T19:32:46.626-06:00  INFO 9970 --- [main] org.hibernate.orm.connections.pooling    : HHH10001005: Database info:
	Database JDBC URL [Connecting through datasource 'HikariDataSource (HikariPool-1)']
	Database driver: undefined/unknown
	Database version: 8.0
	Autocommit mode: undefined/unknown
	Isolation level: undefined/unknown
	Minimum pool size: undefined/unknown
	Maximum pool size: undefined/unknown
2026-06-19T19:32:46.914-06:00  WARN 9970 --- [main] org.hibernate.mapping.RootClass          : HHH000038: Composite-id class does not override equals(): com.asistencia_el_salvador.web_app_asistencia.model.UsuarioComercioPK
2026-06-19T19:32:46.914-06:00  WARN 9970 --- [main] org.hibernate.mapping.RootClass          : HHH000039: Composite-id class does not override hashCode(): com.asistencia_el_salvador.web_app_asistencia.model.UsuarioComercioPK
2026-06-19T19:32:47.468-06:00  INFO 9970 --- [main] o.h.e.t.j.p.i.JtaPlatformInitiator       : HHH000489: No JTA platform available (set 'hibernate.transaction.jta.platform' to enable JTA platform integration)
2026-06-19T19:32:47.470-06:00  INFO 9970 --- [main] j.LocalContainerEntityManagerFactoryBean : Initialized JPA EntityManagerFactory for persistence unit 'default'
2026-06-19T19:32:47.604-06:00  INFO 9970 --- [main] o.s.d.j.r.query.QueryEnhancerFactory     : Hibernate is in classpath; If applicable, HQL parser will be used.
2026-06-19T19:32:49.889-06:00  WARN 9970 --- [main] JpaBaseConfiguration$JpaWebConfiguration : spring.jpa.open-in-view is enabled by default. Therefore, database queries may be performed during view rendering. Explicitly configure spring.jpa.open-in-view to disable this warning
2026-06-19T19:32:50.006-06:00 DEBUG 9970 --- [main] s.w.s.m.m.a.RequestMappingHandlerMapping : 332 mappings in 'requestMappingHandlerMapping'
2026-06-19T19:32:50.056-06:00  WARN 9970 --- [main] .s.s.UserDetailsServiceAutoConfiguration : 

Using generated security password: fc7f8f97-bf69-442f-b22e-9500a5214a54

This generated password is for development use only. Your security configuration must be updated before running your application in production.

2026-06-19T19:32:50.060-06:00  INFO 9970 --- [main] r$InitializeUserDetailsManagerConfigurer : Global AuthenticationManager configured with UserDetailsService bean with name inMemoryUserDetailsManager
2026-06-19T19:32:50.202-06:00 DEBUG 9970 --- [main] s.w.s.m.m.a.RequestMappingHandlerAdapter : ControllerAdvice beans: 0 @ModelAttribute, 0 @InitBinder, 1 RequestBodyAdvice, 1 ResponseBodyAdvice
2026-06-19T19:32:50.225-06:00 DEBUG 9970 --- [main] .m.m.a.ExceptionHandlerExceptionResolver : ControllerAdvice beans: 0 @ExceptionHandler, 1 ResponseBodyAdvice
2026-06-19T19:32:50.327-06:00  INFO 9970 --- [main] .w.s.a.s.AnnotationActionEndpointMapping : Supporting [WS-Addressing August 2004, WS-Addressing 1.0]
2026-06-19T19:32:50.345-06:00  INFO 9970 --- [main] o.s.m.s.b.SimpleBrokerMessageHandler     : Starting...
2026-06-19T19:32:50.346-06:00  INFO 9970 --- [main] o.s.m.s.b.SimpleBrokerMessageHandler     : BrokerAvailabilityEvent[available=true, SimpleBrokerMessageHandler [org.springframework.messaging.simp.broker.DefaultSubscriptionRegistry@1e5a0804]]
2026-06-19T19:32:50.346-06:00  INFO 9970 --- [main] o.s.m.s.b.SimpleBrokerMessageHandler     : Started.
2026-06-19T19:32:50.351-06:00  INFO 9970 --- [main] c.a.w.WebAppAsistenciaApplicationTests   : Started WebAppAsistenciaApplicationTests in 6.579 seconds (process running for 7.177)
2026-06-19T19:32:50.686-06:00  INFO 9970 --- [SpringApplicationShutdownHook] o.s.m.s.b.SimpleBrokerMessageHandler     : Stopping...
2026-06-19T19:32:50.687-06:00  INFO 9970 --- [SpringApplicationShutdownHook] o.s.m.s.b.SimpleBrokerMessageHandler     : BrokerAvailabilityEvent[available=false, SimpleBrokerMessageHandler [org.springframework.messaging.simp.broker.DefaultSubscriptionRegistry@1e5a0804]]
2026-06-19T19:32:50.687-06:00  INFO 9970 --- [SpringApplicationShutdownHook] o.s.m.s.b.SimpleBrokerMessageHandler     : Stopped.
2026-06-19T19:32:50.696-06:00  INFO 9970 --- [SpringApplicationShutdownHook] j.LocalContainerEntityManagerFactoryBean : Closing JPA EntityManagerFactory for persistence unit 'default'
2026-06-19T19:32:50.697-06:00  INFO 9970 --- [SpringApplicationShutdownHook] com.zaxxer.hikari.HikariDataSource       : HikariPool-1 - Shutdown initiated...
2026-06-19T19:32:51.469-06:00  INFO 9970 --- [SpringApplicationShutdownHook] com.zaxxer.hikari.HikariDataSource       : HikariPool-1 - Shutdown completed.
2026-06-19T19:32:55.021-06:00  INFO 10101 --- [restartedMain] c.a.w.WebAppAsistenciaApplication        : Starting WebAppAsistenciaApplication using Java 21.0.5 with PID 10101 (/Users/rcastro/Documents/ProyectosSpring/WebAppAsistencia/target/classes started by rcastro in /Users/rcastro/Documents/ProyectosSpring/WebAppAsistencia)
2026-06-19T19:32:55.026-06:00  INFO 10101 --- [restartedMain] c.a.w.WebAppAsistenciaApplication        : No active profile set, falling back to 1 default profile: "default"
2026-06-19T19:32:55.057-06:00  INFO 10101 --- [restartedMain] .e.DevToolsPropertyDefaultsPostProcessor : Devtools property defaults active! Set 'spring.devtools.add-properties' to 'false' to disable
2026-06-19T19:32:55.057-06:00  INFO 10101 --- [restartedMain] .e.DevToolsPropertyDefaultsPostProcessor : For additional web related logging consider setting the 'logging.level.web' property to 'DEBUG'
2026-06-19T19:32:55.593-06:00  INFO 10101 --- [restartedMain] .s.d.r.c.RepositoryConfigurationDelegate : Bootstrapping Spring Data JPA repositories in DEFAULT mode.
2026-06-19T19:32:55.690-06:00  INFO 10101 --- [restartedMain] .s.d.r.c.RepositoryConfigurationDelegate : Finished Spring Data repository scanning in 92 ms. Found 73 JPA repository interfaces.
2026-06-19T19:32:56.162-06:00  INFO 10101 --- [restartedMain] o.s.b.w.embedded.tomcat.TomcatWebServer  : Tomcat initialized with port 8080 (http)
2026-06-19T19:32:56.172-06:00  INFO 10101 --- [restartedMain] o.apache.catalina.core.StandardService   : Starting service [Tomcat]
2026-06-19T19:32:56.172-06:00  INFO 10101 --- [restartedMain] o.apache.catalina.core.StandardEngine    : Starting Servlet engine: [Apache Tomcat/10.1.43]
2026-06-19T19:32:56.197-06:00  INFO 10101 --- [restartedMain] o.a.c.c.C.[Tomcat].[localhost].[/]       : Initializing Spring embedded WebApplicationContext
2026-06-19T19:32:56.198-06:00  INFO 10101 --- [restartedMain] w.s.c.ServletWebServerApplicationContext : Root WebApplicationContext: initialization completed in 1141 ms
2026-06-19T19:32:56.294-06:00  INFO 10101 --- [restartedMain] o.hibernate.jpa.internal.util.LogHelper  : HHH000204: Processing PersistenceUnitInfo [name: default]
2026-06-19T19:32:56.318-06:00  INFO 10101 --- [restartedMain] org.hibernate.Version                    : HHH000412: Hibernate ORM core version 6.6.22.Final
2026-06-19T19:32:56.334-06:00  INFO 10101 --- [restartedMain] o.h.c.internal.RegionFactoryInitiator    : HHH000026: Second-level cache disabled
2026-06-19T19:32:56.468-06:00  INFO 10101 --- [restartedMain] o.s.o.j.p.SpringPersistenceUnitInfo      : No LoadTimeWeaver setup: ignoring JPA class transformer
2026-06-19T19:32:56.483-06:00  INFO 10101 --- [restartedMain] com.zaxxer.hikari.HikariDataSource       : HikariPool-1 - Starting...
2026-06-19T19:32:57.569-06:00  INFO 10101 --- [restartedMain] com.zaxxer.hikari.pool.HikariPool        : HikariPool-1 - Added connection com.mysql.cj.jdbc.ConnectionImpl@3c8dea2b
2026-06-19T19:32:57.573-06:00  INFO 10101 --- [restartedMain] com.zaxxer.hikari.HikariDataSource       : HikariPool-1 - Start completed.
2026-06-19T19:32:57.684-06:00  WARN 10101 --- [restartedMain] org.hibernate.orm.deprecation            : HHH90000025: MySQL8Dialect does not need to be specified explicitly using 'hibernate.dialect' (remove the property setting and it will be selected by default)
2026-06-19T19:32:57.685-06:00  WARN 10101 --- [restartedMain] org.hibernate.orm.deprecation            : HHH90000026: MySQL8Dialect has been deprecated; use org.hibernate.dialect.MySQLDialect instead
2026-06-19T19:32:57.693-06:00  INFO 10101 --- [restartedMain] org.hibernate.orm.connections.pooling    : HHH10001005: Database info:
	Database JDBC URL [Connecting through datasource 'HikariDataSource (HikariPool-1)']
	Database driver: undefined/unknown
	Database version: 8.0
	Autocommit mode: undefined/unknown
	Isolation level: undefined/unknown
	Minimum pool size: undefined/unknown
	Maximum pool size: undefined/unknown
2026-06-19T19:32:57.974-06:00  WARN 10101 --- [restartedMain] org.hibernate.mapping.RootClass          : HHH000038: Composite-id class does not override equals(): com.asistencia_el_salvador.web_app_asistencia.model.UsuarioComercioPK
2026-06-19T19:32:57.974-06:00  WARN 10101 --- [restartedMain] org.hibernate.mapping.RootClass          : HHH000039: Composite-id class does not override hashCode(): com.asistencia_el_salvador.web_app_asistencia.model.UsuarioComercioPK
2026-06-19T19:32:58.506-06:00  INFO 10101 --- [restartedMain] o.h.e.t.j.p.i.JtaPlatformInitiator       : HHH000489: No JTA platform available (set 'hibernate.transaction.jta.platform' to enable JTA platform integration)
2026-06-19T19:32:58.508-06:00  INFO 10101 --- [restartedMain] j.LocalContainerEntityManagerFactoryBean : Initialized JPA EntityManagerFactory for persistence unit 'default'
2026-06-19T19:32:58.617-06:00  INFO 10101 --- [restartedMain] o.s.d.j.r.query.QueryEnhancerFactory     : Hibernate is in classpath; If applicable, HQL parser will be used.
2026-06-19T19:33:00.807-06:00  WARN 10101 --- [restartedMain] JpaBaseConfiguration$JpaWebConfiguration : spring.jpa.open-in-view is enabled by default. Therefore, database queries may be performed during view rendering. Explicitly configure spring.jpa.open-in-view to disable this warning
2026-06-19T19:33:00.920-06:00 DEBUG 10101 --- [restartedMain] s.w.s.m.m.a.RequestMappingHandlerMapping : 332 mappings in 'requestMappingHandlerMapping'
2026-06-19T19:33:00.948-06:00  WARN 10101 --- [restartedMain] .s.s.UserDetailsServiceAutoConfiguration : 

Using generated security password: e5a7db4e-af1e-49d9-84f2-5300764f901e

This generated password is for development use only. Your security configuration must be updated before running your application in production.

2026-06-19T19:33:00.951-06:00  INFO 10101 --- [restartedMain] r$InitializeUserDetailsManagerConfigurer : Global AuthenticationManager configured with UserDetailsService bean with name inMemoryUserDetailsManager
2026-06-19T19:33:01.061-06:00 DEBUG 10101 --- [restartedMain] s.w.s.m.m.a.RequestMappingHandlerAdapter : ControllerAdvice beans: 0 @ModelAttribute, 0 @InitBinder, 1 RequestBodyAdvice, 1 ResponseBodyAdvice
2026-06-19T19:33:01.087-06:00 DEBUG 10101 --- [restartedMain] .m.m.a.ExceptionHandlerExceptionResolver : ControllerAdvice beans: 0 @ExceptionHandler, 1 ResponseBodyAdvice
2026-06-19T19:33:01.172-06:00  INFO 10101 --- [restartedMain] .w.s.a.s.AnnotationActionEndpointMapping : Supporting [WS-Addressing August 2004, WS-Addressing 1.0]
2026-06-19T19:33:01.192-06:00  INFO 10101 --- [restartedMain] o.s.b.d.a.OptionalLiveReloadServer       : LiveReload server is running on port 35729
2026-06-19T19:33:01.204-06:00  INFO 10101 --- [restartedMain] o.s.m.s.b.SimpleBrokerMessageHandler     : Starting...
2026-06-19T19:33:01.204-06:00  INFO 10101 --- [restartedMain] o.s.m.s.b.SimpleBrokerMessageHandler     : BrokerAvailabilityEvent[available=true, SimpleBrokerMessageHandler [org.springframework.messaging.simp.broker.DefaultSubscriptionRegistry@813f4d9]]
2026-06-19T19:33:01.205-06:00  INFO 10101 --- [restartedMain] o.s.m.s.b.SimpleBrokerMessageHandler     : Started.
2026-06-19T19:33:01.212-06:00  INFO 10101 --- [restartedMain] o.s.b.w.embedded.tomcat.TomcatWebServer  : Tomcat started on port 8080 (http) with context path '/'
2026-06-19T19:33:01.217-06:00  INFO 10101 --- [restartedMain] c.a.w.WebAppAsistenciaApplication        : Started WebAppAsistenciaApplication in 6.42 seconds (process running for 6.665)
2026-06-19T19:33:07.896-06:00  INFO 10101 --- [http-nio-0.0.0.0-8080-exec-1] o.a.c.c.C.[Tomcat].[localhost].[/]       : Initializing Spring DispatcherServlet 'dispatcherServlet'
2026-06-19T19:33:07.897-06:00  INFO 10101 --- [http-nio-0.0.0.0-8080-exec-1] o.s.web.servlet.DispatcherServlet        : Initializing Servlet 'dispatcherServlet'
2026-06-19T19:33:07.898-06:00  INFO 10101 --- [http-nio-0.0.0.0-8080-exec-1] o.s.web.servlet.DispatcherServlet        : Completed initialization in 1 ms
2026-06-19T19:33:07.917-06:00 DEBUG 10101 --- [http-nio-0.0.0.0-8080-exec-1] s.w.s.m.m.a.RequestMappingHandlerMapping : Mapped to com.asistencia_el_salvador.web_app_asistencia.controller.AdminController#mostrarDashboard(HttpSession, Model)
2026-06-19T19:33:12.756-06:00 DEBUG 10101 --- [http-nio-0.0.0.0-8080-exec-3] s.w.s.m.m.a.RequestMappingHandlerMapping : Mapped to com.asistencia_el_salvador.web_app_asistencia.controller.AdminController#mostrarDashboard(HttpSession, Model)
2026-06-19T19:33:13.154-06:00 DEBUG 10101 --- [http-nio-0.0.0.0-8080-exec-4] s.w.s.m.m.a.RequestMappingHandlerMapping : Mapped to com.asistencia_el_salvador.web_app_asistencia.controller.DashboardController#mostrarDashboard(HttpSession, Model)
2026-06-19T19:33:13.158-06:00 ERROR 10101 --- [http-nio-0.0.0.0-8080-exec-4] o.a.c.c.C.[.[.[/].[dispatcherServlet]    : Servlet.service() for servlet [dispatcherServlet] in context with path [] threw exception [Request processing failed: java.lang.NullPointerException: Cannot invoke "com.asistencia_el_salvador.web_app_asistencia.response.UsuarioResponse.getDui()" because "usuario" is null] with root cause

java.lang.NullPointerException: Cannot invoke "com.asistencia_el_salvador.web_app_asistencia.response.UsuarioResponse.getDui()" because "usuario" is null
	at com.asistencia_el_salvador.web_app_asistencia.controller.DashboardController.mostrarDashboard(DashboardController.java:45) ~[classes/:na]
	at java.base/jdk.internal.reflect.DirectMethodHandleAccessor.invoke(DirectMethodHandleAccessor.java:103) ~[na:na]
	at java.base/java.lang.reflect.Method.invoke(Method.java:580) ~[na:na]
	at org.springframework.web.method.support.InvocableHandlerMethod.doInvoke(InvocableHandlerMethod.java:258) ~[spring-web-6.2.9.jar:6.2.9]
	at org.springframework.web.method.support.InvocableHandlerMethod.invokeForRequest(InvocableHandlerMethod.java:191) ~[spring-web-6.2.9.jar:6.2.9]
	at org.springframework.web.servlet.mvc.method.annotation.ServletInvocableHandlerMethod.invokeAndHandle(ServletInvocableHandlerMethod.java:118) ~[spring-webmvc-6.2.9.jar:6.2.9]
	at org.springframework.web.servlet.mvc.method.annotation.RequestMappingHandlerAdapter.invokeHandlerMethod(RequestMappingHandlerAdapter.java:991) ~[spring-webmvc-6.2.9.jar:6.2.9]
	at org.springframework.web.servlet.mvc.method.annotation.RequestMappingHandlerAdapter.handleInternal(RequestMappingHandlerAdapter.java:896) ~[spring-webmvc-6.2.9.jar:6.2.9]
	at org.springframework.web.servlet.mvc.method.AbstractHandlerMethodAdapter.handle(AbstractHandlerMethodAdapter.java:87) ~[spring-webmvc-6.2.9.jar:6.2.9]
	at org.springframework.web.servlet.DispatcherServlet.doDispatch(DispatcherServlet.java:1089) ~[spring-webmvc-6.2.9.jar:6.2.9]
	at org.springframework.web.servlet.DispatcherServlet.doService(DispatcherServlet.java:979) ~[spring-webmvc-6.2.9.jar:6.2.9]
	at org.springframework.web.servlet.FrameworkServlet.processRequest(FrameworkServlet.java:1014) ~[spring-webmvc-6.2.9.jar:6.2.9]
	at org.springframework.web.servlet.FrameworkServlet.doGet(FrameworkServlet.java:903) ~[spring-webmvc-6.2.9.jar:6.2.9]
	at jakarta.servlet.http.HttpServlet.service(HttpServlet.java:564) ~[tomcat-embed-core-10.1.43.jar:6.0]
	at org.springframework.web.servlet.FrameworkServlet.service(FrameworkServlet.java:885) ~[spring-webmvc-6.2.9.jar:6.2.9]
	at jakarta.servlet.http.HttpServlet.service(HttpServlet.java:658) ~[tomcat-embed-core-10.1.43.jar:6.0]
	at org.apache.catalina.core.ApplicationFilterChain.internalDoFilter(ApplicationFilterChain.java:195) ~[tomcat-embed-core-10.1.43.jar:10.1.43]
	at org.apache.catalina.core.ApplicationFilterChain.doFilter(ApplicationFilterChain.java:140) ~[tomcat-embed-core-10.1.43.jar:10.1.43]
	at org.apache.tomcat.websocket.server.WsFilter.doFilter(WsFilter.java:51) ~[tomcat-embed-websocket-10.1.43.jar:10.1.43]
	at org.apache.catalina.core.ApplicationFilterChain.internalDoFilter(ApplicationFilterChain.java:164) ~[tomcat-embed-core-10.1.43.jar:10.1.43]
	at org.apache.catalina.core.ApplicationFilterChain.doFilter(ApplicationFilterChain.java:140) ~[tomcat-embed-core-10.1.43.jar:10.1.43]
	at org.springframework.web.filter.OncePerRequestFilter.doFilter(OncePerRequestFilter.java:110) ~[spring-web-6.2.9.jar:6.2.9]
	at org.apache.catalina.core.ApplicationFilterChain.internalDoFilter(ApplicationFilterChain.java:164) ~[tomcat-embed-core-10.1.43.jar:10.1.43]
	at org.apache.catalina.core.ApplicationFilterChain.doFilter(ApplicationFilterChain.java:140) ~[tomcat-embed-core-10.1.43.jar:10.1.43]
	at org.springframework.web.filter.CompositeFilter$VirtualFilterChain.doFilter(CompositeFilter.java:108) ~[spring-web-6.2.9.jar:6.2.9]
	at org.springframework.web.filter.CompositeFilter$VirtualFilterChain.doFilter(CompositeFilter.java:108) ~[spring-web-6.2.9.jar:6.2.9]
	at org.springframework.security.web.FilterChainProxy.lambda$doFilterInternal$3(FilterChainProxy.java:231) ~[spring-security-web-6.5.2.jar:6.5.2]
	at org.springframework.security.web.FilterChainProxy$VirtualFilterChain.doFilter(FilterChainProxy.java:365) ~[spring-security-web-6.5.2.jar:6.5.2]
	at org.springframework.security.web.access.intercept.AuthorizationFilter.doFilter(AuthorizationFilter.java:101) ~[spring-security-web-6.5.2.jar:6.5.2]
	at org.springframework.security.web.FilterChainProxy$VirtualFilterChain.doFilter(FilterChainProxy.java:374) ~[spring-security-web-6.5.2.jar:6.5.2]
	at org.springframework.security.web.access.ExceptionTranslationFilter.doFilter(ExceptionTranslationFilter.java:125) ~[spring-security-web-6.5.2.jar:6.5.2]
	at org.springframework.security.web.access.ExceptionTranslationFilter.doFilter(ExceptionTranslationFilter.java:119) ~[spring-security-web-6.5.2.jar:6.5.2]
	at org.springframework.security.web.FilterChainProxy$VirtualFilterChain.doFilter(FilterChainProxy.java:374) ~[spring-security-web-6.5.2.jar:6.5.2]
	at org.springframework.security.web.session.SessionManagementFilter.doFilter(SessionManagementFilter.java:131) ~[spring-security-web-6.5.2.jar:6.5.2]
	at org.springframework.security.web.session.SessionManagementFilter.doFilter(SessionManagementFilter.java:85) ~[spring-security-web-6.5.2.jar:6.5.2]
	at org.springframework.security.web.FilterChainProxy$VirtualFilterChain.doFilter(FilterChainProxy.java:374) ~[spring-security-web-6.5.2.jar:6.5.2]
	at org.springframework.security.web.authentication.AnonymousAuthenticationFilter.doFilter(AnonymousAuthenticationFilter.java:100) ~[spring-security-web-6.5.2.jar:6.5.2]
	at org.springframework.security.web.FilterChainProxy$VirtualFilterChain.doFilter(FilterChainProxy.java:374) ~[spring-security-web-6.5.2.jar:6.5.2]
	at org.springframework.security.web.servletapi.SecurityContextHolderAwareRequestFilter.doFilter(SecurityContextHolderAwareRequestFilter.java:179) ~[spring-security-web-6.5.2.jar:6.5.2]
	at org.springframework.security.web.FilterChainProxy$VirtualFilterChain.doFilter(FilterChainProxy.java:374) ~[spring-security-web-6.5.2.jar:6.5.2]
	at org.springframework.security.web.savedrequest.RequestCacheAwareFilter.doFilter(RequestCacheAwareFilter.java:63) ~[spring-security-web-6.5.2.jar:6.5.2]
	at org.springframework.security.web.FilterChainProxy$VirtualFilterChain.doFilter(FilterChainProxy.java:374) ~[spring-security-web-6.5.2.jar:6.5.2]
	at com.asistencia_el_salvador.web_app_asistencia.config.JwtAuthFilter.doFilterInternal(JwtAuthFilter.java:37) ~[classes/:na]
	at org.springframework.web.filter.OncePerRequestFilter.doFilter(OncePerRequestFilter.java:116) ~[spring-web-6.2.9.jar:6.2.9]
	at org.springframework.security.web.FilterChainProxy$VirtualFilterChain.doFilter(FilterChainProxy.java:374) ~[spring-security-web-6.5.2.jar:6.5.2]
	at org.springframework.security.web.authentication.logout.LogoutFilter.doFilter(LogoutFilter.java:107) ~[spring-security-web-6.5.2.jar:6.5.2]
	at org.springframework.security.web.authentication.logout.LogoutFilter.doFilter(LogoutFilter.java:93) ~[spring-security-web-6.5.2.jar:6.5.2]
	at org.springframework.security.web.FilterChainProxy$VirtualFilterChain.doFilter(FilterChainProxy.java:374) ~[spring-security-web-6.5.2.jar:6.5.2]
	at org.springframework.security.web.csrf.CsrfFilter.doFilterInternal(CsrfFilter.java:117) ~[spring-security-web-6.5.2.jar:6.5.2]
	at org.springframework.web.filter.OncePerRequestFilter.doFilter(OncePerRequestFilter.java:116) ~[spring-web-6.2.9.jar:6.2.9]
	at org.springframework.security.web.FilterChainProxy$VirtualFilterChain.doFilter(FilterChainProxy.java:374) ~[spring-security-web-6.5.2.jar:6.5.2]
	at org.springframework.security.web.header.HeaderWriterFilter.doHeadersAfter(HeaderWriterFilter.java:90) ~[spring-security-web-6.5.2.jar:6.5.2]
	at org.springframework.security.web.header.HeaderWriterFilter.doFilterInternal(HeaderWriterFilter.java:75) ~[spring-security-web-6.5.2.jar:6.5.2]
	at org.springframework.web.filter.OncePerRequestFilter.doFilter(OncePerRequestFilter.java:116) ~[spring-web-6.2.9.jar:6.2.9]
	at org.springframework.security.web.FilterChainProxy$VirtualFilterChain.doFilter(FilterChainProxy.java:374) ~[spring-security-web-6.5.2.jar:6.5.2]
	at org.springframework.security.web.context.SecurityContextHolderFilter.doFilter(SecurityContextHolderFilter.java:82) ~[spring-security-web-6.5.2.jar:6.5.2]
	at org.springframework.security.web.context.SecurityContextHolderFilter.doFilter(SecurityContextHolderFilter.java:69) ~[spring-security-web-6.5.2.jar:6.5.2]
	at org.springframework.security.web.FilterChainProxy$VirtualFilterChain.doFilter(FilterChainProxy.java:374) ~[spring-security-web-6.5.2.jar:6.5.2]
	at org.springframework.security.web.context.request.async.WebAsyncManagerIntegrationFilter.doFilterInternal(WebAsyncManagerIntegrationFilter.java:62) ~[spring-security-web-6.5.2.jar:6.5.2]
	at org.springframework.web.filter.OncePerRequestFilter.doFilter(OncePerRequestFilter.java:116) ~[spring-web-6.2.9.jar:6.2.9]
	at org.springframework.security.web.FilterChainProxy$VirtualFilterChain.doFilter(FilterChainProxy.java:374) ~[spring-security-web-6.5.2.jar:6.5.2]
	at org.springframework.security.web.session.DisableEncodeUrlFilter.doFilterInternal(DisableEncodeUrlFilter.java:42) ~[spring-security-web-6.5.2.jar:6.5.2]
	at org.springframework.web.filter.OncePerRequestFilter.doFilter(OncePerRequestFilter.java:116) ~[spring-web-6.2.9.jar:6.2.9]
	at org.springframework.security.web.FilterChainProxy$VirtualFilterChain.doFilter(FilterChainProxy.java:374) ~[spring-security-web-6.5.2.jar:6.5.2]
	at org.springframework.security.web.FilterChainProxy.doFilterInternal(FilterChainProxy.java:233) ~[spring-security-web-6.5.2.jar:6.5.2]
	at org.springframework.security.web.FilterChainProxy.doFilter(FilterChainProxy.java:191) ~[spring-security-web-6.5.2.jar:6.5.2]
	at org.springframework.web.filter.CompositeFilter$VirtualFilterChain.doFilter(CompositeFilter.java:113) ~[spring-web-6.2.9.jar:6.2.9]
	at org.springframework.web.filter.ServletRequestPathFilter.doFilter(ServletRequestPathFilter.java:52) ~[spring-web-6.2.9.jar:6.2.9]
	at org.springframework.web.filter.CompositeFilter$VirtualFilterChain.doFilter(CompositeFilter.java:113) ~[spring-web-6.2.9.jar:6.2.9]
	at org.springframework.web.filter.CompositeFilter.doFilter(CompositeFilter.java:74) ~[spring-web-6.2.9.jar:6.2.9]
	at org.springframework.security.config.annotation.web.configuration.WebSecurityConfiguration$CompositeFilterChainProxy.doFilter(WebSecurityConfiguration.java:319) ~[spring-security-config-6.5.2.jar:6.5.2]
	at org.springframework.web.filter.CompositeFilter$VirtualFilterChain.doFilter(CompositeFilter.java:113) ~[spring-web-6.2.9.jar:6.2.9]
	at org.springframework.web.servlet.handler.HandlerMappingIntrospector.lambda$createCacheFilter$4(HandlerMappingIntrospector.java:267) ~[spring-webmvc-6.2.9.jar:6.2.9]
	at org.springframework.web.filter.CompositeFilter$VirtualFilterChain.doFilter(CompositeFilter.java:113) ~[spring-web-6.2.9.jar:6.2.9]
	at org.springframework.web.filter.CompositeFilter.doFilter(CompositeFilter.java:74) ~[spring-web-6.2.9.jar:6.2.9]
	at org.springframework.security.config.annotation.web.configuration.WebMvcSecurityConfiguration$CompositeFilterChainProxy.doFilter(WebMvcSecurityConfiguration.java:240) ~[spring-security-config-6.5.2.jar:6.5.2]
	at org.springframework.web.filter.DelegatingFilterProxy.invokeDelegate(DelegatingFilterProxy.java:362) ~[spring-web-6.2.9.jar:6.2.9]
	at org.springframework.web.filter.DelegatingFilterProxy.doFilter(DelegatingFilterProxy.java:278) ~[spring-web-6.2.9.jar:6.2.9]
	at org.apache.catalina.core.ApplicationFilterChain.internalDoFilter(ApplicationFilterChain.java:164) ~[tomcat-embed-core-10.1.43.jar:10.1.43]
	at org.apache.catalina.core.ApplicationFilterChain.doFilter(ApplicationFilterChain.java:140) ~[tomcat-embed-core-10.1.43.jar:10.1.43]
	at org.springframework.web.filter.RequestContextFilter.doFilterInternal(RequestContextFilter.java:100) ~[spring-web-6.2.9.jar:6.2.9]
	at org.springframework.web.filter.OncePerRequestFilter.doFilter(OncePerRequestFilter.java:116) ~[spring-web-6.2.9.jar:6.2.9]
	at org.apache.catalina.core.ApplicationFilterChain.internalDoFilter(ApplicationFilterChain.java:164) ~[tomcat-embed-core-10.1.43.jar:10.1.43]
	at org.apache.catalina.core.ApplicationFilterChain.doFilter(ApplicationFilterChain.java:140) ~[tomcat-embed-core-10.1.43.jar:10.1.43]
	at org.springframework.web.filter.FormContentFilter.doFilterInternal(FormContentFilter.java:93) ~[spring-web-6.2.9.jar:6.2.9]
	at org.springframework.web.filter.OncePerRequestFilter.doFilter(OncePerRequestFilter.java:116) ~[spring-web-6.2.9.jar:6.2.9]
	at org.apache.catalina.core.ApplicationFilterChain.internalDoFilter(ApplicationFilterChain.java:164) ~[tomcat-embed-core-10.1.43.jar:10.1.43]
	at org.apache.catalina.core.ApplicationFilterChain.doFilter(ApplicationFilterChain.java:140) ~[tomcat-embed-core-10.1.43.jar:10.1.43]
	at org.springframework.web.filter.CharacterEncodingFilter.doFilterInternal(CharacterEncodingFilter.java:201) ~[spring-web-6.2.9.jar:6.2.9]
	at org.springframework.web.filter.OncePerRequestFilter.doFilter(OncePerRequestFilter.java:116) ~[spring-web-6.2.9.jar:6.2.9]
	at org.apache.catalina.core.ApplicationFilterChain.internalDoFilter(ApplicationFilterChain.java:164) ~[tomcat-embed-core-10.1.43.jar:10.1.43]
	at org.apache.catalina.core.ApplicationFilterChain.doFilter(ApplicationFilterChain.java:140) ~[tomcat-embed-core-10.1.43.jar:10.1.43]
	at org.apache.catalina.core.StandardWrapperValve.invoke(StandardWrapperValve.java:167) ~[tomcat-embed-core-10.1.43.jar:10.1.43]
	at org.apache.catalina.core.StandardContextValve.invoke(StandardContextValve.java:90) ~[tomcat-embed-core-10.1.43.jar:10.1.43]
	at org.apache.catalina.authenticator.AuthenticatorBase.invoke(AuthenticatorBase.java:483) ~[tomcat-embed-core-10.1.43.jar:10.1.43]
	at org.apache.catalina.core.StandardHostValve.invoke(StandardHostValve.java:116) ~[tomcat-embed-core-10.1.43.jar:10.1.43]
	at org.apache.catalina.valves.ErrorReportValve.invoke(ErrorReportValve.java:93) ~[tomcat-embed-core-10.1.43.jar:10.1.43]
	at org.apache.catalina.core.StandardEngineValve.invoke(StandardEngineValve.java:74) ~[tomcat-embed-core-10.1.43.jar:10.1.43]
	at org.apache.catalina.connector.CoyoteAdapter.service(CoyoteAdapter.java:344) ~[tomcat-embed-core-10.1.43.jar:10.1.43]
	at org.apache.coyote.http11.Http11Processor.service(Http11Processor.java:398) ~[tomcat-embed-core-10.1.43.jar:10.1.43]
	at org.apache.coyote.AbstractProcessorLight.process(AbstractProcessorLight.java:63) ~[tomcat-embed-core-10.1.43.jar:10.1.43]
	at org.apache.coyote.AbstractProtocol$ConnectionHandler.process(AbstractProtocol.java:903) ~[tomcat-embed-core-10.1.43.jar:10.1.43]
	at org.apache.tomcat.util.net.NioEndpoint$SocketProcessor.doRun(NioEndpoint.java:1769) ~[tomcat-embed-core-10.1.43.jar:10.1.43]
	at org.apache.tomcat.util.net.SocketProcessorBase.run(SocketProcessorBase.java:52) ~[tomcat-embed-core-10.1.43.jar:10.1.43]
	at org.apache.tomcat.util.threads.ThreadPoolExecutor.runWorker(ThreadPoolExecutor.java:1189) ~[tomcat-embed-core-10.1.43.jar:10.1.43]
	at org.apache.tomcat.util.threads.ThreadPoolExecutor$Worker.run(ThreadPoolExecutor.java:658) ~[tomcat-embed-core-10.1.43.jar:10.1.43]
	at org.apache.tomcat.util.threads.TaskThread$WrappingRunnable.run(TaskThread.java:63) ~[tomcat-embed-core-10.1.43.jar:10.1.43]
	at java.base/java.lang.Thread.run(Thread.java:1583) ~[na:na]

2026-06-19T19:33:13.165-06:00 DEBUG 10101 --- [http-nio-0.0.0.0-8080-exec-4] s.w.s.m.m.a.RequestMappingHandlerMapping : Mapped to org.springframework.boot.autoconfigure.web.servlet.error.BasicErrorController#errorHtml(HttpServletRequest, HttpServletResponse)
2026-06-19T19:33:13.491-06:00 DEBUG 10101 --- [http-nio-0.0.0.0-8080-exec-7] s.w.s.m.m.a.RequestMappingHandlerMapping : Mapped to org.springframework.boot.autoconfigure.web.servlet.error.BasicErrorController#error(HttpServletRequest)
2026-06-19T19:33:13.491-06:00 DEBUG 10101 --- [http-nio-0.0.0.0-8080-exec-6] s.w.s.m.m.a.RequestMappingHandlerMapping : Mapped to org.springframework.boot.autoconfigure.web.servlet.error.BasicErrorController#error(HttpServletRequest)
2026-06-19T19:33:13.491-06:00 DEBUG 10101 --- [http-nio-0.0.0.0-8080-exec-5] s.w.s.m.m.a.RequestMappingHandlerMapping : Mapped to org.springframework.boot.autoconfigure.web.servlet.error.BasicErrorController#error(HttpServletRequest)
2026-06-19T19:33:13.500-06:00 DEBUG 10101 --- [http-nio-0.0.0.0-8080-exec-7] o.s.w.s.m.m.a.HttpEntityMethodProcessor  : Using 'application/json', given [*/*] and supported [application/json, application/*+json, application/xml;charset=UTF-8, text/xml;charset=UTF-8, application/*+xml;charset=UTF-8]
2026-06-19T19:33:13.501-06:00 DEBUG 10101 --- [http-nio-0.0.0.0-8080-exec-5] o.s.w.s.m.m.a.HttpEntityMethodProcessor  : Using 'application/json', given [*/*] and supported [application/json, application/*+json, application/xml;charset=UTF-8, text/xml;charset=UTF-8, application/*+xml;charset=UTF-8]
2026-06-19T19:33:13.500-06:00 DEBUG 10101 --- [http-nio-0.0.0.0-8080-exec-6] o.s.w.s.m.m.a.HttpEntityMethodProcessor  : Using 'application/json', given [*/*] and supported [application/json, application/*+json, application/xml;charset=UTF-8, text/xml;charset=UTF-8, application/*+xml;charset=UTF-8]
2026-06-19T19:33:13.501-06:00 DEBUG 10101 --- [http-nio-0.0.0.0-8080-exec-7] o.s.w.s.m.m.a.HttpEntityMethodProcessor  : Writing [{timestamp=Fri Jun 19 19:33:13 CST 2026, status=404, error=Not Found, trace=org.springframework.web. (truncated)...]
2026-06-19T19:33:13.501-06:00 DEBUG 10101 --- [http-nio-0.0.0.0-8080-exec-5] o.s.w.s.m.m.a.HttpEntityMethodProcessor  : Writing [{timestamp=Fri Jun 19 19:33:13 CST 2026, status=404, error=Not Found, trace=org.springframework.web. (truncated)...]
2026-06-19T19:33:13.501-06:00 DEBUG 10101 --- [http-nio-0.0.0.0-8080-exec-6] o.s.w.s.m.m.a.HttpEntityMethodProcessor  : Writing [{timestamp=Fri Jun 19 19:33:13 CST 2026, status=404, error=Not Found, trace=org.springframework.web. (truncated)...]
2026-06-19T19:33:15.788-06:00 DEBUG 10101 --- [http-nio-0.0.0.0-8080-exec-8] s.w.s.m.m.a.RequestMappingHandlerMapping : Mapped to com.asistencia_el_salvador.web_app_asistencia.controller.UsuarioController#listarUsuarios(int, Model)
2026-06-19T19:33:16.441-06:00 DEBUG 10101 --- [http-nio-0.0.0.0-8080-exec-10] s.w.s.m.m.a.RequestMappingHandlerMapping : Mapped to com.asistencia_el_salvador.web_app_asistencia.controller.UsuarioController#mostrarLogin(Model, HttpSession, String)
2026-06-19T19:33:21.481-06:00 DEBUG 10101 --- [http-nio-0.0.0.0-8080-exec-1] s.w.s.m.m.a.RequestMappingHandlerMapping : Mapped to com.asistencia_el_salvador.web_app_asistencia.controller.UsuarioController#login(String, String, HttpSession, String, HttpServletRequest, Model)
2026-06-19T19:33:22.839-06:00 DEBUG 10101 --- [http-nio-0.0.0.0-8080-exec-4] s.w.s.m.m.a.RequestMappingHandlerMapping : Mapped to com.asistencia_el_salvador.web_app_asistencia.controller.DashboardController#mostrarDashboard(HttpSession, Model)
2026-06-19T19:33:26.337-06:00 DEBUG 10101 --- [http-nio-0.0.0.0-8080-exec-5] s.w.s.m.m.a.RequestMappingHandlerMapping : Mapped to com.asistencia_el_salvador.web_app_asistencia.controller.ComercioAfiliadoController#mostrarComercios(HttpSession, Model)
2026-06-19T19:33:29.781-06:00 DEBUG 10101 --- [http-nio-0.0.0.0-8080-exec-8] s.w.s.m.m.a.RequestMappingHandlerMapping : Mapped to com.asistencia_el_salvador.web_app_asistencia.controller.EmpresaAfiliadaController#listarPromocionesCliente(String, Model, HttpSession)
2026-06-19T19:34:01.227-06:00  INFO 10101 --- [MessageBroker-1] o.s.w.s.c.WebSocketMessageBrokerStats    : WebSocketSession[0 current WS(0)-HttpStream(0)-HttpPoll(0), 0 total, 0 closed abnormally (0 connect failure, 0 send limit, 0 transport error)], stompSubProtocol[processed CONNECT(0)-CONNECTED(0)-DISCONNECT(0)], stompBrokerRelay[null], inboundChannel[pool size = 0, active threads = 0, queued tasks = 0, completed tasks = 0], outboundChannel[pool size = 0, active threads = 0, queued tasks = 0, completed tasks = 0], sockJsScheduler[pool size = 1, active threads = 1, queued tasks = 0, completed tasks = 0]
2026-06-19T20:04:01.233-06:00  INFO 10101 --- [MessageBroker-1] o.s.w.s.c.WebSocketMessageBrokerStats    : WebSocketSession[0 current WS(0)-HttpStream(0)-HttpPoll(0), 0 total, 0 closed abnormally (0 connect failure, 0 send limit, 0 transport error)], stompSubProtocol[processed CONNECT(0)-CONNECTED(0)-DISCONNECT(0)], stompBrokerRelay[null], inboundChannel[pool size = 0, active threads = 0, queued tasks = 0, completed tasks = 0], outboundChannel[pool size = 0, active threads = 0, queued tasks = 0, completed tasks = 0], sockJsScheduler[pool size = 2, active threads = 1, queued tasks = 0, completed tasks = 1]
2026-06-19T20:09:56.447-06:00  WARN 10101 --- [HikariPool-1:housekeeper] com.zaxxer.hikari.pool.HikariPool        : HikariPool-1 - Thread starvation or clock leap detected (housekeeper delta=58s434ms).
2026-06-19T20:15:30.068-06:00  WARN 10101 --- [HikariPool-1:housekeeper] com.zaxxer.hikari.pool.PoolBase          : HikariPool-1 - Failed to validate connection com.mysql.cj.jdbc.ConnectionImpl@65b512d0 (No operations allowed after connection closed.). Possibly consider using a shorter maxLifetime value.
2026-06-19T20:15:40.078-06:00  WARN 10101 --- [HikariPool-1:housekeeper] com.zaxxer.hikari.pool.PoolBase          : HikariPool-1 - Failed to validate connection com.mysql.cj.jdbc.ConnectionImpl@58642dd1 (No operations allowed after connection closed.). Possibly consider using a shorter maxLifetime value.
2026-06-19T20:15:40.080-06:00  WARN 10101 --- [HikariPool-1:housekeeper] com.zaxxer.hikari.pool.HikariPool        : HikariPool-1 - Thread starvation or clock leap detected (housekeeper delta=5m43s635ms).
2026-06-19T20:15:50.089-06:00  WARN 10101 --- [HikariPool-1:housekeeper] com.zaxxer.hikari.pool.PoolBase          : HikariPool-1 - Failed to validate connection com.mysql.cj.jdbc.ConnectionImpl@2bcf7aba (No operations allowed after connection closed.). Possibly consider using a shorter maxLifetime value.
2026-06-19T20:21:13.360-06:00  WARN 10101 --- [HikariPool-1:housekeeper] com.zaxxer.hikari.pool.PoolBase          : HikariPool-1 - Failed to validate connection com.mysql.cj.jdbc.ConnectionImpl@413db89f (No operations allowed after connection closed.). Possibly consider using a shorter maxLifetime value.
2026-06-19T20:21:13.363-06:00  WARN 10101 --- [HikariPool-1:housekeeper] com.zaxxer.hikari.pool.HikariPool        : HikariPool-1 - Thread starvation or clock leap detected (housekeeper delta=5m33s283ms).
2026-06-19T20:21:23.371-06:00  WARN 10101 --- [HikariPool-1:housekeeper] com.zaxxer.hikari.pool.PoolBase          : HikariPool-1 - Failed to validate connection com.mysql.cj.jdbc.ConnectionImpl@7907ba8a (No operations allowed after connection closed.). Possibly consider using a shorter maxLifetime value.
2026-06-19T20:21:33.406-06:00  WARN 10101 --- [HikariPool-1:housekeeper] com.zaxxer.hikari.pool.PoolBase          : HikariPool-1 - Failed to validate connection com.mysql.cj.jdbc.ConnectionImpl@1d5343b7 (No operations allowed after connection closed.). Possibly consider using a shorter maxLifetime value.
2026-06-19T20:21:43.417-06:00  WARN 10101 --- [HikariPool-1:housekeeper] com.zaxxer.hikari.pool.PoolBase          : HikariPool-1 - Failed to validate connection com.mysql.cj.jdbc.ConnectionImpl@18b5d5dd (No operations allowed after connection closed.). Possibly consider using a shorter maxLifetime value.
2026-06-19T20:37:10.872-06:00  WARN 10101 --- [HikariPool-1:housekeeper] com.zaxxer.hikari.pool.PoolBase          : HikariPool-1 - Failed to validate connection com.mysql.cj.jdbc.ConnectionImpl@52ce1f1c (No operations allowed after connection closed.). Possibly consider using a shorter maxLifetime value.
2026-06-19T20:37:20.881-06:00  WARN 10101 --- [HikariPool-1:housekeeper] com.zaxxer.hikari.pool.PoolBase          : HikariPool-1 - Failed to validate connection com.mysql.cj.jdbc.ConnectionImpl@42e76b70 (No operations allowed after connection closed.). Possibly consider using a shorter maxLifetime value.
2026-06-19T20:37:30.891-06:00  WARN 10101 --- [HikariPool-1:housekeeper] com.zaxxer.hikari.pool.PoolBase          : HikariPool-1 - Failed to validate connection com.mysql.cj.jdbc.ConnectionImpl@cc010dc (No operations allowed after connection closed.). Possibly consider using a shorter maxLifetime value.
2026-06-19T20:37:30.893-06:00  WARN 10101 --- [HikariPool-1:housekeeper] com.zaxxer.hikari.pool.HikariPool        : HikariPool-1 - Thread starvation or clock leap detected (housekeeper delta=15m47s474ms).
2026-06-19T20:37:40.902-06:00  WARN 10101 --- [HikariPool-1:housekeeper] com.zaxxer.hikari.pool.PoolBase          : HikariPool-1 - Failed to validate connection com.mysql.cj.jdbc.ConnectionImpl@806ad49 (No operations allowed after connection closed.). Possibly consider using a shorter maxLifetime value.
2026-06-19T20:38:03.962-06:00  WARN 10101 --- [HikariPool-1:housekeeper] com.zaxxer.hikari.pool.PoolBase          : HikariPool-1 - Failed to validate connection com.mysql.cj.jdbc.ConnectionImpl@c774df3 (No operations allowed after connection closed.). Possibly consider using a shorter maxLifetime value.
2026-06-19T20:38:31.719-06:00  WARN 10101 --- [HikariPool-1:housekeeper] com.zaxxer.hikari.pool.PoolBase          : HikariPool-1 - Failed to validate connection com.mysql.cj.jdbc.ConnectionImpl@30a0dac6 (No operations allowed after connection closed.). Possibly consider using a shorter maxLifetime value.
2026-06-19T20:38:42.757-06:00  WARN 10101 --- [HikariPool-1:housekeeper] com.zaxxer.hikari.pool.PoolBase          : HikariPool-1 - Failed to validate connection com.mysql.cj.jdbc.ConnectionImpl@c181912 (No operations allowed after connection closed.). Possibly consider using a shorter maxLifetime value.
2026-06-19T20:38:52.768-06:00  WARN 10101 --- [HikariPool-1:housekeeper] com.zaxxer.hikari.pool.PoolBase          : HikariPool-1 - Failed to validate connection com.mysql.cj.jdbc.ConnectionImpl@181f91c (No operations allowed after connection closed.). Possibly consider using a shorter maxLifetime value.
2026-06-19T20:38:52.770-06:00  WARN 10101 --- [HikariPool-1:housekeeper] com.zaxxer.hikari.pool.HikariPool        : HikariPool-1 - Thread starvation or clock leap detected (housekeeper delta=48s805ms).
2026-06-19T20:39:09.720-06:00  WARN 10101 --- [HikariPool-1:housekeeper] com.zaxxer.hikari.pool.PoolBase          : HikariPool-1 - Failed to validate connection com.mysql.cj.jdbc.ConnectionImpl@3bea9e1c (No operations allowed after connection closed.). Possibly consider using a shorter maxLifetime value.
2026-06-19T20:51:07.942-06:00  WARN 10101 --- [HikariPool-1:housekeeper] com.zaxxer.hikari.pool.PoolBase          : HikariPool-1 - Failed to validate connection com.mysql.cj.jdbc.ConnectionImpl@48b288af (No operations allowed after connection closed.). Possibly consider using a shorter maxLifetime value.
2026-06-19T20:51:14.456-06:00  WARN 10101 --- [HikariPool-1:housekeeper] com.zaxxer.hikari.pool.HikariPool        : HikariPool-1 - Thread starvation or clock leap detected (housekeeper delta=12m21s686ms).
2026-06-19T20:51:40.524-06:00  WARN 10101 --- [HikariPool-1:housekeeper] com.zaxxer.hikari.pool.PoolBase          : HikariPool-1 - Failed to validate connection com.mysql.cj.jdbc.ConnectionImpl@6f2e658c (No operations allowed after connection closed.). Possibly consider using a shorter maxLifetime value.
2026-06-19T20:51:50.535-06:00  WARN 10101 --- [HikariPool-1:housekeeper] com.zaxxer.hikari.pool.PoolBase          : HikariPool-1 - Failed to validate connection com.mysql.cj.jdbc.ConnectionImpl@4f1859fb (No operations allowed after connection closed.). Possibly consider using a shorter maxLifetime value.
2026-06-19T21:00:37.316-06:00  WARN 10101 --- [HikariPool-1:housekeeper] com.zaxxer.hikari.pool.PoolBase          : HikariPool-1 - Failed to validate connection com.mysql.cj.jdbc.ConnectionImpl@422b09ea (No operations allowed after connection closed.). Possibly consider using a shorter maxLifetime value.
2026-06-19T21:00:47.320-06:00  WARN 10101 --- [HikariPool-1:housekeeper] com.zaxxer.hikari.pool.PoolBase          : HikariPool-1 - Failed to validate connection com.mysql.cj.jdbc.ConnectionImpl@5020e4b1 (No operations allowed after connection closed.). Possibly consider using a shorter maxLifetime value.
2026-06-19T21:00:59.025-06:00  WARN 10101 --- [HikariPool-1:housekeeper] com.zaxxer.hikari.pool.PoolBase          : HikariPool-1 - Failed to validate connection com.mysql.cj.jdbc.ConnectionImpl@3916a528 (No operations allowed after connection closed.). Possibly consider using a shorter maxLifetime value.
2026-06-19T21:00:59.026-06:00  WARN 10101 --- [HikariPool-1:housekeeper] com.zaxxer.hikari.pool.HikariPool        : HikariPool-1 - Thread starvation or clock leap detected (housekeeper delta=9m8s488ms).
2026-06-19T21:01:09.032-06:00  WARN 10101 --- [HikariPool-1:housekeeper] com.zaxxer.hikari.pool.PoolBase          : HikariPool-1 - Failed to validate connection com.mysql.cj.jdbc.ConnectionImpl@2bce646e (No operations allowed after connection closed.). Possibly consider using a shorter maxLifetime value.
2026-06-19T21:01:21.307-06:00  WARN 10101 --- [HikariPool-1:housekeeper] com.zaxxer.hikari.pool.PoolBase          : HikariPool-1 - Failed to validate connection com.mysql.cj.jdbc.ConnectionImpl@40159194 (No operations allowed after connection closed.). Possibly consider using a shorter maxLifetime value.
2026-06-19T21:01:31.317-06:00  WARN 10101 --- [HikariPool-1:housekeeper] com.zaxxer.hikari.pool.PoolBase          : HikariPool-1 - Failed to validate connection com.mysql.cj.jdbc.ConnectionImpl@4b1f44e (No operations allowed after connection closed.). Possibly consider using a shorter maxLifetime value.
2026-06-19T21:01:42.318-06:00  WARN 10101 --- [HikariPool-1:housekeeper] com.zaxxer.hikari.pool.PoolBase          : HikariPool-1 - Failed to validate connection com.mysql.cj.jdbc.ConnectionImpl@6a47cc96 (No operations allowed after connection closed.). Possibly consider using a shorter maxLifetime value.
2026-06-19T21:01:54.499-06:00  WARN 10101 --- [HikariPool-1:housekeeper] com.zaxxer.hikari.pool.PoolBase          : HikariPool-1 - Failed to validate connection com.mysql.cj.jdbc.ConnectionImpl@64d04696 (No operations allowed after connection closed.). Possibly consider using a shorter maxLifetime value.
2026-06-19T21:02:16.977-06:00  WARN 10101 --- [HikariPool-1:housekeeper] com.zaxxer.hikari.pool.PoolBase          : HikariPool-1 - Failed to validate connection com.mysql.cj.jdbc.ConnectionImpl@74a320c8 (No operations allowed after connection closed.). Possibly consider using a shorter maxLifetime value.
2026-06-19T21:02:29.540-06:00  WARN 10101 --- [HikariPool-1:housekeeper] com.zaxxer.hikari.pool.PoolBase          : HikariPool-1 - Failed to validate connection com.mysql.cj.jdbc.ConnectionImpl@9d52834 (No operations allowed after connection closed.). Possibly consider using a shorter maxLifetime value.
2026-06-19T21:05:22.524-06:00  INFO 10101 --- [SpringApplicationShutdownHook] o.s.b.w.e.tomcat.GracefulShutdown        : Commencing graceful shutdown. Waiting for active requests to complete
2026-06-19T21:05:22.529-06:00  INFO 10101 --- [tomcat-shutdown] o.s.b.w.e.tomcat.GracefulShutdown        : Graceful shutdown complete
2026-06-19T21:05:22.533-06:00  INFO 10101 --- [SpringApplicationShutdownHook] o.s.m.s.b.SimpleBrokerMessageHandler     : Stopping...
2026-06-19T21:05:22.533-06:00  INFO 10101 --- [SpringApplicationShutdownHook] o.s.m.s.b.SimpleBrokerMessageHandler     : BrokerAvailabilityEvent[available=false, SimpleBrokerMessageHandler [org.springframework.messaging.simp.broker.DefaultSubscriptionRegistry@813f4d9]]
2026-06-19T21:05:22.533-06:00  INFO 10101 --- [SpringApplicationShutdownHook] o.s.m.s.b.SimpleBrokerMessageHandler     : Stopped.
2026-06-19T21:05:22.543-06:00  INFO 10101 --- [SpringApplicationShutdownHook] j.LocalContainerEntityManagerFactoryBean : Closing JPA EntityManagerFactory for persistence unit 'default'
2026-06-19T21:05:22.548-06:00  INFO 10101 --- [SpringApplicationShutdownHook] com.zaxxer.hikari.HikariDataSource       : HikariPool-1 - Shutdown initiated...
2026-06-19T21:05:22.687-06:00  INFO 10101 --- [SpringApplicationShutdownHook] com.zaxxer.hikari.HikariDataSource       : HikariPool-1 - Shutdown completed.
2026-06-19T21:05:28.844-06:00  INFO 11199 --- [main] c.a.w.WebAppAsistenciaApplicationTests   : Starting WebAppAsistenciaApplicationTests using Java 21.0.5 with PID 11199 (started by rcastro in /Users/rcastro/Documents/ProyectosSpring/WebAppAsistencia)
2026-06-19T21:05:28.845-06:00  INFO 11199 --- [main] c.a.w.WebAppAsistenciaApplicationTests   : No active profile set, falling back to 1 default profile: "default"
2026-06-19T21:05:29.289-06:00  INFO 11199 --- [main] .s.d.r.c.RepositoryConfigurationDelegate : Bootstrapping Spring Data JPA repositories in DEFAULT mode.
2026-06-19T21:05:29.370-06:00  INFO 11199 --- [main] .s.d.r.c.RepositoryConfigurationDelegate : Finished Spring Data repository scanning in 76 ms. Found 73 JPA repository interfaces.
2026-06-19T21:05:29.714-06:00  INFO 11199 --- [main] o.hibernate.jpa.internal.util.LogHelper  : HHH000204: Processing PersistenceUnitInfo [name: default]
2026-06-19T21:05:29.744-06:00  INFO 11199 --- [main] org.hibernate.Version                    : HHH000412: Hibernate ORM core version 6.6.22.Final
2026-06-19T21:05:29.761-06:00  INFO 11199 --- [main] o.h.c.internal.RegionFactoryInitiator    : HHH000026: Second-level cache disabled
2026-06-19T21:05:29.903-06:00  INFO 11199 --- [main] o.s.o.j.p.SpringPersistenceUnitInfo      : No LoadTimeWeaver setup: ignoring JPA class transformer
2026-06-19T21:05:29.919-06:00  INFO 11199 --- [main] com.zaxxer.hikari.HikariDataSource       : HikariPool-1 - Starting...
2026-06-19T21:05:31.230-06:00  INFO 11199 --- [main] com.zaxxer.hikari.pool.HikariPool        : HikariPool-1 - Added connection com.mysql.cj.jdbc.ConnectionImpl@511d568f
2026-06-19T21:05:31.234-06:00  INFO 11199 --- [main] com.zaxxer.hikari.HikariDataSource       : HikariPool-1 - Start completed.
2026-06-19T21:05:31.638-06:00  WARN 11199 --- [main] org.hibernate.orm.deprecation            : HHH90000025: MySQL8Dialect does not need to be specified explicitly using 'hibernate.dialect' (remove the property setting and it will be selected by default)
2026-06-19T21:05:31.639-06:00  WARN 11199 --- [main] org.hibernate.orm.deprecation            : HHH90000026: MySQL8Dialect has been deprecated; use org.hibernate.dialect.MySQLDialect instead
2026-06-19T21:05:31.648-06:00  INFO 11199 --- [main] org.hibernate.orm.connections.pooling    : HHH10001005: Database info:
	Database JDBC URL [Connecting through datasource 'HikariDataSource (HikariPool-1)']
	Database driver: undefined/unknown
	Database version: 8.0
	Autocommit mode: undefined/unknown
	Isolation level: undefined/unknown
	Minimum pool size: undefined/unknown
	Maximum pool size: undefined/unknown
2026-06-19T21:05:31.928-06:00  WARN 11199 --- [main] org.hibernate.mapping.RootClass          : HHH000038: Composite-id class does not override equals(): com.asistencia_el_salvador.web_app_asistencia.model.UsuarioComercioPK
2026-06-19T21:05:31.928-06:00  WARN 11199 --- [main] org.hibernate.mapping.RootClass          : HHH000039: Composite-id class does not override hashCode(): com.asistencia_el_salvador.web_app_asistencia.model.UsuarioComercioPK
2026-06-19T21:05:32.476-06:00  INFO 11199 --- [main] o.h.e.t.j.p.i.JtaPlatformInitiator       : HHH000489: No JTA platform available (set 'hibernate.transaction.jta.platform' to enable JTA platform integration)
2026-06-19T21:05:32.477-06:00  INFO 11199 --- [main] j.LocalContainerEntityManagerFactoryBean : Initialized JPA EntityManagerFactory for persistence unit 'default'
2026-06-19T21:05:32.614-06:00  INFO 11199 --- [main] o.s.d.j.r.query.QueryEnhancerFactory     : Hibernate is in classpath; If applicable, HQL parser will be used.
2026-06-19T21:05:35.258-06:00  WARN 11199 --- [main] JpaBaseConfiguration$JpaWebConfiguration : spring.jpa.open-in-view is enabled by default. Therefore, database queries may be performed during view rendering. Explicitly configure spring.jpa.open-in-view to disable this warning
2026-06-19T21:05:35.380-06:00 DEBUG 11199 --- [main] s.w.s.m.m.a.RequestMappingHandlerMapping : 332 mappings in 'requestMappingHandlerMapping'
2026-06-19T21:05:35.425-06:00  WARN 11199 --- [main] .s.s.UserDetailsServiceAutoConfiguration : 

Using generated security password: 07e9e5f5-f543-406c-b569-91d992eba2a8

This generated password is for development use only. Your security configuration must be updated before running your application in production.

2026-06-19T21:05:35.430-06:00  INFO 11199 --- [main] r$InitializeUserDetailsManagerConfigurer : Global AuthenticationManager configured with UserDetailsService bean with name inMemoryUserDetailsManager
2026-06-19T21:05:35.579-06:00 DEBUG 11199 --- [main] s.w.s.m.m.a.RequestMappingHandlerAdapter : ControllerAdvice beans: 0 @ModelAttribute, 0 @InitBinder, 1 RequestBodyAdvice, 1 ResponseBodyAdvice
2026-06-19T21:05:35.606-06:00 DEBUG 11199 --- [main] .m.m.a.ExceptionHandlerExceptionResolver : ControllerAdvice beans: 0 @ExceptionHandler, 1 ResponseBodyAdvice
2026-06-19T21:05:35.712-06:00  INFO 11199 --- [main] .w.s.a.s.AnnotationActionEndpointMapping : Supporting [WS-Addressing August 2004, WS-Addressing 1.0]
2026-06-19T21:05:35.732-06:00  INFO 11199 --- [main] o.s.m.s.b.SimpleBrokerMessageHandler     : Starting...
2026-06-19T21:05:35.733-06:00  INFO 11199 --- [main] o.s.m.s.b.SimpleBrokerMessageHandler     : BrokerAvailabilityEvent[available=true, SimpleBrokerMessageHandler [org.springframework.messaging.simp.broker.DefaultSubscriptionRegistry@42f1524d]]
2026-06-19T21:05:35.733-06:00  INFO 11199 --- [main] o.s.m.s.b.SimpleBrokerMessageHandler     : Started.
2026-06-19T21:05:35.738-06:00  INFO 11199 --- [main] c.a.w.WebAppAsistenciaApplicationTests   : Started WebAppAsistenciaApplicationTests in 7.06 seconds (process running for 7.56)
2026-06-19T21:05:36.061-06:00  INFO 11199 --- [SpringApplicationShutdownHook] o.s.m.s.b.SimpleBrokerMessageHandler     : Stopping...
2026-06-19T21:05:36.062-06:00  INFO 11199 --- [SpringApplicationShutdownHook] o.s.m.s.b.SimpleBrokerMessageHandler     : BrokerAvailabilityEvent[available=false, SimpleBrokerMessageHandler [org.springframework.messaging.simp.broker.DefaultSubscriptionRegistry@42f1524d]]
2026-06-19T21:05:36.062-06:00  INFO 11199 --- [SpringApplicationShutdownHook] o.s.m.s.b.SimpleBrokerMessageHandler     : Stopped.
2026-06-19T21:05:36.071-06:00  INFO 11199 --- [SpringApplicationShutdownHook] j.LocalContainerEntityManagerFactoryBean : Closing JPA EntityManagerFactory for persistence unit 'default'
2026-06-19T21:05:36.072-06:00  INFO 11199 --- [SpringApplicationShutdownHook] com.zaxxer.hikari.HikariDataSource       : HikariPool-1 - Shutdown initiated...
2026-06-19T21:05:36.156-06:00  INFO 11199 --- [SpringApplicationShutdownHook] com.zaxxer.hikari.HikariDataSource       : HikariPool-1 - Shutdown completed.
2026-06-19T21:05:40.314-06:00  INFO 11331 --- [restartedMain] c.a.w.WebAppAsistenciaApplication        : Starting WebAppAsistenciaApplication using Java 21.0.5 with PID 11331 (/Users/rcastro/Documents/ProyectosSpring/WebAppAsistencia/target/classes started by rcastro in /Users/rcastro/Documents/ProyectosSpring/WebAppAsistencia)
2026-06-19T21:05:40.315-06:00  INFO 11331 --- [restartedMain] c.a.w.WebAppAsistenciaApplication        : No active profile set, falling back to 1 default profile: "default"
2026-06-19T21:05:40.337-06:00  INFO 11331 --- [restartedMain] .e.DevToolsPropertyDefaultsPostProcessor : Devtools property defaults active! Set 'spring.devtools.add-properties' to 'false' to disable
2026-06-19T21:05:40.337-06:00  INFO 11331 --- [restartedMain] .e.DevToolsPropertyDefaultsPostProcessor : For additional web related logging consider setting the 'logging.level.web' property to 'DEBUG'
2026-06-19T21:05:40.814-06:00  INFO 11331 --- [restartedMain] .s.d.r.c.RepositoryConfigurationDelegate : Bootstrapping Spring Data JPA repositories in DEFAULT mode.
2026-06-19T21:05:40.914-06:00  INFO 11331 --- [restartedMain] .s.d.r.c.RepositoryConfigurationDelegate : Finished Spring Data repository scanning in 95 ms. Found 73 JPA repository interfaces.
2026-06-19T21:05:41.368-06:00  INFO 11331 --- [restartedMain] o.s.b.w.embedded.tomcat.TomcatWebServer  : Tomcat initialized with port 8080 (http)
2026-06-19T21:05:41.377-06:00  INFO 11331 --- [restartedMain] o.apache.catalina.core.StandardService   : Starting service [Tomcat]
2026-06-19T21:05:41.378-06:00  INFO 11331 --- [restartedMain] o.apache.catalina.core.StandardEngine    : Starting Servlet engine: [Apache Tomcat/10.1.43]
2026-06-19T21:05:41.403-06:00  INFO 11331 --- [restartedMain] o.a.c.c.C.[Tomcat].[localhost].[/]       : Initializing Spring embedded WebApplicationContext
2026-06-19T21:05:41.403-06:00  INFO 11331 --- [restartedMain] w.s.c.ServletWebServerApplicationContext : Root WebApplicationContext: initialization completed in 1066 ms
2026-06-19T21:05:41.492-06:00  INFO 11331 --- [restartedMain] o.hibernate.jpa.internal.util.LogHelper  : HHH000204: Processing PersistenceUnitInfo [name: default]
2026-06-19T21:05:41.511-06:00  INFO 11331 --- [restartedMain] org.hibernate.Version                    : HHH000412: Hibernate ORM core version 6.6.22.Final
2026-06-19T21:05:41.522-06:00  INFO 11331 --- [restartedMain] o.h.c.internal.RegionFactoryInitiator    : HHH000026: Second-level cache disabled
2026-06-19T21:05:41.645-06:00  INFO 11331 --- [restartedMain] o.s.o.j.p.SpringPersistenceUnitInfo      : No LoadTimeWeaver setup: ignoring JPA class transformer
2026-06-19T21:05:41.662-06:00  INFO 11331 --- [restartedMain] com.zaxxer.hikari.HikariDataSource       : HikariPool-1 - Starting...
2026-06-19T21:05:42.767-06:00  INFO 11331 --- [restartedMain] com.zaxxer.hikari.pool.HikariPool        : HikariPool-1 - Added connection com.mysql.cj.jdbc.ConnectionImpl@ef9cbf3
2026-06-19T21:05:42.773-06:00  INFO 11331 --- [restartedMain] com.zaxxer.hikari.HikariDataSource       : HikariPool-1 - Start completed.
2026-06-19T21:05:42.885-06:00  WARN 11331 --- [restartedMain] org.hibernate.orm.deprecation            : HHH90000025: MySQL8Dialect does not need to be specified explicitly using 'hibernate.dialect' (remove the property setting and it will be selected by default)
2026-06-19T21:05:42.885-06:00  WARN 11331 --- [restartedMain] org.hibernate.orm.deprecation            : HHH90000026: MySQL8Dialect has been deprecated; use org.hibernate.dialect.MySQLDialect instead
2026-06-19T21:05:42.893-06:00  INFO 11331 --- [restartedMain] org.hibernate.orm.connections.pooling    : HHH10001005: Database info:
	Database JDBC URL [Connecting through datasource 'HikariDataSource (HikariPool-1)']
	Database driver: undefined/unknown
	Database version: 8.0
	Autocommit mode: undefined/unknown
	Isolation level: undefined/unknown
	Minimum pool size: undefined/unknown
	Maximum pool size: undefined/unknown
2026-06-19T21:05:43.177-06:00  WARN 11331 --- [restartedMain] org.hibernate.mapping.RootClass          : HHH000038: Composite-id class does not override equals(): com.asistencia_el_salvador.web_app_asistencia.model.UsuarioComercioPK
2026-06-19T21:05:43.177-06:00  WARN 11331 --- [restartedMain] org.hibernate.mapping.RootClass          : HHH000039: Composite-id class does not override hashCode(): com.asistencia_el_salvador.web_app_asistencia.model.UsuarioComercioPK
2026-06-19T21:05:43.703-06:00  INFO 11331 --- [restartedMain] o.h.e.t.j.p.i.JtaPlatformInitiator       : HHH000489: No JTA platform available (set 'hibernate.transaction.jta.platform' to enable JTA platform integration)
2026-06-19T21:05:43.705-06:00  INFO 11331 --- [restartedMain] j.LocalContainerEntityManagerFactoryBean : Initialized JPA EntityManagerFactory for persistence unit 'default'
2026-06-19T21:05:43.836-06:00  INFO 11331 --- [restartedMain] o.s.d.j.r.query.QueryEnhancerFactory     : Hibernate is in classpath; If applicable, HQL parser will be used.
2026-06-19T21:05:46.081-06:00  WARN 11331 --- [restartedMain] JpaBaseConfiguration$JpaWebConfiguration : spring.jpa.open-in-view is enabled by default. Therefore, database queries may be performed during view rendering. Explicitly configure spring.jpa.open-in-view to disable this warning
2026-06-19T21:05:46.199-06:00 DEBUG 11331 --- [restartedMain] s.w.s.m.m.a.RequestMappingHandlerMapping : 332 mappings in 'requestMappingHandlerMapping'
2026-06-19T21:05:46.230-06:00  WARN 11331 --- [restartedMain] .s.s.UserDetailsServiceAutoConfiguration : 

Using generated security password: 0e7ca252-e3cc-4bf5-9937-60f3a76224b3

This generated password is for development use only. Your security configuration must be updated before running your application in production.

2026-06-19T21:05:46.234-06:00  INFO 11331 --- [restartedMain] r$InitializeUserDetailsManagerConfigurer : Global AuthenticationManager configured with UserDetailsService bean with name inMemoryUserDetailsManager
2026-06-19T21:05:46.342-06:00 DEBUG 11331 --- [restartedMain] s.w.s.m.m.a.RequestMappingHandlerAdapter : ControllerAdvice beans: 0 @ModelAttribute, 0 @InitBinder, 1 RequestBodyAdvice, 1 ResponseBodyAdvice
2026-06-19T21:05:46.370-06:00 DEBUG 11331 --- [restartedMain] .m.m.a.ExceptionHandlerExceptionResolver : ControllerAdvice beans: 0 @ExceptionHandler, 1 ResponseBodyAdvice
2026-06-19T21:05:46.454-06:00  INFO 11331 --- [restartedMain] .w.s.a.s.AnnotationActionEndpointMapping : Supporting [WS-Addressing August 2004, WS-Addressing 1.0]
2026-06-19T21:05:46.474-06:00  INFO 11331 --- [restartedMain] o.s.b.d.a.OptionalLiveReloadServer       : LiveReload server is running on port 35729
2026-06-19T21:05:46.487-06:00  INFO 11331 --- [restartedMain] o.s.m.s.b.SimpleBrokerMessageHandler     : Starting...
2026-06-19T21:05:46.488-06:00  INFO 11331 --- [restartedMain] o.s.m.s.b.SimpleBrokerMessageHandler     : BrokerAvailabilityEvent[available=true, SimpleBrokerMessageHandler [org.springframework.messaging.simp.broker.DefaultSubscriptionRegistry@77370af2]]
2026-06-19T21:05:46.488-06:00  INFO 11331 --- [restartedMain] o.s.m.s.b.SimpleBrokerMessageHandler     : Started.
2026-06-19T21:05:46.497-06:00  INFO 11331 --- [restartedMain] o.s.b.w.embedded.tomcat.TomcatWebServer  : Tomcat started on port 8080 (http) with context path '/'
2026-06-19T21:05:46.502-06:00  INFO 11331 --- [restartedMain] c.a.w.WebAppAsistenciaApplication        : Started WebAppAsistenciaApplication in 6.398 seconds (process running for 6.637)
2026-06-19T21:06:46.518-06:00  INFO 11331 --- [MessageBroker-1] o.s.w.s.c.WebSocketMessageBrokerStats    : WebSocketSession[0 current WS(0)-HttpStream(0)-HttpPoll(0), 0 total, 0 closed abnormally (0 connect failure, 0 send limit, 0 transport error)], stompSubProtocol[processed CONNECT(0)-CONNECTED(0)-DISCONNECT(0)], stompBrokerRelay[null], inboundChannel[pool size = 0, active threads = 0, queued tasks = 0, completed tasks = 0], outboundChannel[pool size = 0, active threads = 0, queued tasks = 0, completed tasks = 0], sockJsScheduler[pool size = 1, active threads = 1, queued tasks = 0, completed tasks = 0]
2026-06-19T21:07:29.830-06:00  INFO 11331 --- [http-nio-0.0.0.0-8080-exec-1] o.a.c.c.C.[Tomcat].[localhost].[/]       : Initializing Spring DispatcherServlet 'dispatcherServlet'
2026-06-19T21:07:29.831-06:00  INFO 11331 --- [http-nio-0.0.0.0-8080-exec-1] o.s.web.servlet.DispatcherServlet        : Initializing Servlet 'dispatcherServlet'
2026-06-19T21:07:29.839-06:00  INFO 11331 --- [http-nio-0.0.0.0-8080-exec-1] o.s.web.servlet.DispatcherServlet        : Completed initialization in 8 ms
2026-06-19T21:07:29.860-06:00 DEBUG 11331 --- [http-nio-0.0.0.0-8080-exec-1] s.w.s.m.m.a.RequestMappingHandlerMapping : Mapped to com.asistencia_el_salvador.web_app_asistencia.controller.EmpresaAfiliadaController#listarPromocionesCliente(String, Model, HttpSession)
2026-06-19T21:19:41.901-06:00  INFO 11331 --- [SpringApplicationShutdownHook] o.s.b.w.e.tomcat.GracefulShutdown        : Commencing graceful shutdown. Waiting for active requests to complete
2026-06-19T21:19:41.907-06:00  INFO 11331 --- [tomcat-shutdown] o.s.b.w.e.tomcat.GracefulShutdown        : Graceful shutdown complete
2026-06-19T21:19:41.909-06:00  INFO 11331 --- [SpringApplicationShutdownHook] o.s.m.s.b.SimpleBrokerMessageHandler     : Stopping...
2026-06-19T21:19:41.909-06:00  INFO 11331 --- [SpringApplicationShutdownHook] o.s.m.s.b.SimpleBrokerMessageHandler     : BrokerAvailabilityEvent[available=false, SimpleBrokerMessageHandler [org.springframework.messaging.simp.broker.DefaultSubscriptionRegistry@77370af2]]
2026-06-19T21:19:41.909-06:00  INFO 11331 --- [SpringApplicationShutdownHook] o.s.m.s.b.SimpleBrokerMessageHandler     : Stopped.
2026-06-19T21:19:41.920-06:00  INFO 11331 --- [SpringApplicationShutdownHook] j.LocalContainerEntityManagerFactoryBean : Closing JPA EntityManagerFactory for persistence unit 'default'
2026-06-19T21:19:41.925-06:00  INFO 11331 --- [SpringApplicationShutdownHook] com.zaxxer.hikari.HikariDataSource       : HikariPool-1 - Shutdown initiated...
2026-06-19T21:19:42.038-06:00  INFO 11331 --- [SpringApplicationShutdownHook] com.zaxxer.hikari.HikariDataSource       : HikariPool-1 - Shutdown completed.
2026-06-19T21:19:48.669-06:00  INFO 11624 --- [main] c.a.w.WebAppAsistenciaApplicationTests   : Starting WebAppAsistenciaApplicationTests using Java 21.0.5 with PID 11624 (started by rcastro in /Users/rcastro/Documents/ProyectosSpring/WebAppAsistencia)
2026-06-19T21:19:48.669-06:00  INFO 11624 --- [main] c.a.w.WebAppAsistenciaApplicationTests   : No active profile set, falling back to 1 default profile: "default"
2026-06-19T21:19:49.080-06:00  INFO 11624 --- [main] .s.d.r.c.RepositoryConfigurationDelegate : Bootstrapping Spring Data JPA repositories in DEFAULT mode.
2026-06-19T21:19:49.161-06:00  INFO 11624 --- [main] .s.d.r.c.RepositoryConfigurationDelegate : Finished Spring Data repository scanning in 76 ms. Found 73 JPA repository interfaces.
2026-06-19T21:19:49.531-06:00  INFO 11624 --- [main] o.hibernate.jpa.internal.util.LogHelper  : HHH000204: Processing PersistenceUnitInfo [name: default]
2026-06-19T21:19:49.555-06:00  INFO 11624 --- [main] org.hibernate.Version                    : HHH000412: Hibernate ORM core version 6.6.22.Final
2026-06-19T21:19:49.569-06:00  INFO 11624 --- [main] o.h.c.internal.RegionFactoryInitiator    : HHH000026: Second-level cache disabled
2026-06-19T21:19:49.692-06:00  INFO 11624 --- [main] o.s.o.j.p.SpringPersistenceUnitInfo      : No LoadTimeWeaver setup: ignoring JPA class transformer
2026-06-19T21:19:49.705-06:00  INFO 11624 --- [main] com.zaxxer.hikari.HikariDataSource       : HikariPool-1 - Starting...
2026-06-19T21:19:51.030-06:00  INFO 11624 --- [main] com.zaxxer.hikari.pool.HikariPool        : HikariPool-1 - Added connection com.mysql.cj.jdbc.ConnectionImpl@2aac6fa7
2026-06-19T21:19:51.032-06:00  INFO 11624 --- [main] com.zaxxer.hikari.HikariDataSource       : HikariPool-1 - Start completed.
2026-06-19T21:19:51.137-06:00  WARN 11624 --- [main] org.hibernate.orm.deprecation            : HHH90000025: MySQL8Dialect does not need to be specified explicitly using 'hibernate.dialect' (remove the property setting and it will be selected by default)
2026-06-19T21:19:51.138-06:00  WARN 11624 --- [main] org.hibernate.orm.deprecation            : HHH90000026: MySQL8Dialect has been deprecated; use org.hibernate.dialect.MySQLDialect instead
2026-06-19T21:19:51.147-06:00  INFO 11624 --- [main] org.hibernate.orm.connections.pooling    : HHH10001005: Database info:
	Database JDBC URL [Connecting through datasource 'HikariDataSource (HikariPool-1)']
	Database driver: undefined/unknown
	Database version: 8.0
	Autocommit mode: undefined/unknown
	Isolation level: undefined/unknown
	Minimum pool size: undefined/unknown
	Maximum pool size: undefined/unknown
2026-06-19T21:19:51.419-06:00  WARN 11624 --- [main] org.hibernate.mapping.RootClass          : HHH000038: Composite-id class does not override equals(): com.asistencia_el_salvador.web_app_asistencia.model.UsuarioComercioPK
2026-06-19T21:19:51.419-06:00  WARN 11624 --- [main] org.hibernate.mapping.RootClass          : HHH000039: Composite-id class does not override hashCode(): com.asistencia_el_salvador.web_app_asistencia.model.UsuarioComercioPK
2026-06-19T21:19:51.966-06:00  INFO 11624 --- [main] o.h.e.t.j.p.i.JtaPlatformInitiator       : HHH000489: No JTA platform available (set 'hibernate.transaction.jta.platform' to enable JTA platform integration)
2026-06-19T21:19:51.967-06:00  INFO 11624 --- [main] j.LocalContainerEntityManagerFactoryBean : Initialized JPA EntityManagerFactory for persistence unit 'default'
2026-06-19T21:19:52.101-06:00  INFO 11624 --- [main] o.s.d.j.r.query.QueryEnhancerFactory     : Hibernate is in classpath; If applicable, HQL parser will be used.
2026-06-19T21:19:54.404-06:00  WARN 11624 --- [main] JpaBaseConfiguration$JpaWebConfiguration : spring.jpa.open-in-view is enabled by default. Therefore, database queries may be performed during view rendering. Explicitly configure spring.jpa.open-in-view to disable this warning
2026-06-19T21:19:54.514-06:00 DEBUG 11624 --- [main] s.w.s.m.m.a.RequestMappingHandlerMapping : 332 mappings in 'requestMappingHandlerMapping'
2026-06-19T21:19:54.560-06:00  WARN 11624 --- [main] .s.s.UserDetailsServiceAutoConfiguration : 

Using generated security password: e4dbaa69-fed5-46ef-a7e4-215abbca2763

This generated password is for development use only. Your security configuration must be updated before running your application in production.

2026-06-19T21:19:54.564-06:00  INFO 11624 --- [main] r$InitializeUserDetailsManagerConfigurer : Global AuthenticationManager configured with UserDetailsService bean with name inMemoryUserDetailsManager
2026-06-19T21:19:54.693-06:00 DEBUG 11624 --- [main] s.w.s.m.m.a.RequestMappingHandlerAdapter : ControllerAdvice beans: 0 @ModelAttribute, 0 @InitBinder, 1 RequestBodyAdvice, 1 ResponseBodyAdvice
2026-06-19T21:19:54.715-06:00 DEBUG 11624 --- [main] .m.m.a.ExceptionHandlerExceptionResolver : ControllerAdvice beans: 0 @ExceptionHandler, 1 ResponseBodyAdvice
2026-06-19T21:19:54.804-06:00  INFO 11624 --- [main] .w.s.a.s.AnnotationActionEndpointMapping : Supporting [WS-Addressing August 2004, WS-Addressing 1.0]
2026-06-19T21:19:54.824-06:00  INFO 11624 --- [main] o.s.m.s.b.SimpleBrokerMessageHandler     : Starting...
2026-06-19T21:19:54.824-06:00  INFO 11624 --- [main] o.s.m.s.b.SimpleBrokerMessageHandler     : BrokerAvailabilityEvent[available=true, SimpleBrokerMessageHandler [org.springframework.messaging.simp.broker.DefaultSubscriptionRegistry@4ec35e4a]]
2026-06-19T21:19:54.825-06:00  INFO 11624 --- [main] o.s.m.s.b.SimpleBrokerMessageHandler     : Started.
2026-06-19T21:19:54.829-06:00  INFO 11624 --- [main] c.a.w.WebAppAsistenciaApplicationTests   : Started WebAppAsistenciaApplicationTests in 6.313 seconds (process running for 6.777)
2026-06-19T21:19:55.143-06:00  INFO 11624 --- [SpringApplicationShutdownHook] o.s.m.s.b.SimpleBrokerMessageHandler     : Stopping...
2026-06-19T21:19:55.143-06:00  INFO 11624 --- [SpringApplicationShutdownHook] o.s.m.s.b.SimpleBrokerMessageHandler     : BrokerAvailabilityEvent[available=false, SimpleBrokerMessageHandler [org.springframework.messaging.simp.broker.DefaultSubscriptionRegistry@4ec35e4a]]
2026-06-19T21:19:55.143-06:00  INFO 11624 --- [SpringApplicationShutdownHook] o.s.m.s.b.SimpleBrokerMessageHandler     : Stopped.
2026-06-19T21:19:55.152-06:00  INFO 11624 --- [SpringApplicationShutdownHook] j.LocalContainerEntityManagerFactoryBean : Closing JPA EntityManagerFactory for persistence unit 'default'
2026-06-19T21:19:55.154-06:00  INFO 11624 --- [SpringApplicationShutdownHook] com.zaxxer.hikari.HikariDataSource       : HikariPool-1 - Shutdown initiated...
2026-06-19T21:19:55.241-06:00  INFO 11624 --- [SpringApplicationShutdownHook] com.zaxxer.hikari.HikariDataSource       : HikariPool-1 - Shutdown completed.
2026-06-19T21:19:58.786-06:00  INFO 11759 --- [restartedMain] c.a.w.WebAppAsistenciaApplication        : Starting WebAppAsistenciaApplication using Java 21.0.5 with PID 11759 (/Users/rcastro/Documents/ProyectosSpring/WebAppAsistencia/target/classes started by rcastro in /Users/rcastro/Documents/ProyectosSpring/WebAppAsistencia)
2026-06-19T21:19:58.788-06:00  INFO 11759 --- [restartedMain] c.a.w.WebAppAsistenciaApplication        : No active profile set, falling back to 1 default profile: "default"
2026-06-19T21:19:58.810-06:00  INFO 11759 --- [restartedMain] .e.DevToolsPropertyDefaultsPostProcessor : Devtools property defaults active! Set 'spring.devtools.add-properties' to 'false' to disable
2026-06-19T21:19:58.810-06:00  INFO 11759 --- [restartedMain] .e.DevToolsPropertyDefaultsPostProcessor : For additional web related logging consider setting the 'logging.level.web' property to 'DEBUG'
2026-06-19T21:19:59.253-06:00  INFO 11759 --- [restartedMain] .s.d.r.c.RepositoryConfigurationDelegate : Bootstrapping Spring Data JPA repositories in DEFAULT mode.
2026-06-19T21:19:59.352-06:00  INFO 11759 --- [restartedMain] .s.d.r.c.RepositoryConfigurationDelegate : Finished Spring Data repository scanning in 95 ms. Found 73 JPA repository interfaces.
2026-06-19T21:19:59.798-06:00  INFO 11759 --- [restartedMain] o.s.b.w.embedded.tomcat.TomcatWebServer  : Tomcat initialized with port 8080 (http)
2026-06-19T21:19:59.807-06:00  INFO 11759 --- [restartedMain] o.apache.catalina.core.StandardService   : Starting service [Tomcat]
2026-06-19T21:19:59.807-06:00  INFO 11759 --- [restartedMain] o.apache.catalina.core.StandardEngine    : Starting Servlet engine: [Apache Tomcat/10.1.43]
2026-06-19T21:19:59.831-06:00  INFO 11759 --- [restartedMain] o.a.c.c.C.[Tomcat].[localhost].[/]       : Initializing Spring embedded WebApplicationContext
2026-06-19T21:19:59.831-06:00  INFO 11759 --- [restartedMain] w.s.c.ServletWebServerApplicationContext : Root WebApplicationContext: initialization completed in 1021 ms
2026-06-19T21:19:59.930-06:00  INFO 11759 --- [restartedMain] o.hibernate.jpa.internal.util.LogHelper  : HHH000204: Processing PersistenceUnitInfo [name: default]
2026-06-19T21:19:59.952-06:00  INFO 11759 --- [restartedMain] org.hibernate.Version                    : HHH000412: Hibernate ORM core version 6.6.22.Final
2026-06-19T21:19:59.965-06:00  INFO 11759 --- [restartedMain] o.h.c.internal.RegionFactoryInitiator    : HHH000026: Second-level cache disabled
2026-06-19T21:20:00.087-06:00  INFO 11759 --- [restartedMain] o.s.o.j.p.SpringPersistenceUnitInfo      : No LoadTimeWeaver setup: ignoring JPA class transformer
2026-06-19T21:20:00.099-06:00  INFO 11759 --- [restartedMain] com.zaxxer.hikari.HikariDataSource       : HikariPool-1 - Starting...
2026-06-19T21:20:05.890-06:00  INFO 11759 --- [restartedMain] com.zaxxer.hikari.pool.HikariPool        : HikariPool-1 - Added connection com.mysql.cj.jdbc.ConnectionImpl@5d376796
2026-06-19T21:20:05.893-06:00  INFO 11759 --- [restartedMain] com.zaxxer.hikari.HikariDataSource       : HikariPool-1 - Start completed.
2026-06-19T21:20:06.110-06:00  WARN 11759 --- [restartedMain] org.hibernate.orm.deprecation            : HHH90000025: MySQL8Dialect does not need to be specified explicitly using 'hibernate.dialect' (remove the property setting and it will be selected by default)
2026-06-19T21:20:06.111-06:00  WARN 11759 --- [restartedMain] org.hibernate.orm.deprecation            : HHH90000026: MySQL8Dialect has been deprecated; use org.hibernate.dialect.MySQLDialect instead
2026-06-19T21:20:06.122-06:00  INFO 11759 --- [restartedMain] org.hibernate.orm.connections.pooling    : HHH10001005: Database info:
	Database JDBC URL [Connecting through datasource 'HikariDataSource (HikariPool-1)']
	Database driver: undefined/unknown
	Database version: 8.0
	Autocommit mode: undefined/unknown
	Isolation level: undefined/unknown
	Minimum pool size: undefined/unknown
	Maximum pool size: undefined/unknown
2026-06-19T21:20:06.392-06:00  WARN 11759 --- [restartedMain] org.hibernate.mapping.RootClass          : HHH000038: Composite-id class does not override equals(): com.asistencia_el_salvador.web_app_asistencia.model.UsuarioComercioPK
2026-06-19T21:20:06.392-06:00  WARN 11759 --- [restartedMain] org.hibernate.mapping.RootClass          : HHH000039: Composite-id class does not override hashCode(): com.asistencia_el_salvador.web_app_asistencia.model.UsuarioComercioPK
2026-06-19T21:20:06.910-06:00  INFO 11759 --- [restartedMain] o.h.e.t.j.p.i.JtaPlatformInitiator       : HHH000489: No JTA platform available (set 'hibernate.transaction.jta.platform' to enable JTA platform integration)
2026-06-19T21:20:06.912-06:00  INFO 11759 --- [restartedMain] j.LocalContainerEntityManagerFactoryBean : Initialized JPA EntityManagerFactory for persistence unit 'default'
2026-06-19T21:20:07.038-06:00  INFO 11759 --- [restartedMain] o.s.d.j.r.query.QueryEnhancerFactory     : Hibernate is in classpath; If applicable, HQL parser will be used.
2026-06-19T21:20:09.373-06:00  WARN 11759 --- [restartedMain] JpaBaseConfiguration$JpaWebConfiguration : spring.jpa.open-in-view is enabled by default. Therefore, database queries may be performed during view rendering. Explicitly configure spring.jpa.open-in-view to disable this warning
2026-06-19T21:20:09.482-06:00 DEBUG 11759 --- [restartedMain] s.w.s.m.m.a.RequestMappingHandlerMapping : 332 mappings in 'requestMappingHandlerMapping'
2026-06-19T21:20:09.509-06:00  WARN 11759 --- [restartedMain] .s.s.UserDetailsServiceAutoConfiguration : 

Using generated security password: a7ee8aff-ea0c-4400-aa27-15e4f091b660

This generated password is for development use only. Your security configuration must be updated before running your application in production.

2026-06-19T21:20:09.513-06:00  INFO 11759 --- [restartedMain] r$InitializeUserDetailsManagerConfigurer : Global AuthenticationManager configured with UserDetailsService bean with name inMemoryUserDetailsManager
2026-06-19T21:20:09.606-06:00 DEBUG 11759 --- [restartedMain] s.w.s.m.m.a.RequestMappingHandlerAdapter : ControllerAdvice beans: 0 @ModelAttribute, 0 @InitBinder, 1 RequestBodyAdvice, 1 ResponseBodyAdvice
2026-06-19T21:20:09.629-06:00 DEBUG 11759 --- [restartedMain] .m.m.a.ExceptionHandlerExceptionResolver : ControllerAdvice beans: 0 @ExceptionHandler, 1 ResponseBodyAdvice
2026-06-19T21:20:09.714-06:00  INFO 11759 --- [restartedMain] .w.s.a.s.AnnotationActionEndpointMapping : Supporting [WS-Addressing August 2004, WS-Addressing 1.0]
2026-06-19T21:20:09.733-06:00  INFO 11759 --- [restartedMain] o.s.b.d.a.OptionalLiveReloadServer       : LiveReload server is running on port 35729
2026-06-19T21:20:09.745-06:00  INFO 11759 --- [restartedMain] o.s.m.s.b.SimpleBrokerMessageHandler     : Starting...
2026-06-19T21:20:09.745-06:00  INFO 11759 --- [restartedMain] o.s.m.s.b.SimpleBrokerMessageHandler     : BrokerAvailabilityEvent[available=true, SimpleBrokerMessageHandler [org.springframework.messaging.simp.broker.DefaultSubscriptionRegistry@1b3e981d]]
2026-06-19T21:20:09.746-06:00  INFO 11759 --- [restartedMain] o.s.m.s.b.SimpleBrokerMessageHandler     : Started.
2026-06-19T21:20:09.754-06:00  INFO 11759 --- [restartedMain] o.s.b.w.embedded.tomcat.TomcatWebServer  : Tomcat started on port 8080 (http) with context path '/'
2026-06-19T21:20:09.759-06:00  INFO 11759 --- [restartedMain] c.a.w.WebAppAsistenciaApplication        : Started WebAppAsistenciaApplication in 11.187 seconds (process running for 11.408)
2026-06-19T21:20:15.478-06:00  INFO 11759 --- [http-nio-0.0.0.0-8080-exec-1] o.a.c.c.C.[Tomcat].[localhost].[/]       : Initializing Spring DispatcherServlet 'dispatcherServlet'
2026-06-19T21:20:15.478-06:00  INFO 11759 --- [http-nio-0.0.0.0-8080-exec-1] o.s.web.servlet.DispatcherServlet        : Initializing Servlet 'dispatcherServlet'
2026-06-19T21:20:15.480-06:00  INFO 11759 --- [http-nio-0.0.0.0-8080-exec-1] o.s.web.servlet.DispatcherServlet        : Completed initialization in 2 ms
2026-06-19T21:20:15.494-06:00 DEBUG 11759 --- [http-nio-0.0.0.0-8080-exec-1] s.w.s.m.m.a.RequestMappingHandlerMapping : Mapped to com.asistencia_el_salvador.web_app_asistencia.controller.UsuarioController#mostrarLogin(Model, HttpSession, String)
2026-06-19T21:20:21.663-06:00 DEBUG 11759 --- [http-nio-0.0.0.0-8080-exec-3] s.w.s.m.m.a.RequestMappingHandlerMapping : Mapped to com.asistencia_el_salvador.web_app_asistencia.controller.UsuarioController#login(String, String, HttpSession, String, HttpServletRequest, Model)
2026-06-19T21:20:23.055-06:00 DEBUG 11759 --- [http-nio-0.0.0.0-8080-exec-4] s.w.s.m.m.a.RequestMappingHandlerMapping : Mapped to com.asistencia_el_salvador.web_app_asistencia.controller.DashboardController#mostrarDashboard(HttpSession, Model)
2026-06-19T21:20:26.318-06:00 DEBUG 11759 --- [http-nio-0.0.0.0-8080-exec-7] s.w.s.m.m.a.RequestMappingHandlerMapping : Mapped to com.asistencia_el_salvador.web_app_asistencia.controller.ComercioAfiliadoController#mostrarComercios(HttpSession, Model)
2026-06-19T21:20:29.041-06:00 DEBUG 11759 --- [http-nio-0.0.0.0-8080-exec-10] s.w.s.m.m.a.RequestMappingHandlerMapping : Mapped to com.asistencia_el_salvador.web_app_asistencia.controller.EmpresaAfiliadaController#listarPromocionesCliente(String, Model, HttpSession)
2026-06-19T21:20:42.422-06:00 DEBUG 11759 --- [http-nio-0.0.0.0-8080-exec-3] s.w.s.m.m.a.RequestMappingHandlerMapping : Mapped to com.asistencia_el_salvador.web_app_asistencia.controller.UsuarioController#mostrarLogin(Model, HttpSession, String)
2026-06-19T21:21:03.491-06:00  INFO 11759 --- [SpringApplicationShutdownHook] o.s.b.w.e.tomcat.GracefulShutdown        : Commencing graceful shutdown. Waiting for active requests to complete
2026-06-19T21:21:03.500-06:00  INFO 11759 --- [tomcat-shutdown] o.s.b.w.e.tomcat.GracefulShutdown        : Graceful shutdown complete
2026-06-19T21:21:03.503-06:00  INFO 11759 --- [SpringApplicationShutdownHook] o.s.m.s.b.SimpleBrokerMessageHandler     : Stopping...
2026-06-19T21:21:03.503-06:00  INFO 11759 --- [SpringApplicationShutdownHook] o.s.m.s.b.SimpleBrokerMessageHandler     : BrokerAvailabilityEvent[available=false, SimpleBrokerMessageHandler [org.springframework.messaging.simp.broker.DefaultSubscriptionRegistry@1b3e981d]]
2026-06-19T21:21:03.503-06:00  INFO 11759 --- [SpringApplicationShutdownHook] o.s.m.s.b.SimpleBrokerMessageHandler     : Stopped.
2026-06-19T21:21:03.516-06:00  INFO 11759 --- [SpringApplicationShutdownHook] j.LocalContainerEntityManagerFactoryBean : Closing JPA EntityManagerFactory for persistence unit 'default'
2026-06-19T21:21:03.523-06:00  INFO 11759 --- [SpringApplicationShutdownHook] com.zaxxer.hikari.HikariDataSource       : HikariPool-1 - Shutdown initiated...
2026-06-19T21:21:03.603-06:00  INFO 11759 --- [SpringApplicationShutdownHook] com.zaxxer.hikari.HikariDataSource       : HikariPool-1 - Shutdown completed.
2026-06-19T21:21:10.189-06:00  INFO 11909 --- [main] c.a.w.WebAppAsistenciaApplicationTests   : Starting WebAppAsistenciaApplicationTests using Java 21.0.5 with PID 11909 (started by rcastro in /Users/rcastro/Documents/ProyectosSpring/WebAppAsistencia)
2026-06-19T21:21:10.190-06:00  INFO 11909 --- [main] c.a.w.WebAppAsistenciaApplicationTests   : No active profile set, falling back to 1 default profile: "default"
2026-06-19T21:21:10.605-06:00  INFO 11909 --- [main] .s.d.r.c.RepositoryConfigurationDelegate : Bootstrapping Spring Data JPA repositories in DEFAULT mode.
2026-06-19T21:21:10.687-06:00  INFO 11909 --- [main] .s.d.r.c.RepositoryConfigurationDelegate : Finished Spring Data repository scanning in 78 ms. Found 73 JPA repository interfaces.
2026-06-19T21:21:11.036-06:00  INFO 11909 --- [main] o.hibernate.jpa.internal.util.LogHelper  : HHH000204: Processing PersistenceUnitInfo [name: default]
2026-06-19T21:21:11.058-06:00  INFO 11909 --- [main] org.hibernate.Version                    : HHH000412: Hibernate ORM core version 6.6.22.Final
2026-06-19T21:21:11.071-06:00  INFO 11909 --- [main] o.h.c.internal.RegionFactoryInitiator    : HHH000026: Second-level cache disabled
2026-06-19T21:21:11.184-06:00  INFO 11909 --- [main] o.s.o.j.p.SpringPersistenceUnitInfo      : No LoadTimeWeaver setup: ignoring JPA class transformer
2026-06-19T21:21:11.198-06:00  INFO 11909 --- [main] com.zaxxer.hikari.HikariDataSource       : HikariPool-1 - Starting...
2026-06-19T21:21:12.450-06:00  INFO 11909 --- [main] com.zaxxer.hikari.pool.HikariPool        : HikariPool-1 - Added connection com.mysql.cj.jdbc.ConnectionImpl@40b01718
2026-06-19T21:21:12.452-06:00  INFO 11909 --- [main] com.zaxxer.hikari.HikariDataSource       : HikariPool-1 - Start completed.
2026-06-19T21:21:12.563-06:00  WARN 11909 --- [main] org.hibernate.orm.deprecation            : HHH90000025: MySQL8Dialect does not need to be specified explicitly using 'hibernate.dialect' (remove the property setting and it will be selected by default)
2026-06-19T21:21:12.564-06:00  WARN 11909 --- [main] org.hibernate.orm.deprecation            : HHH90000026: MySQL8Dialect has been deprecated; use org.hibernate.dialect.MySQLDialect instead
2026-06-19T21:21:12.575-06:00  INFO 11909 --- [main] org.hibernate.orm.connections.pooling    : HHH10001005: Database info:
	Database JDBC URL [Connecting through datasource 'HikariDataSource (HikariPool-1)']
	Database driver: undefined/unknown
	Database version: 8.0
	Autocommit mode: undefined/unknown
	Isolation level: undefined/unknown
	Minimum pool size: undefined/unknown
	Maximum pool size: undefined/unknown
2026-06-19T21:21:12.844-06:00  WARN 11909 --- [main] org.hibernate.mapping.RootClass          : HHH000038: Composite-id class does not override equals(): com.asistencia_el_salvador.web_app_asistencia.model.UsuarioComercioPK
2026-06-19T21:21:12.844-06:00  WARN 11909 --- [main] org.hibernate.mapping.RootClass          : HHH000039: Composite-id class does not override hashCode(): com.asistencia_el_salvador.web_app_asistencia.model.UsuarioComercioPK
2026-06-19T21:21:13.404-06:00  INFO 11909 --- [main] o.h.e.t.j.p.i.JtaPlatformInitiator       : HHH000489: No JTA platform available (set 'hibernate.transaction.jta.platform' to enable JTA platform integration)
2026-06-19T21:21:13.405-06:00  INFO 11909 --- [main] j.LocalContainerEntityManagerFactoryBean : Initialized JPA EntityManagerFactory for persistence unit 'default'
2026-06-19T21:21:13.510-06:00  INFO 11909 --- [main] o.s.d.j.r.query.QueryEnhancerFactory     : Hibernate is in classpath; If applicable, HQL parser will be used.
2026-06-19T21:21:15.759-06:00  WARN 11909 --- [main] JpaBaseConfiguration$JpaWebConfiguration : spring.jpa.open-in-view is enabled by default. Therefore, database queries may be performed during view rendering. Explicitly configure spring.jpa.open-in-view to disable this warning
2026-06-19T21:21:15.864-06:00 DEBUG 11909 --- [main] s.w.s.m.m.a.RequestMappingHandlerMapping : 332 mappings in 'requestMappingHandlerMapping'
2026-06-19T21:21:15.907-06:00  WARN 11909 --- [main] .s.s.UserDetailsServiceAutoConfiguration : 

Using generated security password: 777db13e-24ff-4afa-9a0d-97b569ff3fbd

This generated password is for development use only. Your security configuration must be updated before running your application in production.

2026-06-19T21:21:15.911-06:00  INFO 11909 --- [main] r$InitializeUserDetailsManagerConfigurer : Global AuthenticationManager configured with UserDetailsService bean with name inMemoryUserDetailsManager
2026-06-19T21:21:16.045-06:00 DEBUG 11909 --- [main] s.w.s.m.m.a.RequestMappingHandlerAdapter : ControllerAdvice beans: 0 @ModelAttribute, 0 @InitBinder, 1 RequestBodyAdvice, 1 ResponseBodyAdvice
2026-06-19T21:21:16.068-06:00 DEBUG 11909 --- [main] .m.m.a.ExceptionHandlerExceptionResolver : ControllerAdvice beans: 0 @ExceptionHandler, 1 ResponseBodyAdvice
2026-06-19T21:21:16.153-06:00  INFO 11909 --- [main] .w.s.a.s.AnnotationActionEndpointMapping : Supporting [WS-Addressing August 2004, WS-Addressing 1.0]
2026-06-19T21:21:16.171-06:00  INFO 11909 --- [main] o.s.m.s.b.SimpleBrokerMessageHandler     : Starting...
2026-06-19T21:21:16.171-06:00  INFO 11909 --- [main] o.s.m.s.b.SimpleBrokerMessageHandler     : BrokerAvailabilityEvent[available=true, SimpleBrokerMessageHandler [org.springframework.messaging.simp.broker.DefaultSubscriptionRegistry@2b09b5c6]]
2026-06-19T21:21:16.171-06:00  INFO 11909 --- [main] o.s.m.s.b.SimpleBrokerMessageHandler     : Started.
2026-06-19T21:21:16.176-06:00  INFO 11909 --- [main] c.a.w.WebAppAsistenciaApplicationTests   : Started WebAppAsistenciaApplicationTests in 6.139 seconds (process running for 6.591)
2026-06-19T21:21:16.489-06:00  INFO 11909 --- [SpringApplicationShutdownHook] o.s.m.s.b.SimpleBrokerMessageHandler     : Stopping...
2026-06-19T21:21:16.490-06:00  INFO 11909 --- [SpringApplicationShutdownHook] o.s.m.s.b.SimpleBrokerMessageHandler     : BrokerAvailabilityEvent[available=false, SimpleBrokerMessageHandler [org.springframework.messaging.simp.broker.DefaultSubscriptionRegistry@2b09b5c6]]
2026-06-19T21:21:16.490-06:00  INFO 11909 --- [SpringApplicationShutdownHook] o.s.m.s.b.SimpleBrokerMessageHandler     : Stopped.
2026-06-19T21:21:16.499-06:00  INFO 11909 --- [SpringApplicationShutdownHook] j.LocalContainerEntityManagerFactoryBean : Closing JPA EntityManagerFactory for persistence unit 'default'
2026-06-19T21:21:16.500-06:00  INFO 11909 --- [SpringApplicationShutdownHook] com.zaxxer.hikari.HikariDataSource       : HikariPool-1 - Shutdown initiated...
2026-06-19T21:21:16.858-06:00  INFO 11909 --- [SpringApplicationShutdownHook] com.zaxxer.hikari.HikariDataSource       : HikariPool-1 - Shutdown completed.
2026-06-19T21:21:20.243-06:00  INFO 12042 --- [restartedMain] c.a.w.WebAppAsistenciaApplication        : Starting WebAppAsistenciaApplication using Java 21.0.5 with PID 12042 (/Users/rcastro/Documents/ProyectosSpring/WebAppAsistencia/target/classes started by rcastro in /Users/rcastro/Documents/ProyectosSpring/WebAppAsistencia)
2026-06-19T21:21:20.244-06:00  INFO 12042 --- [restartedMain] c.a.w.WebAppAsistenciaApplication        : No active profile set, falling back to 1 default profile: "default"
2026-06-19T21:21:20.266-06:00  INFO 12042 --- [restartedMain] .e.DevToolsPropertyDefaultsPostProcessor : Devtools property defaults active! Set 'spring.devtools.add-properties' to 'false' to disable
2026-06-19T21:21:20.266-06:00  INFO 12042 --- [restartedMain] .e.DevToolsPropertyDefaultsPostProcessor : For additional web related logging consider setting the 'logging.level.web' property to 'DEBUG'
2026-06-19T21:21:20.700-06:00  INFO 12042 --- [restartedMain] .s.d.r.c.RepositoryConfigurationDelegate : Bootstrapping Spring Data JPA repositories in DEFAULT mode.
2026-06-19T21:21:20.804-06:00  INFO 12042 --- [restartedMain] .s.d.r.c.RepositoryConfigurationDelegate : Finished Spring Data repository scanning in 99 ms. Found 73 JPA repository interfaces.
2026-06-19T21:21:21.253-06:00  INFO 12042 --- [restartedMain] o.s.b.w.embedded.tomcat.TomcatWebServer  : Tomcat initialized with port 8080 (http)
2026-06-19T21:21:21.263-06:00  INFO 12042 --- [restartedMain] o.apache.catalina.core.StandardService   : Starting service [Tomcat]
2026-06-19T21:21:21.263-06:00  INFO 12042 --- [restartedMain] o.apache.catalina.core.StandardEngine    : Starting Servlet engine: [Apache Tomcat/10.1.43]
2026-06-19T21:21:21.288-06:00  INFO 12042 --- [restartedMain] o.a.c.c.C.[Tomcat].[localhost].[/]       : Initializing Spring embedded WebApplicationContext
2026-06-19T21:21:21.290-06:00  INFO 12042 --- [restartedMain] w.s.c.ServletWebServerApplicationContext : Root WebApplicationContext: initialization completed in 1024 ms
2026-06-19T21:21:21.392-06:00  INFO 12042 --- [restartedMain] o.hibernate.jpa.internal.util.LogHelper  : HHH000204: Processing PersistenceUnitInfo [name: default]
2026-06-19T21:21:21.413-06:00  INFO 12042 --- [restartedMain] org.hibernate.Version                    : HHH000412: Hibernate ORM core version 6.6.22.Final
2026-06-19T21:21:21.426-06:00  INFO 12042 --- [restartedMain] o.h.c.internal.RegionFactoryInitiator    : HHH000026: Second-level cache disabled
2026-06-19T21:21:21.555-06:00  INFO 12042 --- [restartedMain] o.s.o.j.p.SpringPersistenceUnitInfo      : No LoadTimeWeaver setup: ignoring JPA class transformer
2026-06-19T21:21:21.568-06:00  INFO 12042 --- [restartedMain] com.zaxxer.hikari.HikariDataSource       : HikariPool-1 - Starting...
2026-06-19T21:21:22.702-06:00  INFO 12042 --- [restartedMain] com.zaxxer.hikari.pool.HikariPool        : HikariPool-1 - Added connection com.mysql.cj.jdbc.ConnectionImpl@2ee53906
2026-06-19T21:21:22.706-06:00  INFO 12042 --- [restartedMain] com.zaxxer.hikari.HikariDataSource       : HikariPool-1 - Start completed.
2026-06-19T21:21:22.820-06:00  WARN 12042 --- [restartedMain] org.hibernate.orm.deprecation            : HHH90000025: MySQL8Dialect does not need to be specified explicitly using 'hibernate.dialect' (remove the property setting and it will be selected by default)
2026-06-19T21:21:22.821-06:00  WARN 12042 --- [restartedMain] org.hibernate.orm.deprecation            : HHH90000026: MySQL8Dialect has been deprecated; use org.hibernate.dialect.MySQLDialect instead
2026-06-19T21:21:22.830-06:00  INFO 12042 --- [restartedMain] org.hibernate.orm.connections.pooling    : HHH10001005: Database info:
	Database JDBC URL [Connecting through datasource 'HikariDataSource (HikariPool-1)']
	Database driver: undefined/unknown
	Database version: 8.0
	Autocommit mode: undefined/unknown
	Isolation level: undefined/unknown
	Minimum pool size: undefined/unknown
	Maximum pool size: undefined/unknown
2026-06-19T21:21:23.101-06:00  WARN 12042 --- [restartedMain] org.hibernate.mapping.RootClass          : HHH000038: Composite-id class does not override equals(): com.asistencia_el_salvador.web_app_asistencia.model.UsuarioComercioPK
2026-06-19T21:21:23.102-06:00  WARN 12042 --- [restartedMain] org.hibernate.mapping.RootClass          : HHH000039: Composite-id class does not override hashCode(): com.asistencia_el_salvador.web_app_asistencia.model.UsuarioComercioPK
2026-06-19T21:21:23.615-06:00  INFO 12042 --- [restartedMain] o.h.e.t.j.p.i.JtaPlatformInitiator       : HHH000489: No JTA platform available (set 'hibernate.transaction.jta.platform' to enable JTA platform integration)
2026-06-19T21:21:23.616-06:00  INFO 12042 --- [restartedMain] j.LocalContainerEntityManagerFactoryBean : Initialized JPA EntityManagerFactory for persistence unit 'default'
2026-06-19T21:21:23.745-06:00  INFO 12042 --- [restartedMain] o.s.d.j.r.query.QueryEnhancerFactory     : Hibernate is in classpath; If applicable, HQL parser will be used.
2026-06-19T21:21:25.882-06:00  WARN 12042 --- [restartedMain] JpaBaseConfiguration$JpaWebConfiguration : spring.jpa.open-in-view is enabled by default. Therefore, database queries may be performed during view rendering. Explicitly configure spring.jpa.open-in-view to disable this warning
2026-06-19T21:21:25.996-06:00 DEBUG 12042 --- [restartedMain] s.w.s.m.m.a.RequestMappingHandlerMapping : 332 mappings in 'requestMappingHandlerMapping'
2026-06-19T21:21:26.023-06:00  WARN 12042 --- [restartedMain] .s.s.UserDetailsServiceAutoConfiguration : 

Using generated security password: 12ebc4e0-5f40-46f3-a4ef-66c79ab2e6ec

This generated password is for development use only. Your security configuration must be updated before running your application in production.

2026-06-19T21:21:26.027-06:00  INFO 12042 --- [restartedMain] r$InitializeUserDetailsManagerConfigurer : Global AuthenticationManager configured with UserDetailsService bean with name inMemoryUserDetailsManager
2026-06-19T21:21:26.132-06:00 DEBUG 12042 --- [restartedMain] s.w.s.m.m.a.RequestMappingHandlerAdapter : ControllerAdvice beans: 0 @ModelAttribute, 0 @InitBinder, 1 RequestBodyAdvice, 1 ResponseBodyAdvice
2026-06-19T21:21:26.158-06:00 DEBUG 12042 --- [restartedMain] .m.m.a.ExceptionHandlerExceptionResolver : ControllerAdvice beans: 0 @ExceptionHandler, 1 ResponseBodyAdvice
2026-06-19T21:21:26.243-06:00  INFO 12042 --- [restartedMain] .w.s.a.s.AnnotationActionEndpointMapping : Supporting [WS-Addressing August 2004, WS-Addressing 1.0]
2026-06-19T21:21:26.263-06:00  INFO 12042 --- [restartedMain] o.s.b.d.a.OptionalLiveReloadServer       : LiveReload server is running on port 35729
2026-06-19T21:21:26.280-06:00  INFO 12042 --- [restartedMain] o.s.m.s.b.SimpleBrokerMessageHandler     : Starting...
2026-06-19T21:21:26.281-06:00  INFO 12042 --- [restartedMain] o.s.m.s.b.SimpleBrokerMessageHandler     : BrokerAvailabilityEvent[available=true, SimpleBrokerMessageHandler [org.springframework.messaging.simp.broker.DefaultSubscriptionRegistry@3c90ac50]]
2026-06-19T21:21:26.281-06:00  INFO 12042 --- [restartedMain] o.s.m.s.b.SimpleBrokerMessageHandler     : Started.
2026-06-19T21:21:26.289-06:00  INFO 12042 --- [restartedMain] o.s.b.w.embedded.tomcat.TomcatWebServer  : Tomcat started on port 8080 (http) with context path '/'
2026-06-19T21:21:26.294-06:00  INFO 12042 --- [restartedMain] c.a.w.WebAppAsistenciaApplication        : Started WebAppAsistenciaApplication in 6.26 seconds (process running for 6.485)
2026-06-19T21:21:57.709-06:00  INFO 12042 --- [http-nio-0.0.0.0-8080-exec-1] o.a.c.c.C.[Tomcat].[localhost].[/]       : Initializing Spring DispatcherServlet 'dispatcherServlet'
2026-06-19T21:21:57.710-06:00  INFO 12042 --- [http-nio-0.0.0.0-8080-exec-1] o.s.web.servlet.DispatcherServlet        : Initializing Servlet 'dispatcherServlet'
2026-06-19T21:21:57.711-06:00  INFO 12042 --- [http-nio-0.0.0.0-8080-exec-1] o.s.web.servlet.DispatcherServlet        : Completed initialization in 1 ms
2026-06-19T21:21:57.727-06:00 DEBUG 12042 --- [http-nio-0.0.0.0-8080-exec-1] s.w.s.m.m.a.RequestMappingHandlerMapping : Mapped to com.asistencia_el_salvador.web_app_asistencia.controller.UsuarioController#login(String, String, HttpSession, String, HttpServletRequest, Model)
2026-06-19T21:21:58.983-06:00 DEBUG 12042 --- [http-nio-0.0.0.0-8080-exec-2] s.w.s.m.m.a.RequestMappingHandlerMapping : Mapped to com.asistencia_el_salvador.web_app_asistencia.controller.DashboardController#mostrarDashboard(HttpSession, Model)
2026-06-19T21:22:01.914-06:00 DEBUG 12042 --- [http-nio-0.0.0.0-8080-exec-5] s.w.s.m.m.a.RequestMappingHandlerMapping : Mapped to com.asistencia_el_salvador.web_app_asistencia.controller.ComercioAfiliadoController#mostrarComercios(HttpSession, Model)
2026-06-19T21:22:04.643-06:00 DEBUG 12042 --- [http-nio-0.0.0.0-8080-exec-8] s.w.s.m.m.a.RequestMappingHandlerMapping : Mapped to com.asistencia_el_salvador.web_app_asistencia.controller.EmpresaAfiliadaController#listarPromocionesCliente(String, Model, HttpSession)
2026-06-19T21:22:26.291-06:00  INFO 12042 --- [MessageBroker-1] o.s.w.s.c.WebSocketMessageBrokerStats    : WebSocketSession[0 current WS(0)-HttpStream(0)-HttpPoll(0), 0 total, 0 closed abnormally (0 connect failure, 0 send limit, 0 transport error)], stompSubProtocol[processed CONNECT(0)-CONNECTED(0)-DISCONNECT(0)], stompBrokerRelay[null], inboundChannel[pool size = 0, active threads = 0, queued tasks = 0, completed tasks = 0], outboundChannel[pool size = 0, active threads = 0, queued tasks = 0, completed tasks = 0], sockJsScheduler[pool size = 1, active threads = 1, queued tasks = 0, completed tasks = 0]
2026-06-19T21:29:45.974-06:00  INFO 12042 --- [SpringApplicationShutdownHook] o.s.b.w.e.tomcat.GracefulShutdown        : Commencing graceful shutdown. Waiting for active requests to complete
2026-06-19T21:29:45.980-06:00  INFO 12042 --- [tomcat-shutdown] o.s.b.w.e.tomcat.GracefulShutdown        : Graceful shutdown complete
2026-06-19T21:29:45.982-06:00  INFO 12042 --- [SpringApplicationShutdownHook] o.s.m.s.b.SimpleBrokerMessageHandler     : Stopping...
2026-06-19T21:29:45.982-06:00  INFO 12042 --- [SpringApplicationShutdownHook] o.s.m.s.b.SimpleBrokerMessageHandler     : BrokerAvailabilityEvent[available=false, SimpleBrokerMessageHandler [org.springframework.messaging.simp.broker.DefaultSubscriptionRegistry@3c90ac50]]
2026-06-19T21:29:45.983-06:00  INFO 12042 --- [SpringApplicationShutdownHook] o.s.m.s.b.SimpleBrokerMessageHandler     : Stopped.
2026-06-19T21:29:45.995-06:00  INFO 12042 --- [SpringApplicationShutdownHook] j.LocalContainerEntityManagerFactoryBean : Closing JPA EntityManagerFactory for persistence unit 'default'
2026-06-19T21:29:46.001-06:00  INFO 12042 --- [SpringApplicationShutdownHook] com.zaxxer.hikari.HikariDataSource       : HikariPool-1 - Shutdown initiated...
2026-06-19T21:29:46.084-06:00  INFO 12042 --- [SpringApplicationShutdownHook] com.zaxxer.hikari.HikariDataSource       : HikariPool-1 - Shutdown completed.
2026-06-19T21:29:51.877-06:00  INFO 12288 --- [main] c.a.w.WebAppAsistenciaApplicationTests   : Starting WebAppAsistenciaApplicationTests using Java 21.0.5 with PID 12288 (started by rcastro in /Users/rcastro/Documents/ProyectosSpring/WebAppAsistencia)
2026-06-19T21:29:51.878-06:00  INFO 12288 --- [main] c.a.w.WebAppAsistenciaApplicationTests   : No active profile set, falling back to 1 default profile: "default"
2026-06-19T21:29:52.274-06:00  INFO 12288 --- [main] .s.d.r.c.RepositoryConfigurationDelegate : Bootstrapping Spring Data JPA repositories in DEFAULT mode.
2026-06-19T21:29:52.354-06:00  INFO 12288 --- [main] .s.d.r.c.RepositoryConfigurationDelegate : Finished Spring Data repository scanning in 75 ms. Found 73 JPA repository interfaces.
2026-06-19T21:29:52.685-06:00  INFO 12288 --- [main] o.hibernate.jpa.internal.util.LogHelper  : HHH000204: Processing PersistenceUnitInfo [name: default]
2026-06-19T21:29:52.705-06:00  INFO 12288 --- [main] org.hibernate.Version                    : HHH000412: Hibernate ORM core version 6.6.22.Final
2026-06-19T21:29:52.718-06:00  INFO 12288 --- [main] o.h.c.internal.RegionFactoryInitiator    : HHH000026: Second-level cache disabled
2026-06-19T21:29:52.840-06:00  INFO 12288 --- [main] o.s.o.j.p.SpringPersistenceUnitInfo      : No LoadTimeWeaver setup: ignoring JPA class transformer
2026-06-19T21:29:52.853-06:00  INFO 12288 --- [main] com.zaxxer.hikari.HikariDataSource       : HikariPool-1 - Starting...
2026-06-19T21:29:54.079-06:00  INFO 12288 --- [main] com.zaxxer.hikari.pool.HikariPool        : HikariPool-1 - Added connection com.mysql.cj.jdbc.ConnectionImpl@740ee00f
2026-06-19T21:29:54.080-06:00  INFO 12288 --- [main] com.zaxxer.hikari.HikariDataSource       : HikariPool-1 - Start completed.
2026-06-19T21:29:54.184-06:00  WARN 12288 --- [main] org.hibernate.orm.deprecation            : HHH90000025: MySQL8Dialect does not need to be specified explicitly using 'hibernate.dialect' (remove the property setting and it will be selected by default)
2026-06-19T21:29:54.185-06:00  WARN 12288 --- [main] org.hibernate.orm.deprecation            : HHH90000026: MySQL8Dialect has been deprecated; use org.hibernate.dialect.MySQLDialect instead
2026-06-19T21:29:54.194-06:00  INFO 12288 --- [main] org.hibernate.orm.connections.pooling    : HHH10001005: Database info:
	Database JDBC URL [Connecting through datasource 'HikariDataSource (HikariPool-1)']
	Database driver: undefined/unknown
	Database version: 8.0
	Autocommit mode: undefined/unknown
	Isolation level: undefined/unknown
	Minimum pool size: undefined/unknown
	Maximum pool size: undefined/unknown
2026-06-19T21:29:54.460-06:00  WARN 12288 --- [main] org.hibernate.mapping.RootClass          : HHH000038: Composite-id class does not override equals(): com.asistencia_el_salvador.web_app_asistencia.model.UsuarioComercioPK
2026-06-19T21:29:54.460-06:00  WARN 12288 --- [main] org.hibernate.mapping.RootClass          : HHH000039: Composite-id class does not override hashCode(): com.asistencia_el_salvador.web_app_asistencia.model.UsuarioComercioPK
2026-06-19T21:29:55.012-06:00  INFO 12288 --- [main] o.h.e.t.j.p.i.JtaPlatformInitiator       : HHH000489: No JTA platform available (set 'hibernate.transaction.jta.platform' to enable JTA platform integration)
2026-06-19T21:29:55.014-06:00  INFO 12288 --- [main] j.LocalContainerEntityManagerFactoryBean : Initialized JPA EntityManagerFactory for persistence unit 'default'
2026-06-19T21:29:55.143-06:00  INFO 12288 --- [main] o.s.d.j.r.query.QueryEnhancerFactory     : Hibernate is in classpath; If applicable, HQL parser will be used.
2026-06-19T21:29:57.574-06:00  WARN 12288 --- [main] JpaBaseConfiguration$JpaWebConfiguration : spring.jpa.open-in-view is enabled by default. Therefore, database queries may be performed during view rendering. Explicitly configure spring.jpa.open-in-view to disable this warning
2026-06-19T21:29:57.684-06:00 DEBUG 12288 --- [main] s.w.s.m.m.a.RequestMappingHandlerMapping : 332 mappings in 'requestMappingHandlerMapping'
2026-06-19T21:29:57.728-06:00  WARN 12288 --- [main] .s.s.UserDetailsServiceAutoConfiguration : 

Using generated security password: 9820b5c4-e768-4713-9210-25532f449bd0

This generated password is for development use only. Your security configuration must be updated before running your application in production.

2026-06-19T21:29:57.732-06:00  INFO 12288 --- [main] r$InitializeUserDetailsManagerConfigurer : Global AuthenticationManager configured with UserDetailsService bean with name inMemoryUserDetailsManager
2026-06-19T21:29:57.858-06:00 DEBUG 12288 --- [main] s.w.s.m.m.a.RequestMappingHandlerAdapter : ControllerAdvice beans: 0 @ModelAttribute, 0 @InitBinder, 1 RequestBodyAdvice, 1 ResponseBodyAdvice
2026-06-19T21:29:57.880-06:00 DEBUG 12288 --- [main] .m.m.a.ExceptionHandlerExceptionResolver : ControllerAdvice beans: 0 @ExceptionHandler, 1 ResponseBodyAdvice
2026-06-19T21:29:57.980-06:00  INFO 12288 --- [main] .w.s.a.s.AnnotationActionEndpointMapping : Supporting [WS-Addressing August 2004, WS-Addressing 1.0]
2026-06-19T21:29:57.998-06:00  INFO 12288 --- [main] o.s.m.s.b.SimpleBrokerMessageHandler     : Starting...
2026-06-19T21:29:57.998-06:00  INFO 12288 --- [main] o.s.m.s.b.SimpleBrokerMessageHandler     : BrokerAvailabilityEvent[available=true, SimpleBrokerMessageHandler [org.springframework.messaging.simp.broker.DefaultSubscriptionRegistry@1e5a0804]]
2026-06-19T21:29:57.998-06:00  INFO 12288 --- [main] o.s.m.s.b.SimpleBrokerMessageHandler     : Started.
2026-06-19T21:29:58.003-06:00  INFO 12288 --- [main] c.a.w.WebAppAsistenciaApplicationTests   : Started WebAppAsistenciaApplicationTests in 6.27 seconds (process running for 6.714)
2026-06-19T21:29:58.307-06:00  INFO 12288 --- [SpringApplicationShutdownHook] o.s.m.s.b.SimpleBrokerMessageHandler     : Stopping...
2026-06-19T21:29:58.307-06:00  INFO 12288 --- [SpringApplicationShutdownHook] o.s.m.s.b.SimpleBrokerMessageHandler     : BrokerAvailabilityEvent[available=false, SimpleBrokerMessageHandler [org.springframework.messaging.simp.broker.DefaultSubscriptionRegistry@1e5a0804]]
2026-06-19T21:29:58.307-06:00  INFO 12288 --- [SpringApplicationShutdownHook] o.s.m.s.b.SimpleBrokerMessageHandler     : Stopped.
2026-06-19T21:29:58.316-06:00  INFO 12288 --- [SpringApplicationShutdownHook] j.LocalContainerEntityManagerFactoryBean : Closing JPA EntityManagerFactory for persistence unit 'default'
2026-06-19T21:29:58.317-06:00  INFO 12288 --- [SpringApplicationShutdownHook] com.zaxxer.hikari.HikariDataSource       : HikariPool-1 - Shutdown initiated...
2026-06-19T21:29:58.580-06:00  INFO 12288 --- [SpringApplicationShutdownHook] com.zaxxer.hikari.HikariDataSource       : HikariPool-1 - Shutdown completed.
2026-06-19T21:30:01.977-06:00  INFO 12424 --- [restartedMain] c.a.w.WebAppAsistenciaApplication        : Starting WebAppAsistenciaApplication using Java 21.0.5 with PID 12424 (/Users/rcastro/Documents/ProyectosSpring/WebAppAsistencia/target/classes started by rcastro in /Users/rcastro/Documents/ProyectosSpring/WebAppAsistencia)
2026-06-19T21:30:01.978-06:00  INFO 12424 --- [restartedMain] c.a.w.WebAppAsistenciaApplication        : No active profile set, falling back to 1 default profile: "default"
2026-06-19T21:30:02.000-06:00  INFO 12424 --- [restartedMain] .e.DevToolsPropertyDefaultsPostProcessor : Devtools property defaults active! Set 'spring.devtools.add-properties' to 'false' to disable
2026-06-19T21:30:02.000-06:00  INFO 12424 --- [restartedMain] .e.DevToolsPropertyDefaultsPostProcessor : For additional web related logging consider setting the 'logging.level.web' property to 'DEBUG'
2026-06-19T21:30:02.433-06:00  INFO 12424 --- [restartedMain] .s.d.r.c.RepositoryConfigurationDelegate : Bootstrapping Spring Data JPA repositories in DEFAULT mode.
2026-06-19T21:30:02.527-06:00  INFO 12424 --- [restartedMain] .s.d.r.c.RepositoryConfigurationDelegate : Finished Spring Data repository scanning in 89 ms. Found 73 JPA repository interfaces.
2026-06-19T21:30:02.975-06:00  INFO 12424 --- [restartedMain] o.s.b.w.embedded.tomcat.TomcatWebServer  : Tomcat initialized with port 8080 (http)
2026-06-19T21:30:02.986-06:00  INFO 12424 --- [restartedMain] o.apache.catalina.core.StandardService   : Starting service [Tomcat]
2026-06-19T21:30:02.986-06:00  INFO 12424 --- [restartedMain] o.apache.catalina.core.StandardEngine    : Starting Servlet engine: [Apache Tomcat/10.1.43]
2026-06-19T21:30:03.011-06:00  INFO 12424 --- [restartedMain] o.a.c.c.C.[Tomcat].[localhost].[/]       : Initializing Spring embedded WebApplicationContext
2026-06-19T21:30:03.011-06:00  INFO 12424 --- [restartedMain] w.s.c.ServletWebServerApplicationContext : Root WebApplicationContext: initialization completed in 1011 ms
2026-06-19T21:30:03.105-06:00  INFO 12424 --- [restartedMain] o.hibernate.jpa.internal.util.LogHelper  : HHH000204: Processing PersistenceUnitInfo [name: default]
2026-06-19T21:30:03.124-06:00  INFO 12424 --- [restartedMain] org.hibernate.Version                    : HHH000412: Hibernate ORM core version 6.6.22.Final
2026-06-19T21:30:03.137-06:00  INFO 12424 --- [restartedMain] o.h.c.internal.RegionFactoryInitiator    : HHH000026: Second-level cache disabled
2026-06-19T21:30:03.258-06:00  INFO 12424 --- [restartedMain] o.s.o.j.p.SpringPersistenceUnitInfo      : No LoadTimeWeaver setup: ignoring JPA class transformer
2026-06-19T21:30:03.270-06:00  INFO 12424 --- [restartedMain] com.zaxxer.hikari.HikariDataSource       : HikariPool-1 - Starting...
2026-06-19T21:30:04.354-06:00  INFO 12424 --- [restartedMain] com.zaxxer.hikari.pool.HikariPool        : HikariPool-1 - Added connection com.mysql.cj.jdbc.ConnectionImpl@1a3e81d2
2026-06-19T21:30:04.358-06:00  INFO 12424 --- [restartedMain] com.zaxxer.hikari.HikariDataSource       : HikariPool-1 - Start completed.
2026-06-19T21:30:04.467-06:00  WARN 12424 --- [restartedMain] org.hibernate.orm.deprecation            : HHH90000025: MySQL8Dialect does not need to be specified explicitly using 'hibernate.dialect' (remove the property setting and it will be selected by default)
2026-06-19T21:30:04.467-06:00  WARN 12424 --- [restartedMain] org.hibernate.orm.deprecation            : HHH90000026: MySQL8Dialect has been deprecated; use org.hibernate.dialect.MySQLDialect instead
2026-06-19T21:30:04.477-06:00  INFO 12424 --- [restartedMain] org.hibernate.orm.connections.pooling    : HHH10001005: Database info:
	Database JDBC URL [Connecting through datasource 'HikariDataSource (HikariPool-1)']
	Database driver: undefined/unknown
	Database version: 8.0
	Autocommit mode: undefined/unknown
	Isolation level: undefined/unknown
	Minimum pool size: undefined/unknown
	Maximum pool size: undefined/unknown
2026-06-19T21:30:04.770-06:00  WARN 12424 --- [restartedMain] org.hibernate.mapping.RootClass          : HHH000038: Composite-id class does not override equals(): com.asistencia_el_salvador.web_app_asistencia.model.UsuarioComercioPK
2026-06-19T21:30:04.770-06:00  WARN 12424 --- [restartedMain] org.hibernate.mapping.RootClass          : HHH000039: Composite-id class does not override hashCode(): com.asistencia_el_salvador.web_app_asistencia.model.UsuarioComercioPK
2026-06-19T21:30:05.293-06:00  INFO 12424 --- [restartedMain] o.h.e.t.j.p.i.JtaPlatformInitiator       : HHH000489: No JTA platform available (set 'hibernate.transaction.jta.platform' to enable JTA platform integration)
2026-06-19T21:30:05.294-06:00  INFO 12424 --- [restartedMain] j.LocalContainerEntityManagerFactoryBean : Initialized JPA EntityManagerFactory for persistence unit 'default'
2026-06-19T21:30:05.422-06:00  INFO 12424 --- [restartedMain] o.s.d.j.r.query.QueryEnhancerFactory     : Hibernate is in classpath; If applicable, HQL parser will be used.
2026-06-19T21:30:07.652-06:00  WARN 12424 --- [restartedMain] JpaBaseConfiguration$JpaWebConfiguration : spring.jpa.open-in-view is enabled by default. Therefore, database queries may be performed during view rendering. Explicitly configure spring.jpa.open-in-view to disable this warning
2026-06-19T21:30:07.756-06:00 DEBUG 12424 --- [restartedMain] s.w.s.m.m.a.RequestMappingHandlerMapping : 332 mappings in 'requestMappingHandlerMapping'
2026-06-19T21:30:07.783-06:00  WARN 12424 --- [restartedMain] .s.s.UserDetailsServiceAutoConfiguration : 

Using generated security password: a6a16c40-25d1-4596-9a3c-94ae40c0bc7c

This generated password is for development use only. Your security configuration must be updated before running your application in production.

2026-06-19T21:30:07.786-06:00  INFO 12424 --- [restartedMain] r$InitializeUserDetailsManagerConfigurer : Global AuthenticationManager configured with UserDetailsService bean with name inMemoryUserDetailsManager
2026-06-19T21:30:07.888-06:00 DEBUG 12424 --- [restartedMain] s.w.s.m.m.a.RequestMappingHandlerAdapter : ControllerAdvice beans: 0 @ModelAttribute, 0 @InitBinder, 1 RequestBodyAdvice, 1 ResponseBodyAdvice
2026-06-19T21:30:07.912-06:00 DEBUG 12424 --- [restartedMain] .m.m.a.ExceptionHandlerExceptionResolver : ControllerAdvice beans: 0 @ExceptionHandler, 1 ResponseBodyAdvice
2026-06-19T21:30:07.997-06:00  INFO 12424 --- [restartedMain] .w.s.a.s.AnnotationActionEndpointMapping : Supporting [WS-Addressing August 2004, WS-Addressing 1.0]
2026-06-19T21:30:08.016-06:00  INFO 12424 --- [restartedMain] o.s.b.d.a.OptionalLiveReloadServer       : LiveReload server is running on port 35729
2026-06-19T21:30:08.029-06:00  INFO 12424 --- [restartedMain] o.s.m.s.b.SimpleBrokerMessageHandler     : Starting...
2026-06-19T21:30:08.029-06:00  INFO 12424 --- [restartedMain] o.s.m.s.b.SimpleBrokerMessageHandler     : BrokerAvailabilityEvent[available=true, SimpleBrokerMessageHandler [org.springframework.messaging.simp.broker.DefaultSubscriptionRegistry@1cf1a628]]
2026-06-19T21:30:08.030-06:00  INFO 12424 --- [restartedMain] o.s.m.s.b.SimpleBrokerMessageHandler     : Started.
2026-06-19T21:30:08.037-06:00  INFO 12424 --- [restartedMain] o.s.b.w.embedded.tomcat.TomcatWebServer  : Tomcat started on port 8080 (http) with context path '/'
2026-06-19T21:30:08.042-06:00  INFO 12424 --- [restartedMain] c.a.w.WebAppAsistenciaApplication        : Started WebAppAsistenciaApplication in 6.268 seconds (process running for 6.497)
2026-06-19T21:31:08.038-06:00  INFO 12424 --- [MessageBroker-1] o.s.w.s.c.WebSocketMessageBrokerStats    : WebSocketSession[0 current WS(0)-HttpStream(0)-HttpPoll(0), 0 total, 0 closed abnormally (0 connect failure, 0 send limit, 0 transport error)], stompSubProtocol[processed CONNECT(0)-CONNECTED(0)-DISCONNECT(0)], stompBrokerRelay[null], inboundChannel[pool size = 0, active threads = 0, queued tasks = 0, completed tasks = 0], outboundChannel[pool size = 0, active threads = 0, queued tasks = 0, completed tasks = 0], sockJsScheduler[pool size = 1, active threads = 1, queued tasks = 0, completed tasks = 0]
2026-06-19T21:31:10.742-06:00  INFO 12424 --- [http-nio-0.0.0.0-8080-exec-1] o.a.c.c.C.[Tomcat].[localhost].[/]       : Initializing Spring DispatcherServlet 'dispatcherServlet'
2026-06-19T21:31:10.742-06:00  INFO 12424 --- [http-nio-0.0.0.0-8080-exec-1] o.s.web.servlet.DispatcherServlet        : Initializing Servlet 'dispatcherServlet'
2026-06-19T21:31:10.744-06:00  INFO 12424 --- [http-nio-0.0.0.0-8080-exec-1] o.s.web.servlet.DispatcherServlet        : Completed initialization in 2 ms
2026-06-19T21:31:10.764-06:00 DEBUG 12424 --- [http-nio-0.0.0.0-8080-exec-1] s.w.s.m.m.a.RequestMappingHandlerMapping : Mapped to com.asistencia_el_salvador.web_app_asistencia.controller.UsuarioController#mostrarLogin(Model, HttpSession, String)
2026-06-19T21:31:14.620-06:00 DEBUG 12424 --- [http-nio-0.0.0.0-8080-exec-3] s.w.s.m.m.a.RequestMappingHandlerMapping : Mapped to com.asistencia_el_salvador.web_app_asistencia.controller.UsuarioController#login(String, String, HttpSession, String, HttpServletRequest, Model)
2026-06-19T21:31:16.131-06:00 DEBUG 12424 --- [http-nio-0.0.0.0-8080-exec-4] s.w.s.m.m.a.RequestMappingHandlerMapping : Mapped to com.asistencia_el_salvador.web_app_asistencia.controller.DashboardController#mostrarDashboard(HttpSession, Model)
2026-06-19T21:31:18.866-06:00 DEBUG 12424 --- [http-nio-0.0.0.0-8080-exec-7] s.w.s.m.m.a.RequestMappingHandlerMapping : Mapped to com.asistencia_el_salvador.web_app_asistencia.controller.ComercioAfiliadoController#mostrarComercios(HttpSession, Model)
2026-06-19T21:31:22.715-06:00 DEBUG 12424 --- [http-nio-0.0.0.0-8080-exec-10] s.w.s.m.m.a.RequestMappingHandlerMapping : Mapped to com.asistencia_el_salvador.web_app_asistencia.controller.EmpresaAfiliadaController#listarPromocionesCliente(String, Model, HttpSession)
2026-06-19T21:37:52.432-06:00 DEBUG 12424 --- [http-nio-0.0.0.0-8080-exec-6] s.w.s.m.m.a.RequestMappingHandlerMapping : Mapped to com.asistencia_el_salvador.web_app_asistencia.controller.UsuarioController#mostrarLogin(Model, HttpSession, String)
2026-06-19T21:37:53.311-06:00 DEBUG 12424 --- [http-nio-0.0.0.0-8080-exec-9] s.w.s.m.m.a.RequestMappingHandlerMapping : Mapped to com.asistencia_el_salvador.web_app_asistencia.controller.EmpresaAfiliadaController#listarPromocionesCliente(String, Model, HttpSession)
2026-06-19T21:37:54.410-06:00 DEBUG 12424 --- [http-nio-0.0.0.0-8080-exec-8] s.w.s.m.m.a.RequestMappingHandlerMapping : Mapped to com.asistencia_el_salvador.web_app_asistencia.controller.ComercioAfiliadoController#mostrarComercios(HttpSession, Model)
2026-06-19T21:37:55.496-06:00 DEBUG 12424 --- [http-nio-0.0.0.0-8080-exec-7] s.w.s.m.m.a.RequestMappingHandlerMapping : Mapped to com.asistencia_el_salvador.web_app_asistencia.controller.DashboardController#mostrarDashboard(HttpSession, Model)
2026-06-19T21:37:56.234-06:00 DEBUG 12424 --- [http-nio-0.0.0.0-8080-exec-2] s.w.s.m.m.a.RequestMappingHandlerMapping : Mapped to com.asistencia_el_salvador.web_app_asistencia.controller.UsuarioController#mostrarLogin(Model, HttpSession, String)
2026-06-19T21:37:56.916-06:00 DEBUG 12424 --- [http-nio-0.0.0.0-8080-exec-10] s.w.s.m.m.a.RequestMappingHandlerMapping : Mapped to com.asistencia_el_salvador.web_app_asistencia.controller.EmpresaAfiliadaController#listarPromocionesCliente(String, Model, HttpSession)
2026-06-19T21:37:57.950-06:00 DEBUG 12424 --- [http-nio-0.0.0.0-8080-exec-5] s.w.s.m.m.a.RequestMappingHandlerMapping : Mapped to com.asistencia_el_salvador.web_app_asistencia.controller.ComercioAfiliadoController#mostrarComercios(HttpSession, Model)
2026-06-19T21:38:00.323-06:00 DEBUG 12424 --- [http-nio-0.0.0.0-8080-exec-4] s.w.s.m.m.a.RequestMappingHandlerMapping : Mapped to com.asistencia_el_salvador.web_app_asistencia.controller.DashboardController#mostrarDashboard(HttpSession, Model)
2026-06-19T21:38:01.494-06:00 DEBUG 12424 --- [http-nio-0.0.0.0-8080-exec-3] s.w.s.m.m.a.RequestMappingHandlerMapping : Mapped to com.asistencia_el_salvador.web_app_asistencia.controller.UsuarioController#mostrarLogin(Model, HttpSession, String)
2026-06-19T21:38:02.465-06:00 DEBUG 12424 --- [http-nio-0.0.0.0-8080-exec-6] s.w.s.m.m.a.RequestMappingHandlerMapping : Mapped to com.asistencia_el_salvador.web_app_asistencia.controller.EmpresaAfiliadaController#listarPromocionesCliente(String, Model, HttpSession)
2026-06-19T21:38:03.784-06:00 DEBUG 12424 --- [http-nio-0.0.0.0-8080-exec-9] s.w.s.m.m.a.RequestMappingHandlerMapping : Mapped to com.asistencia_el_salvador.web_app_asistencia.controller.EmpresaAfiliadaController#listarPromocionesCliente(String, Model, HttpSession)
2026-06-19T21:43:40.796-06:00  INFO 12424 --- [SpringApplicationShutdownHook] o.s.b.w.e.tomcat.GracefulShutdown        : Commencing graceful shutdown. Waiting for active requests to complete
2026-06-19T21:43:40.804-06:00  INFO 12424 --- [tomcat-shutdown] o.s.b.w.e.tomcat.GracefulShutdown        : Graceful shutdown complete
2026-06-19T21:43:40.806-06:00  INFO 12424 --- [SpringApplicationShutdownHook] o.s.m.s.b.SimpleBrokerMessageHandler     : Stopping...
2026-06-19T21:43:40.806-06:00  INFO 12424 --- [SpringApplicationShutdownHook] o.s.m.s.b.SimpleBrokerMessageHandler     : BrokerAvailabilityEvent[available=false, SimpleBrokerMessageHandler [org.springframework.messaging.simp.broker.DefaultSubscriptionRegistry@1cf1a628]]
2026-06-19T21:43:40.806-06:00  INFO 12424 --- [SpringApplicationShutdownHook] o.s.m.s.b.SimpleBrokerMessageHandler     : Stopped.
2026-06-19T21:43:40.816-06:00  INFO 12424 --- [SpringApplicationShutdownHook] j.LocalContainerEntityManagerFactoryBean : Closing JPA EntityManagerFactory for persistence unit 'default'
2026-06-19T21:43:40.826-06:00  INFO 12424 --- [SpringApplicationShutdownHook] com.zaxxer.hikari.HikariDataSource       : HikariPool-1 - Shutdown initiated...
2026-06-19T21:43:40.908-06:00  INFO 12424 --- [SpringApplicationShutdownHook] com.zaxxer.hikari.HikariDataSource       : HikariPool-1 - Shutdown completed.
